customer_id,city,signup_date,age_group,loyalty_tier
C00001,Delhi,2026-01-09,18-25,Platinum
C00002,Chennai,2025-07-10,26-35,Gold
C00003,Hyderabad,2025-03-15,46-60,Silver
C00004,Bangalore,2025-07-29,26-35,Silver
C00005,Chennai,2025-02-09,26-35,Gold
C00006,Bangalore,2025-02-10,36-45,Silver
C00007,Chennai,2026-04-24,18-25,Silver
C00008,Hyderabad,2025-03-23,46-60,Silver
C00009,Chennai,2024-05-28,18-25,Silver
C00010,Hyderabad,2025-10-23,46-60,Silver
C00011,Bangalore,2025-07-15,18-25,Platinum
C00012,Hyderabad,2024-09-01,36-45,Silver
C00013,Mumbai,2025-05-24,26-35,Silver
C00014,Chennai,2026-02-04,36-45,Silver
C00015,Mumbai,2025-10-07,18-25,Gold
C00016,Mumbai,2026-02-01,26-35,Silver
C00017,Delhi,2026-01-09,46-60,Silver
C00018,Bangalore,2025-06-26,36-45,Gold
C00019,Mumbai,2024-05-25,26-35,Gold
C00020,Chennai,2024-07-17,46-60,Silver
C00021,Mumbai,2026-02-14,36-45,Silver
C00022,Mumbai,2026-03-26,36-45,Platinum
C00023,Mumbai,2026-04-18,36-45,Silver
C00024,Hyderabad,2025-11-20,18-25,Gold
C00025,Mumbai,2025-10-03,18-25,Gold
C00026,Bangalore,2025-05-13,18-25,Silver
C00027,Hyderabad,2025-12-15,18-25,Gold
C00028,Hyderabad,2025-01-01,36-45,Gold
C00029,Delhi,2026-01-17,46-60,Gold
C00030,Delhi,2025-05-10,26-35,Silver
C00031,Bangalore,2026-03-05,18-25,Gold
C00032,Hyderabad,2025-05-25,18-25,Silver
C00033,Bangalore,2026-02-04,26-35,Gold
C00034,Chennai,2026-04-18,46-60,Silver
C00035,Chennai,2026-01-22,46-60,Gold
C00036,Bangalore,2025-02-05,18-25,Silver
C00037,Hyderabad,2025-07-03,36-45,Platinum
C00038,Delhi,2025-09-15,46-60,Gold
C00039,Mumbai,2024-08-19,26-35,Silver
C00040,Mumbai,2024-11-22,18-25,Platinum
C00041,Chennai,2024-09-27,46-60,Silver
C00042,Hyderabad,2025-09-14,18-25,Gold
C00043,Delhi,2024-10-18,46-60,Silver
C00044,Delhi,2024-10-23,18-25,Silver
C00045,Mumbai,2025-05-25,26-35,Gold
C00046,Hyderabad,2024-11-12,18-25,Silver
C00047,Delhi,2024-06-18,36-45,Silver
C00048,Hyderabad,2025-04-01,36-45,Gold
C00049,Mumbai,2025-03-05,18-25,Silver
C00050,Hyderabad,2024-11-21,46-60,Gold
C00051,Chennai,2024-10-13,36-45,Platinum
C00052,Delhi,2025-08-01,26-35,Gold
C00053,Delhi,2024-08-18,46-60,Silver
C00054,Delhi,2025-10-26,26-35,Gold
C00055,Mumbai,2025-07-01,36-45,Gold
C00056,Delhi,2026-01-02,46-60,Gold
C00057,Bangalore,2026-02-12,26-35,Silver
C00058,Hyderabad,2025-06-11,36-45,Platinum
C00059,Mumbai,2024-05-16,26-35,Silver
C00060,Hyderabad,2024-11-15,46-60,Gold
C00061,Hyderabad,2025-02-27,18-25,Silver
C00062,Delhi,2025-08-30,36-45,Gold
C00063,Chennai,2025-10-25,26-35,Gold
C00064,Bangalore,2026-04-24,36-45,Gold
C00065,Hyderabad,2024-07-07,18-25,Gold
C00066,Hyderabad,2025-11-05,18-25,Silver
C00067,Chennai,2024-12-06,36-45,Gold
C00068,Mumbai,2024-10-08,46-60,Silver
C00069,Bangalore,2026-02-12,26-35,Gold
C00070,Chennai,2026-01-24,26-35,Silver
C00071,Hyderabad,2025-03-21,36-45,Gold
C00072,Bangalore,2024-06-11,26-35,Platinum
C00073,Mumbai,2025-12-24,18-25,Gold
C00074,Delhi,2025-08-08,18-25,Gold
C00075,Chennai,2025-01-04,18-25,Silver
C00076,Mumbai,2025-04-30,36-45,Silver
C00077,Chennai,2025-11-07,26-35,Gold
C00078,Chennai,2025-09-27,36-45,Silver
C00079,Delhi,2024-05-17,46-60,Gold
C00080,Delhi,2024-11-02,18-25,Silver
C00081,Delhi,2026-02-16,26-35,Platinum
C00082,Delhi,2025-02-01,18-25,Silver
C00083,Delhi,2026-05-11,26-35,Silver
C00084,Chennai,2025-06-05,46-60,Silver
C00085,Mumbai,2025-08-11,18-25,Silver
C00086,Hyderabad,2025-05-18,26-35,Silver
C00087,Delhi,2025-06-19,18-25,Gold
C00088,Mumbai,2025-05-09,36-45,Silver
C00089,Chennai,2025-06-17,46-60,Silver
C00090,Bangalore,2024-09-15,26-35,Silver
C00091,Delhi,2025-07-29,46-60,Silver
C00092,Bangalore,2025-05-30,18-25,Silver
C00093,Bangalore,2025-05-11,26-35,Silver
C00094,Hyderabad,2026-02-19,18-25,Silver
C00095,Mumbai,2026-03-10,36-45,Silver
C00096,Bangalore,2024-09-18,18-25,Silver
C00097,Hyderabad,2024-06-27,46-60,Silver
C00098,Hyderabad,2024-10-06,36-45,Silver
C00099,Hyderabad,2026-01-13,26-35,Silver
C00100,Hyderabad,2025-11-25,36-45,Platinum
C00101,Chennai,2025-04-12,26-35,Platinum
C00102,Hyderabad,2025-06-10,36-45,Silver
C00103,Hyderabad,2025-10-06,36-45,Silver
C00104,Delhi,2026-04-26,46-60,Silver
C00105,Hyderabad,2024-06-04,36-45,Silver
C00106,Mumbai,2025-12-14,18-25,Silver
C00107,Chennai,2025-01-11,46-60,Silver
C00108,Bangalore,2025-03-20,26-35,Silver
C00109,Bangalore,2024-12-26,46-60,Silver
C00110,Chennai,2026-03-08,46-60,Silver
C00111,Bangalore,2026-04-17,18-25,Silver
C00112,Chennai,2025-09-20,46-60,Gold
C00113,Delhi,2024-12-30,36-45,Silver
C00114,Mumbai,2026-04-02,18-25,Silver
C00115,Bangalore,2025-11-08,46-60,Silver
C00116,Delhi,2025-06-20,36-45,Silver
C00117,Bangalore,2024-12-09,36-45,Silver
C00118,Chennai,2026-01-10,18-25,Platinum
C00119,Delhi,2025-12-08,46-60,Silver
C00120,Mumbai,2026-05-03,18-25,Silver
C00121,Bangalore,2024-10-27,26-35,Gold
C00122,Chennai,2025-02-07,26-35,Gold
C00123,Delhi,2024-06-14,46-60,Silver
C00124,Hyderabad,2025-05-30,26-35,Gold
C00125,Chennai,2025-12-01,46-60,Silver
C00126,Hyderabad,2026-04-24,36-45,Silver
C00127,Delhi,2025-08-29,46-60,Silver
C00128,Mumbai,2024-06-27,18-25,Platinum
C00129,Chennai,2026-01-06,36-45,Silver
C00130,Delhi,2026-01-01,18-25,Gold
C00131,Bangalore,2024-07-02,18-25,Silver
C00132,Bangalore,2026-05-15,18-25,Silver
C00133,Hyderabad,2025-03-18,18-25,Silver
C00134,Bangalore,2025-07-05,18-25,Silver
C00135,Mumbai,2025-07-20,18-25,Silver
C00136,Hyderabad,2025-05-21,36-45,Gold
C00137,Delhi,2024-10-16,46-60,Silver
C00138,Hyderabad,2026-05-12,26-35,Silver
C00139,Hyderabad,2025-06-11,26-35,Silver
C00140,Mumbai,2024-11-28,18-25,Gold
C00141,Bangalore,2026-02-01,18-25,Gold
C00142,Bangalore,2025-03-22,26-35,Silver
C00143,Bangalore,2025-02-25,46-60,Gold
C00144,Chennai,2024-05-27,36-45,Gold
C00145,Chennai,2024-10-14,46-60,Silver
C00146,Hyderabad,2025-01-25,46-60,Platinum
C00147,Delhi,2025-06-11,26-35,Silver
C00148,Delhi,2025-09-30,26-35,Silver
C00149,Chennai,2024-11-04,36-45,Silver
C00150,Chennai,2025-01-11,46-60,Silver
C00151,Delhi,2026-01-10,18-25,Silver
C00152,Delhi,2025-05-22,46-60,Silver
C00153,Chennai,2025-05-25,26-35,Silver
C00154,Hyderabad,2025-12-31,26-35,Gold
C00155,Bangalore,2024-08-17,18-25,Platinum
C00156,Chennai,2024-06-19,46-60,Gold
C00157,Mumbai,2026-05-04,18-25,Silver
C00158,Delhi,2024-09-21,18-25,Silver
C00159,Hyderabad,2025-06-11,46-60,Gold
C00160,Delhi,2025-10-11,36-45,Silver
C00161,Hyderabad,2024-08-17,18-25,Gold
C00162,Chennai,2025-07-25,26-35,Silver
C00163,Bangalore,2025-12-15,46-60,Silver
C00164,Delhi,2025-12-10,18-25,Silver
C00165,Delhi,2024-09-01,26-35,Gold
C00166,Bangalore,2026-04-18,18-25,Silver
C00167,Bangalore,2026-02-07,36-45,Gold
C00168,Delhi,2024-06-08,18-25,Gold
C00169,Delhi,2026-01-08,36-45,Silver
C00170,Hyderabad,2024-11-19,18-25,Gold
C00171,Hyderabad,2024-05-27,26-35,Silver
C00172,Mumbai,2025-03-01,46-60,Silver
C00173,Bangalore,2024-07-10,26-35,Silver
C00174,Bangalore,2025-05-03,26-35,Gold
C00175,Chennai,2025-08-12,26-35,Gold
C00176,Chennai,2025-11-24,18-25,Silver
C00177,Bangalore,2025-11-13,36-45,Silver
C00178,Chennai,2026-05-05,36-45,Silver
C00179,Hyderabad,2025-04-13,46-60,Silver
C00180,Mumbai,2024-09-19,18-25,Gold
C00181,Bangalore,2025-04-07,18-25,Silver
C00182,Hyderabad,2025-07-06,18-25,Gold
C00183,Bangalore,2026-04-21,18-25,Silver
C00184,Mumbai,2026-04-30,26-35,Silver
C00185,Hyderabad,2025-12-08,36-45,Silver
C00186,Chennai,2026-03-14,18-25,Silver
C00187,Chennai,2026-02-16,18-25,Platinum
C00188,Chennai,2026-04-28,36-45,Gold
C00189,Chennai,2026-03-17,46-60,Silver
C00190,Mumbai,2025-03-29,36-45,Gold
C00191,Hyderabad,2024-08-25,18-25,Silver
C00192,Bangalore,2024-06-22,18-25,Silver
C00193,Mumbai,2024-11-19,26-35,Silver
C00194,Bangalore,2025-05-19,36-45,Silver
C00195,Delhi,2026-03-11,46-60,Silver
C00196,Bangalore,2025-02-12,46-60,Silver
C00197,Chennai,2025-11-04,36-45,Gold
C00198,Mumbai,2025-09-14,36-45,Gold
C00199,Bangalore,2024-11-08,36-45,Silver
C00200,Chennai,2026-03-31,18-25,Gold
C00201,Delhi,2025-01-25,26-35,Silver
C00202,Delhi,2025-12-07,36-45,Gold
C00203,Chennai,2026-04-20,18-25,Silver
C00204,Bangalore,2025-07-28,26-35,Gold
C00205,Bangalore,2026-04-12,18-25,Silver
C00206,Delhi,2026-01-15,36-45,Silver
C00207,Hyderabad,2024-10-19,18-25,Gold
C00208,Hyderabad,2024-07-18,36-45,Silver
C00209,Delhi,2026-02-21,36-45,Gold
C00210,Chennai,2024-06-28,26-35,Gold
C00211,Mumbai,2025-08-28,36-45,Gold
C00212,Delhi,2025-10-30,36-45,Gold
C00213,Hyderabad,2024-05-31,46-60,Silver
C00214,Mumbai,2026-02-14,26-35,Silver
C00215,Bangalore,2024-12-20,46-60,Silver
C00216,Bangalore,2025-07-29,36-45,Silver
C00217,Bangalore,2025-02-06,26-35,Silver
C00218,Mumbai,2025-06-08,26-35,Silver
C00219,Chennai,2024-10-19,36-45,Gold
C00220,Mumbai,2025-07-15,36-45,Silver
C00221,Delhi,2025-04-19,46-60,Gold
C00222,Delhi,2026-03-21,26-35,Gold
C00223,Mumbai,2025-01-10,18-25,Silver
C00224,Bangalore,2026-01-04,26-35,Platinum
C00225,Bangalore,2026-02-17,36-45,Silver
C00226,Chennai,2025-05-06,18-25,Gold
C00227,Chennai,2024-09-15,26-35,Gold
C00228,Mumbai,2025-08-22,26-35,Platinum
C00229,Bangalore,2025-05-17,26-35,Silver
C00230,Mumbai,2026-02-26,26-35,Platinum
C00231,Bangalore,2024-11-19,36-45,Silver
C00232,Mumbai,2025-09-16,46-60,Silver
C00233,Chennai,2025-03-30,36-45,Silver
C00234,Mumbai,2025-02-03,18-25,Silver
C00235,Bangalore,2024-09-08,26-35,Silver
C00236,Delhi,2025-07-01,18-25,Silver
C00237,Bangalore,2026-04-22,18-25,Gold
C00238,Chennai,2026-03-16,18-25,Platinum
C00239,Hyderabad,2024-12-15,26-35,Gold
C00240,Chennai,2025-12-17,26-35,Gold
C00241,Hyderabad,2024-10-30,46-60,Silver
C00242,Hyderabad,2026-04-28,26-35,Silver
C00243,Bangalore,2025-04-15,26-35,Gold
C00244,Mumbai,2025-12-09,36-45,Silver
C00245,Chennai,2025-04-15,46-60,Silver
C00246,Bangalore,2026-03-27,18-25,Gold
C00247,Delhi,2025-12-01,18-25,Gold
C00248,Chennai,2024-08-21,46-60,Silver
C00249,Mumbai,2024-06-03,18-25,Silver
C00250,Hyderabad,2024-08-01,36-45,Gold
C00251,Bangalore,2025-07-05,26-35,Gold
C00252,Chennai,2024-06-30,26-35,Gold
C00253,Delhi,2025-10-25,36-45,Gold
C00254,Hyderabad,2025-01-16,46-60,Gold
C00255,Mumbai,2024-06-08,26-35,Gold
C00256,Mumbai,2025-10-18,46-60,Gold
C00257,Chennai,2025-11-13,18-25,Gold
C00258,Mumbai,2026-04-01,26-35,Gold
C00259,Chennai,2025-11-15,18-25,Silver
C00260,Bangalore,2024-06-22,18-25,Gold
C00261,Mumbai,2024-10-20,46-60,Silver
C00262,Bangalore,2024-09-05,46-60,Silver
C00263,Bangalore,2025-06-08,46-60,Platinum
C00264,Bangalore,2025-07-17,36-45,Silver
C00265,Delhi,2025-06-01,18-25,Silver
C00266,Chennai,2025-06-28,26-35,Gold
C00267,Hyderabad,2026-01-10,46-60,Silver
C00268,Chennai,2024-05-17,18-25,Silver
C00269,Delhi,2024-12-26,18-25,Gold
C00270,Hyderabad,2026-01-31,26-35,Platinum
C00271,Mumbai,2026-04-22,46-60,Silver
C00272,Bangalore,2025-08-17,18-25,Gold
C00273,Mumbai,2026-03-10,18-25,Gold
C00274,Hyderabad,2024-11-11,46-60,Silver
C00275,Delhi,2025-07-15,46-60,Gold
C00276,Chennai,2026-05-01,46-60,Silver
C00277,Mumbai,2025-12-30,36-45,Silver
C00278,Chennai,2026-03-18,36-45,Silver
C00279,Bangalore,2025-04-01,26-35,Silver
C00280,Chennai,2025-06-01,26-35,Silver
C00281,Bangalore,2025-10-10,46-60,Silver
C00282,Mumbai,2024-10-05,36-45,Gold
C00283,Mumbai,2025-07-24,46-60,Gold
C00284,Mumbai,2025-08-24,26-35,Silver
C00285,Bangalore,2026-03-14,18-25,Silver
C00286,Delhi,2026-01-06,18-25,Gold
C00287,Delhi,2025-04-21,36-45,Silver
C00288,Mumbai,2024-06-05,36-45,Silver
C00289,Chennai,2025-11-26,26-35,Silver
C00290,Mumbai,2026-04-21,36-45,Gold
C00291,Delhi,2024-12-01,36-45,Platinum
C00292,Bangalore,2024-06-25,26-35,Silver
C00293,Chennai,2026-04-22,26-35,Gold
C00294,Mumbai,2026-02-16,36-45,Silver
C00295,Mumbai,2024-05-29,36-45,Platinum
C00296,Delhi,2024-10-16,18-25,Silver
C00297,Bangalore,2026-01-21,36-45,Silver
C00298,Hyderabad,2026-02-03,18-25,Gold
C00299,Chennai,2024-12-18,26-35,Gold
C00300,Chennai,2025-01-13,46-60,Gold
C00301,Mumbai,2026-05-15,36-45,Gold
C00302,Delhi,2025-05-23,18-25,Gold
C00303,Mumbai,2025-04-10,36-45,Silver
C00304,Delhi,2024-06-04,46-60,Silver
C00305,Bangalore,2026-04-04,36-45,Platinum
C00306,Delhi,2024-05-28,26-35,Gold
C00307,Hyderabad,2026-05-08,26-35,Silver
C00308,Hyderabad,2024-12-31,36-45,Platinum
C00309,Chennai,2025-05-21,26-35,Gold
C00310,Chennai,2026-04-13,18-25,Gold
C00311,Chennai,2025-01-19,46-60,Gold
C00312,Hyderabad,2024-08-08,36-45,Silver
C00313,Hyderabad,2024-12-12,26-35,Silver
C00314,Bangalore,2025-05-02,26-35,Silver
C00315,Chennai,2025-11-01,26-35,Platinum
C00316,Delhi,2024-06-29,46-60,Gold
C00317,Mumbai,2024-07-05,36-45,Silver
C00318,Mumbai,2024-10-16,36-45,Silver
C00319,Chennai,2025-03-21,18-25,Gold
C00320,Mumbai,2025-09-01,36-45,Gold
C00321,Mumbai,2025-05-17,46-60,Platinum
C00322,Delhi,2025-03-25,18-25,Silver
C00323,Delhi,2025-06-27,18-25,Silver
C00324,Mumbai,2026-04-28,26-35,Silver
C00325,Delhi,2026-03-19,26-35,Silver
C00326,Mumbai,2025-10-27,26-35,Gold
C00327,Bangalore,2025-11-13,26-35,Gold
C00328,Mumbai,2025-10-04,18-25,Silver
C00329,Bangalore,2025-09-05,46-60,Silver
C00330,Chennai,2025-07-14,46-60,Silver
C00331,Chennai,2026-04-23,46-60,Silver
C00332,Chennai,2025-12-26,26-35,Silver
C00333,Chennai,2024-12-10,18-25,Silver
C00334,Chennai,2024-07-12,36-45,Silver
C00335,Delhi,2025-03-31,46-60,Gold
C00336,Mumbai,2025-12-02,46-60,Gold
C00337,Chennai,2025-03-12,18-25,Gold
C00338,Mumbai,2026-02-19,46-60,Gold
C00339,Mumbai,2024-12-03,18-25,Silver
C00340,Chennai,2026-01-19,36-45,Gold
C00341,Chennai,2025-10-11,36-45,Silver
C00342,Delhi,2024-12-04,18-25,Silver
C00343,Delhi,2025-04-02,18-25,Silver
C00344,Delhi,2024-10-13,18-25,Gold
C00345,Hyderabad,2025-07-03,36-45,Silver
C00346,Chennai,2026-02-11,36-45,Gold
C00347,Delhi,2025-01-30,18-25,Gold
C00348,Delhi,2024-07-24,26-35,Silver
C00349,Chennai,2024-05-31,18-25,Platinum
C00350,Mumbai,2025-05-29,26-35,Platinum
C00351,Hyderabad,2025-10-04,46-60,Silver
C00352,Delhi,2025-01-29,46-60,Silver
C00353,Delhi,2024-12-11,18-25,Silver
C00354,Delhi,2025-07-15,36-45,Silver
C00355,Hyderabad,2025-09-05,46-60,Silver
C00356,Delhi,2026-03-13,46-60,Platinum
C00357,Bangalore,2024-10-12,26-35,Gold
C00358,Hyderabad,2024-07-10,26-35,Silver
C00359,Delhi,2024-10-30,26-35,Silver
C00360,Hyderabad,2026-01-26,36-45,Silver
C00361,Chennai,2024-09-08,46-60,Gold
C00362,Mumbai,2025-10-10,26-35,Gold
C00363,Chennai,2025-02-14,18-25,Silver
C00364,Hyderabad,2025-12-13,36-45,Silver
C00365,Bangalore,2026-03-22,36-45,Silver
C00366,Hyderabad,2026-01-06,18-25,Silver
C00367,Hyderabad,2025-12-23,26-35,Gold
C00368,Delhi,2025-11-29,36-45,Silver
C00369,Chennai,2026-04-09,36-45,Gold
C00370,Hyderabad,2026-05-09,26-35,Gold
C00371,Chennai,2025-06-20,26-35,Gold
C00372,Chennai,2025-07-27,26-35,Gold
C00373,Bangalore,2025-06-30,26-35,Silver
C00374,Delhi,2025-07-26,18-25,Gold
C00375,Mumbai,2026-04-06,18-25,Gold
C00376,Mumbai,2024-09-19,36-45,Gold
C00377,Delhi,2024-10-21,26-35,Silver
C00378,Hyderabad,2025-07-22,18-25,Silver
C00379,Bangalore,2026-03-25,18-25,Gold
C00380,Bangalore,2024-09-07,26-35,Silver
C00381,Bangalore,2025-03-07,46-60,Silver
C00382,Mumbai,2025-11-26,26-35,Gold
C00383,Hyderabad,2025-11-11,36-45,Silver
C00384,Hyderabad,2025-01-03,36-45,Silver
C00385,Hyderabad,2025-04-10,26-35,Silver
C00386,Hyderabad,2025-03-11,46-60,Silver
C00387,Mumbai,2025-07-07,36-45,Platinum
C00388,Hyderabad,2025-03-26,26-35,Silver
C00389,Delhi,2026-02-05,26-35,Silver
C00390,Delhi,2025-05-29,36-45,Silver
C00391,Chennai,2026-01-17,46-60,Gold
C00392,Mumbai,2024-11-19,26-35,Gold
C00393,Hyderabad,2026-04-15,46-60,Silver
C00394,Mumbai,2025-08-30,36-45,Silver
C00395,Mumbai,2024-07-22,46-60,Gold
C00396,Chennai,2024-12-27,36-45,Silver
C00397,Delhi,2025-09-18,26-35,Gold
C00398,Mumbai,2026-01-31,26-35,Gold
C00399,Chennai,2025-07-18,36-45,Silver
C00400,Hyderabad,2025-03-15,46-60,Silver
C00401,Delhi,2025-08-20,46-60,Platinum
C00402,Bangalore,2024-10-30,26-35,Gold
C00403,Bangalore,2024-11-05,18-25,Gold
C00404,Bangalore,2024-10-13,26-35,Silver
C00405,Mumbai,2026-05-09,18-25,Gold
C00406,Bangalore,2025-08-30,18-25,Gold
C00407,Mumbai,2024-11-03,18-25,Silver
C00408,Mumbai,2024-06-28,26-35,Silver
C00409,Bangalore,2025-02-20,26-35,Gold
C00410,Delhi,2025-02-19,36-45,Silver
C00411,Bangalore,2024-09-29,18-25,Silver
C00412,Chennai,2025-06-24,36-45,Silver
C00413,Hyderabad,2026-03-15,46-60,Platinum
C00414,Bangalore,2025-02-19,36-45,Silver
C00415,Bangalore,2025-05-16,46-60,Gold
C00416,Hyderabad,2024-07-20,36-45,Gold
C00417,Chennai,2026-02-09,36-45,Gold
C00418,Hyderabad,2025-05-29,46-60,Silver
C00419,Mumbai,2026-05-11,26-35,Silver
C00420,Chennai,2024-09-07,36-45,Silver
C00421,Delhi,2025-09-09,46-60,Silver
C00422,Bangalore,2024-05-21,46-60,Silver
C00423,Hyderabad,2024-08-13,36-45,Silver
C00424,Chennai,2025-01-09,36-45,Silver
C00425,Bangalore,2025-12-08,46-60,Silver
C00426,Hyderabad,2025-07-15,26-35,Silver
C00427,Delhi,2025-09-12,26-35,Gold
C00428,Bangalore,2025-04-11,36-45,Gold
C00429,Bangalore,2024-08-22,18-25,Platinum
C00430,Bangalore,2024-10-25,18-25,Silver
C00431,Delhi,2025-07-27,18-25,Silver
C00432,Bangalore,2026-04-16,46-60,Platinum
C00433,Chennai,2025-08-21,46-60,Gold
C00434,Hyderabad,2025-11-30,36-45,Silver
C00435,Mumbai,2025-07-15,46-60,Silver
C00436,Chennai,2025-04-30,36-45,Gold
C00437,Chennai,2024-10-26,36-45,Gold
C00438,Mumbai,2026-02-01,18-25,Gold
C00439,Delhi,2025-10-09,18-25,Gold
C00440,Mumbai,2025-05-06,46-60,Silver
C00441,Chennai,2024-10-05,18-25,Silver
C00442,Hyderabad,2024-09-20,46-60,Silver
C00443,Bangalore,2024-08-10,26-35,Silver
C00444,Chennai,2025-08-19,36-45,Silver
C00445,Bangalore,2025-08-18,26-35,Silver
C00446,Chennai,2024-07-14,26-35,Silver
C00447,Mumbai,2026-02-05,26-35,Platinum
C00448,Bangalore,2025-05-15,36-45,Silver
C00449,Delhi,2026-02-25,26-35,Silver
C00450,Delhi,2026-01-01,26-35,Silver
C00451,Bangalore,2025-12-20,26-35,Silver
C00452,Bangalore,2025-10-29,36-45,Silver
C00453,Delhi,2025-11-04,46-60,Gold
C00454,Mumbai,2025-04-13,18-25,Silver
C00455,Delhi,2026-01-09,46-60,Gold
C00456,Chennai,2025-05-07,36-45,Silver
C00457,Hyderabad,2025-06-20,46-60,Platinum
C00458,Bangalore,2024-12-15,26-35,Silver
C00459,Chennai,2026-04-26,26-35,Platinum
C00460,Chennai,2024-12-13,26-35,Gold
C00461,Mumbai,2025-09-08,18-25,Silver
C00462,Bangalore,2025-05-06,18-25,Silver
C00463,Hyderabad,2026-03-09,18-25,Gold
C00464,Bangalore,2025-04-26,46-60,Gold
C00465,Chennai,2024-08-27,46-60,Silver
C00466,Bangalore,2025-12-06,18-25,Gold
C00467,Chennai,2024-12-01,26-35,Silver
C00468,Bangalore,2025-10-07,18-25,Silver
C00469,Mumbai,2025-09-17,36-45,Gold
C00470,Hyderabad,2024-12-02,18-25,Silver
C00471,Bangalore,2024-09-17,26-35,Silver
C00472,Mumbai,2025-10-18,18-25,Silver
C00473,Mumbai,2024-06-15,46-60,Silver
C00474,Chennai,2024-07-19,26-35,Platinum
C00475,Delhi,2024-08-08,46-60,Platinum
C00476,Bangalore,2025-01-27,36-45,Silver
C00477,Delhi,2024-11-09,36-45,Silver
C00478,Delhi,2024-10-18,46-60,Platinum
C00479,Bangalore,2025-12-17,26-35,Silver
C00480,Delhi,2025-06-20,36-45,Silver
C00481,Delhi,2026-04-05,46-60,Silver
C00482,Chennai,2026-05-15,26-35,Silver
C00483,Delhi,2025-08-04,36-45,Gold
C00484,Delhi,2024-11-13,18-25,Silver
C00485,Delhi,2024-12-10,46-60,Silver
C00486,Delhi,2024-12-30,18-25,Silver
C00487,Bangalore,2025-11-13,36-45,Gold
C00488,Mumbai,2024-11-09,26-35,Silver
C00489,Bangalore,2024-09-27,46-60,Gold
C00490,Bangalore,2025-06-23,46-60,Silver
C00491,Bangalore,2026-02-24,36-45,Gold
C00492,Hyderabad,2025-02-14,36-45,Silver
C00493,Chennai,2026-02-08,18-25,Gold
C00494,Chennai,2025-10-10,26-35,Silver
C00495,Mumbai,2025-12-20,36-45,Silver
C00496,Delhi,2025-07-12,26-35,Silver
C00497,Chennai,2024-09-17,46-60,Gold
C00498,Hyderabad,2025-02-07,26-35,Gold
C00499,Mumbai,2024-07-11,18-25,Gold
C00500,Chennai,2025-06-02,46-60,Silver
C00501,Delhi,2025-07-21,26-35,Silver
C00502,Bangalore,2025-11-08,46-60,Silver
C00503,Hyderabad,2026-05-10,46-60,Silver
C00504,Hyderabad,2025-11-24,26-35,Silver
C00505,Chennai,2024-09-05,36-45,Silver
C00506,Hyderabad,2025-09-08,18-25,Gold
C00507,Delhi,2025-02-07,18-25,Gold
C00508,Mumbai,2025-02-26,18-25,Platinum
C00509,Bangalore,2026-03-09,26-35,Silver
C00510,Hyderabad,2026-02-07,36-45,Silver
C00511,Hyderabad,2024-09-11,36-45,Silver
C00512,Hyderabad,2024-08-03,18-25,Silver
C00513,Mumbai,2025-07-03,18-25,Platinum
C00514,Bangalore,2024-12-25,36-45,Silver
C00515,Chennai,2025-09-10,18-25,Platinum
C00516,Chennai,2025-11-14,36-45,Silver
C00517,Delhi,2025-06-07,26-35,Silver
C00518,Delhi,2024-09-23,18-25,Silver
C00519,Chennai,2025-01-27,46-60,Silver
C00520,Bangalore,2024-10-16,46-60,Platinum
C00521,Bangalore,2025-11-09,36-45,Silver
C00522,Mumbai,2025-02-06,18-25,Gold
C00523,Mumbai,2024-12-23,46-60,Gold
C00524,Delhi,2025-12-09,26-35,Silver
C00525,Mumbai,2024-05-22,26-35,Silver
C00526,Bangalore,2025-02-20,46-60,Silver
C00527,Chennai,2024-05-18,36-45,Gold
C00528,Mumbai,2025-01-07,46-60,Gold
C00529,Chennai,2025-03-18,26-35,Silver
C00530,Delhi,2025-09-07,36-45,Silver
C00531,Hyderabad,2026-01-07,26-35,Silver
C00532,Hyderabad,2025-02-03,26-35,Silver
C00533,Mumbai,2025-06-08,18-25,Silver
C00534,Mumbai,2025-01-01,46-60,Silver
C00535,Delhi,2026-04-17,18-25,Silver
C00536,Bangalore,2024-05-18,26-35,Gold
C00537,Mumbai,2025-07-25,18-25,Silver
C00538,Bangalore,2025-06-05,18-25,Silver
C00539,Mumbai,2024-08-21,18-25,Gold
C00540,Hyderabad,2025-05-07,26-35,Silver
C00541,Delhi,2026-04-13,46-60,Silver
C00542,Hyderabad,2024-11-08,26-35,Gold
C00543,Delhi,2026-04-10,46-60,Silver
C00544,Mumbai,2025-01-07,18-25,Silver
C00545,Mumbai,2026-01-10,26-35,Silver
C00546,Mumbai,2024-09-20,26-35,Silver
C00547,Chennai,2025-10-25,26-35,Silver
C00548,Hyderabad,2025-07-28,36-45,Gold
C00549,Chennai,2024-09-29,36-45,Silver
C00550,Hyderabad,2025-06-09,26-35,Gold
C00551,Hyderabad,2025-07-19,36-45,Gold
C00552,Delhi,2025-10-04,46-60,Gold
C00553,Chennai,2024-12-25,18-25,Silver
C00554,Hyderabad,2025-12-06,46-60,Gold
C00555,Bangalore,2025-04-10,26-35,Silver
C00556,Hyderabad,2025-12-02,36-45,Silver
C00557,Bangalore,2025-04-30,26-35,Silver
C00558,Hyderabad,2025-08-07,26-35,Silver
C00559,Mumbai,2024-09-15,46-60,Gold
C00560,Delhi,2025-09-11,36-45,Silver
C00561,Bangalore,2025-06-22,46-60,Silver
C00562,Bangalore,2025-08-29,18-25,Silver
C00563,Bangalore,2025-07-20,18-25,Silver
C00564,Bangalore,2026-03-03,18-25,Silver
C00565,Delhi,2024-11-10,36-45,Silver
C00566,Mumbai,2024-12-22,36-45,Silver
C00567,Bangalore,2025-11-04,46-60,Silver
C00568,Chennai,2025-08-28,26-35,Silver
C00569,Chennai,2025-02-05,46-60,Silver
C00570,Hyderabad,2026-05-07,26-35,Silver
C00571,Chennai,2025-11-29,18-25,Gold
C00572,Bangalore,2025-10-29,36-45,Gold
C00573,Mumbai,2025-06-04,26-35,Silver
C00574,Mumbai,2024-05-24,26-35,Gold
C00575,Bangalore,2026-04-25,18-25,Platinum
C00576,Chennai,2024-06-15,46-60,Platinum
C00577,Bangalore,2025-01-27,26-35,Silver
C00578,Delhi,2025-01-31,26-35,Silver
C00579,Bangalore,2025-10-10,18-25,Silver
C00580,Hyderabad,2025-03-11,36-45,Gold
C00581,Hyderabad,2026-01-27,18-25,Silver
C00582,Hyderabad,2025-04-21,26-35,Silver
C00583,Chennai,2025-05-28,36-45,Gold
C00584,Mumbai,2025-06-30,36-45,Silver
C00585,Delhi,2025-03-08,18-25,Silver
C00586,Delhi,2025-12-25,26-35,Gold
C00587,Chennai,2025-10-31,46-60,Gold
C00588,Bangalore,2026-05-14,46-60,Platinum
C00589,Delhi,2024-09-21,46-60,Silver
C00590,Delhi,2025-08-26,18-25,Platinum
C00591,Mumbai,2024-07-23,46-60,Gold
C00592,Bangalore,2024-09-11,26-35,Silver
C00593,Hyderabad,2024-11-14,26-35,Silver
C00594,Bangalore,2025-12-07,36-45,Gold
C00595,Hyderabad,2024-12-02,36-45,Silver
C00596,Delhi,2025-05-16,26-35,Gold
C00597,Delhi,2025-10-20,26-35,Gold
C00598,Delhi,2025-03-10,46-60,Silver
C00599,Mumbai,2025-10-17,46-60,Gold
C00600,Hyderabad,2024-11-29,26-35,Gold
C00601,Delhi,2026-02-05,18-25,Silver
C00602,Hyderabad,2024-07-27,26-35,Platinum
C00603,Hyderabad,2025-09-12,36-45,Silver
C00604,Bangalore,2024-06-23,26-35,Gold
C00605,Mumbai,2024-11-25,46-60,Platinum
C00606,Hyderabad,2026-03-24,46-60,Silver
C00607,Mumbai,2025-09-01,36-45,Silver
C00608,Delhi,2025-01-10,26-35,Silver
C00609,Mumbai,2025-07-24,36-45,Silver
C00610,Delhi,2024-05-16,26-35,Silver
C00611,Chennai,2025-04-11,18-25,Silver
C00612,Bangalore,2024-09-29,46-60,Gold
C00613,Bangalore,2025-11-22,18-25,Silver
C00614,Delhi,2026-03-14,18-25,Silver
C00615,Hyderabad,2024-12-13,36-45,Platinum
C00616,Mumbai,2026-02-12,36-45,Gold
C00617,Hyderabad,2024-12-26,18-25,Silver
C00618,Bangalore,2024-12-23,26-35,Gold
C00619,Mumbai,2026-01-21,26-35,Gold
C00620,Bangalore,2026-03-29,26-35,Silver
C00621,Chennai,2026-01-02,26-35,Silver
C00622,Mumbai,2024-08-30,18-25,Silver
C00623,Delhi,2025-02-15,18-25,Silver
C00624,Bangalore,2025-08-12,46-60,Silver
C00625,Hyderabad,2024-11-25,18-25,Gold
C00626,Delhi,2026-05-14,26-35,Silver
C00627,Delhi,2025-10-11,18-25,Gold
C00628,Chennai,2024-11-17,46-60,Gold
C00629,Bangalore,2024-09-28,36-45,Gold
C00630,Bangalore,2024-09-20,26-35,Silver
C00631,Bangalore,2025-10-04,18-25,Gold
C00632,Chennai,2025-06-08,18-25,Silver
C00633,Chennai,2025-03-18,46-60,Gold
C00634,Mumbai,2024-06-01,18-25,Gold
C00635,Hyderabad,2024-12-07,18-25,Silver
C00636,Delhi,2025-02-21,26-35,Platinum
C00637,Bangalore,2026-01-16,18-25,Silver
C00638,Chennai,2025-03-14,36-45,Gold
C00639,Delhi,2025-10-05,18-25,Silver
C00640,Mumbai,2025-12-27,26-35,Gold
C00641,Hyderabad,2025-06-29,36-45,Silver
C00642,Delhi,2025-09-24,46-60,Platinum
C00643,Delhi,2025-04-18,18-25,Silver
C00644,Bangalore,2024-10-14,26-35,Gold
C00645,Hyderabad,2024-10-25,26-35,Silver
C00646,Delhi,2025-07-27,26-35,Silver
C00647,Chennai,2025-01-11,18-25,Silver
C00648,Bangalore,2024-10-20,46-60,Silver
C00649,Mumbai,2025-01-14,46-60,Silver
C00650,Chennai,2025-04-10,18-25,Silver
C00651,Hyderabad,2025-11-22,18-25,Silver
C00652,Chennai,2025-07-31,18-25,Gold
C00653,Hyderabad,2025-03-13,36-45,Gold
C00654,Mumbai,2024-11-20,36-45,Silver
C00655,Mumbai,2025-04-08,18-25,Gold
C00656,Chennai,2025-11-28,36-45,Silver
C00657,Hyderabad,2025-06-23,18-25,Gold
C00658,Hyderabad,2024-10-14,26-35,Platinum
C00659,Mumbai,2025-01-31,36-45,Platinum
C00660,Hyderabad,2024-08-22,26-35,Gold
C00661,Mumbai,2024-11-10,18-25,Silver
C00662,Mumbai,2025-03-08,18-25,Silver
C00663,Delhi,2025-09-07,26-35,Platinum
C00664,Hyderabad,2025-06-11,36-45,Gold
C00665,Bangalore,2025-06-05,46-60,Silver
C00666,Chennai,2025-05-31,46-60,Silver
C00667,Mumbai,2025-02-11,36-45,Platinum
C00668,Delhi,2026-01-27,26-35,Silver
C00669,Delhi,2024-05-22,36-45,Gold
C00670,Delhi,2024-12-08,26-35,Gold
C00671,Chennai,2026-03-18,46-60,Silver
C00672,Bangalore,2025-09-09,18-25,Silver
C00673,Mumbai,2025-09-21,46-60,Silver
C00674,Mumbai,2025-10-01,36-45,Gold
C00675,Bangalore,2024-10-30,26-35,Silver
C00676,Hyderabad,2024-10-31,46-60,Silver
C00677,Mumbai,2025-06-02,26-35,Gold
C00678,Hyderabad,2024-10-12,26-35,Silver
C00679,Hyderabad,2025-01-05,36-45,Gold
C00680,Chennai,2025-12-29,18-25,Silver
C00681,Delhi,2025-08-25,26-35,Silver
C00682,Hyderabad,2024-09-01,18-25,Silver
C00683,Mumbai,2024-07-07,36-45,Platinum
C00684,Hyderabad,2024-06-14,26-35,Silver
C00685,Bangalore,2025-03-24,26-35,Silver
C00686,Mumbai,2025-01-24,18-25,Silver
C00687,Mumbai,2024-05-22,36-45,Silver
C00688,Chennai,2024-09-27,36-45,Silver
C00689,Hyderabad,2024-05-19,18-25,Silver
C00690,Bangalore,2025-01-15,36-45,Gold
C00691,Delhi,2024-10-11,36-45,Silver
C00692,Mumbai,2025-06-27,26-35,Platinum
C00693,Hyderabad,2026-04-22,36-45,Silver
C00694,Mumbai,2025-09-03,18-25,Silver
C00695,Delhi,2024-07-15,26-35,Gold
C00696,Mumbai,2026-03-18,18-25,Silver
C00697,Mumbai,2024-11-26,26-35,Gold
C00698,Chennai,2025-11-10,26-35,Gold
C00699,Delhi,2025-04-04,26-35,Silver
C00700,Mumbai,2025-03-03,36-45,Gold
C00701,Chennai,2025-07-07,18-25,Silver
C00702,Delhi,2026-03-28,18-25,Gold
C00703,Delhi,2024-07-26,46-60,Silver
C00704,Bangalore,2026-01-06,36-45,Silver
C00705,Bangalore,2026-04-14,26-35,Silver
C00706,Mumbai,2026-01-08,36-45,Silver
C00707,Chennai,2025-12-18,26-35,Silver
C00708,Hyderabad,2025-08-26,18-25,Silver
C00709,Chennai,2025-06-21,46-60,Gold
C00710,Mumbai,2026-04-08,26-35,Platinum
C00711,Delhi,2024-05-17,36-45,Gold
C00712,Hyderabad,2024-10-30,18-25,Silver
C00713,Mumbai,2024-05-24,46-60,Gold
C00714,Delhi,2025-07-31,18-25,Platinum
C00715,Mumbai,2025-07-27,26-35,Silver
C00716,Chennai,2025-08-24,18-25,Gold
C00717,Bangalore,2025-03-15,18-25,Silver
C00718,Delhi,2025-03-09,36-45,Silver
C00719,Hyderabad,2025-01-09,26-35,Gold
C00720,Hyderabad,2026-02-16,46-60,Platinum
C00721,Delhi,2024-11-14,26-35,Silver
C00722,Mumbai,2025-11-17,46-60,Gold
C00723,Bangalore,2024-12-31,36-45,Silver
C00724,Delhi,2024-10-07,18-25,Gold
C00725,Mumbai,2024-09-01,26-35,Silver
C00726,Chennai,2024-08-20,18-25,Gold
C00727,Hyderabad,2024-07-01,36-45,Silver
C00728,Bangalore,2025-09-23,26-35,Silver
C00729,Chennai,2025-01-04,46-60,Platinum
C00730,Delhi,2026-03-23,46-60,Silver
C00731,Mumbai,2026-02-04,36-45,Platinum
C00732,Delhi,2025-10-24,36-45,Silver
C00733,Hyderabad,2025-03-08,26-35,Silver
C00734,Hyderabad,2026-01-05,36-45,Silver
C00735,Bangalore,2025-10-02,26-35,Silver
C00736,Delhi,2024-10-17,18-25,Gold
C00737,Hyderabad,2025-03-06,26-35,Gold
C00738,Mumbai,2024-11-25,46-60,Silver
C00739,Mumbai,2025-04-28,36-45,Silver
C00740,Hyderabad,2025-08-07,18-25,Silver
C00741,Delhi,2024-07-30,36-45,Gold
C00742,Hyderabad,2025-06-05,36-45,Silver
C00743,Mumbai,2024-11-08,36-45,Silver
C00744,Mumbai,2025-12-31,26-35,Gold
C00745,Hyderabad,2025-12-03,36-45,Gold
C00746,Hyderabad,2024-12-13,26-35,Silver
C00747,Bangalore,2025-05-19,46-60,Gold
C00748,Delhi,2026-01-11,36-45,Gold
C00749,Chennai,2024-05-27,18-25,Silver
C00750,Mumbai,2025-09-28,46-60,Silver
C00751,Chennai,2025-08-21,18-25,Gold
C00752,Bangalore,2024-06-23,46-60,Silver
C00753,Hyderabad,2025-10-22,36-45,Gold
C00754,Bangalore,2025-08-28,26-35,Gold
C00755,Hyderabad,2024-12-18,46-60,Gold
C00756,Hyderabad,2024-10-04,26-35,Gold
C00757,Chennai,2025-09-17,18-25,Silver
C00758,Delhi,2025-06-22,18-25,Silver
C00759,Hyderabad,2024-07-19,46-60,Silver
C00760,Bangalore,2024-11-11,46-60,Silver
C00761,Chennai,2025-06-07,46-60,Silver
C00762,Delhi,2025-04-04,46-60,Gold
C00763,Hyderabad,2025-03-30,36-45,Gold
C00764,Hyderabad,2024-11-02,26-35,Platinum
C00765,Bangalore,2026-02-26,18-25,Gold
C00766,Delhi,2025-11-19,18-25,Silver
C00767,Mumbai,2024-09-15,18-25,Silver
C00768,Bangalore,2025-08-31,36-45,Silver
C00769,Bangalore,2026-02-09,26-35,Gold
C00770,Hyderabad,2024-10-13,18-25,Gold
C00771,Hyderabad,2026-01-30,36-45,Silver
C00772,Chennai,2024-05-31,26-35,Gold
C00773,Hyderabad,2025-08-18,18-25,Gold
C00774,Chennai,2024-07-06,18-25,Silver
C00775,Mumbai,2024-06-22,18-25,Silver
C00776,Hyderabad,2025-11-14,46-60,Gold
C00777,Hyderabad,2025-03-11,26-35,Platinum
C00778,Delhi,2025-05-09,46-60,Silver
C00779,Mumbai,2024-08-02,36-45,Silver
C00780,Bangalore,2026-02-28,36-45,Silver
C00781,Mumbai,2025-09-05,36-45,Silver
C00782,Delhi,2025-12-10,46-60,Gold
C00783,Bangalore,2024-07-14,36-45,Gold
C00784,Delhi,2026-02-14,36-45,Gold
C00785,Hyderabad,2025-07-20,26-35,Gold
C00786,Mumbai,2024-07-01,36-45,Silver
C00787,Chennai,2026-05-10,26-35,Gold
C00788,Delhi,2025-03-13,26-35,Silver
C00789,Mumbai,2024-08-25,36-45,Silver
C00790,Bangalore,2024-12-24,26-35,Silver
C00791,Mumbai,2024-08-03,46-60,Silver
C00792,Chennai,2025-03-30,26-35,Silver
C00793,Chennai,2025-01-28,46-60,Silver
C00794,Hyderabad,2025-07-12,36-45,Silver
C00795,Mumbai,2024-12-11,36-45,Silver
C00796,Chennai,2024-06-07,36-45,Gold
C00797,Hyderabad,2026-02-07,18-25,Silver
C00798,Hyderabad,2025-08-22,36-45,Silver
C00799,Delhi,2025-09-18,26-35,Gold
C00800,Mumbai,2024-09-06,26-35,Gold
C00801,Hyderabad,2024-11-24,46-60,Silver
C00802,Hyderabad,2025-07-01,46-60,Silver
C00803,Mumbai,2025-07-16,46-60,Silver
C00804,Chennai,2024-08-12,46-60,Silver
C00805,Hyderabad,2025-06-28,18-25,Gold
C00806,Bangalore,2025-04-05,26-35,Silver
C00807,Chennai,2026-01-18,36-45,Silver
C00808,Chennai,2024-08-16,46-60,Gold
C00809,Mumbai,2026-01-25,46-60,Silver
C00810,Mumbai,2025-11-07,26-35,Silver
C00811,Mumbai,2024-08-08,36-45,Gold
C00812,Chennai,2026-05-15,18-25,Silver
C00813,Delhi,2024-11-26,36-45,Silver
C00814,Delhi,2025-02-15,46-60,Platinum
C00815,Mumbai,2025-06-25,36-45,Gold
C00816,Hyderabad,2026-04-27,36-45,Silver
C00817,Delhi,2024-09-30,36-45,Silver
C00818,Bangalore,2024-10-06,18-25,Silver
C00819,Hyderabad,2025-11-22,36-45,Platinum
C00820,Bangalore,2026-05-05,46-60,Platinum
C00821,Chennai,2025-11-25,36-45,Silver
C00822,Delhi,2025-07-15,36-45,Gold
C00823,Chennai,2026-04-02,18-25,Silver
C00824,Delhi,2025-08-15,36-45,Silver
C00825,Bangalore,2024-06-02,46-60,Silver
C00826,Hyderabad,2025-04-23,18-25,Platinum
C00827,Mumbai,2025-01-11,46-60,Silver
C00828,Mumbai,2024-10-07,36-45,Silver
C00829,Hyderabad,2025-05-03,18-25,Gold
C00830,Bangalore,2025-04-10,18-25,Silver
C00831,Bangalore,2025-08-09,46-60,Gold
C00832,Mumbai,2026-02-08,26-35,Silver
C00833,Delhi,2024-05-28,46-60,Gold
C00834,Bangalore,2024-05-21,46-60,Platinum
C00835,Hyderabad,2025-07-02,18-25,Silver
C00836,Delhi,2025-10-05,18-25,Silver
C00837,Mumbai,2025-11-23,18-25,Silver
C00838,Bangalore,2024-09-17,26-35,Gold
C00839,Bangalore,2025-06-30,26-35,Silver
C00840,Chennai,2026-01-28,26-35,Silver
C00841,Chennai,2026-01-29,36-45,Silver
C00842,Bangalore,2025-05-07,46-60,Silver
C00843,Hyderabad,2025-10-14,46-60,Gold
C00844,Hyderabad,2025-02-17,36-45,Gold
C00845,Hyderabad,2025-10-10,36-45,Silver
C00846,Hyderabad,2024-08-02,36-45,Gold
C00847,Hyderabad,2026-01-20,26-35,Silver
C00848,Delhi,2025-03-25,46-60,Platinum
C00849,Mumbai,2025-09-06,18-25,Silver
C00850,Hyderabad,2025-10-13,46-60,Platinum
C00851,Hyderabad,2024-09-05,18-25,Gold
C00852,Bangalore,2025-02-02,26-35,Gold
C00853,Delhi,2025-12-23,26-35,Silver
C00854,Hyderabad,2026-01-22,18-25,Silver
C00855,Mumbai,2024-07-30,18-25,Silver
C00856,Bangalore,2025-07-05,18-25,Silver
C00857,Mumbai,2025-02-26,26-35,Platinum
C00858,Mumbai,2025-11-17,26-35,Gold
C00859,Delhi,2026-01-27,46-60,Gold
C00860,Mumbai,2026-05-05,26-35,Silver
C00861,Hyderabad,2024-12-14,46-60,Silver
C00862,Bangalore,2025-12-02,26-35,Silver
C00863,Delhi,2025-04-11,26-35,Silver
C00864,Delhi,2025-02-04,46-60,Silver
C00865,Hyderabad,2026-02-06,46-60,Platinum
C00866,Delhi,2026-04-11,46-60,Silver
C00867,Chennai,2024-07-25,18-25,Gold
C00868,Chennai,2024-09-22,18-25,Silver
C00869,Delhi,2026-02-04,26-35,Silver
C00870,Hyderabad,2025-08-23,36-45,Gold
C00871,Delhi,2025-09-24,46-60,Silver
C00872,Delhi,2026-03-03,26-35,Gold
C00873,Delhi,2026-05-12,18-25,Silver
C00874,Mumbai,2024-06-24,26-35,Gold
C00875,Hyderabad,2024-11-26,36-45,Silver
C00876,Hyderabad,2026-05-03,46-60,Silver
C00877,Hyderabad,2026-02-26,18-25,Platinum
C00878,Bangalore,2025-08-19,46-60,Platinum
C00879,Bangalore,2025-12-02,36-45,Silver
C00880,Mumbai,2025-07-01,36-45,Gold
C00881,Delhi,2024-10-18,18-25,Silver
C00882,Bangalore,2026-04-05,36-45,Silver
C00883,Delhi,2025-09-19,18-25,Silver
C00884,Mumbai,2024-07-17,18-25,Silver
C00885,Hyderabad,2024-10-03,46-60,Silver
C00886,Chennai,2024-05-25,18-25,Silver
C00887,Delhi,2025-12-04,36-45,Gold
C00888,Mumbai,2024-07-10,46-60,Platinum
C00889,Hyderabad,2024-10-12,26-35,Platinum
C00890,Hyderabad,2026-03-12,18-25,Platinum
C00891,Hyderabad,2025-06-08,36-45,Silver
C00892,Delhi,2024-11-10,26-35,Silver
C00893,Bangalore,2025-10-06,36-45,Silver
C00894,Bangalore,2025-06-14,36-45,Gold
C00895,Mumbai,2025-06-21,18-25,Gold
C00896,Mumbai,2026-03-26,36-45,Gold
C00897,Bangalore,2026-02-15,46-60,Silver
C00898,Hyderabad,2026-04-01,26-35,Silver
C00899,Bangalore,2025-06-01,46-60,Silver
C00900,Hyderabad,2024-08-12,26-35,Gold
C00901,Mumbai,2025-11-15,46-60,Silver
C00902,Bangalore,2025-03-02,18-25,Silver
C00903,Chennai,2025-02-02,26-35,Silver
C00904,Mumbai,2024-11-01,18-25,Silver
C00905,Bangalore,2025-08-06,36-45,Silver
C00906,Delhi,2026-04-21,46-60,Platinum
C00907,Bangalore,2024-10-11,26-35,Silver
C00908,Bangalore,2025-09-08,18-25,Silver
C00909,Delhi,2025-06-07,26-35,Gold
C00910,Chennai,2025-12-20,36-45,Gold
C00911,Delhi,2024-07-02,18-25,Silver
C00912,Hyderabad,2026-02-18,26-35,Platinum
C00913,Bangalore,2025-03-13,26-35,Gold
C00914,Hyderabad,2024-07-14,26-35,Silver
C00915,Mumbai,2025-05-31,46-60,Silver
C00916,Delhi,2025-11-12,26-35,Gold
C00917,Chennai,2025-03-29,26-35,Silver
C00918,Delhi,2025-03-25,26-35,Silver
C00919,Hyderabad,2025-08-12,36-45,Silver
C00920,Delhi,2025-06-01,36-45,Silver
C00921,Bangalore,2025-04-16,26-35,Silver
C00922,Chennai,2025-10-16,36-45,Silver
C00923,Hyderabad,2025-12-08,36-45,Silver
C00924,Delhi,2025-06-27,46-60,Gold
C00925,Bangalore,2024-05-17,26-35,Silver
C00926,Hyderabad,2025-04-21,26-35,Platinum
C00927,Mumbai,2024-09-25,46-60,Gold
C00928,Hyderabad,2025-02-09,18-25,Gold
C00929,Bangalore,2025-11-29,26-35,Silver
C00930,Mumbai,2024-07-26,36-45,Silver
C00931,Chennai,2025-08-15,46-60,Gold
C00932,Delhi,2025-04-20,26-35,Gold
C00933,Chennai,2024-05-16,18-25,Silver
C00934,Mumbai,2026-01-12,46-60,Silver
C00935,Delhi,2026-05-11,36-45,Gold
C00936,Hyderabad,2024-07-08,18-25,Gold
C00937,Bangalore,2025-07-27,26-35,Silver
C00938,Chennai,2024-07-29,36-45,Gold
C00939,Bangalore,2025-08-09,18-25,Silver
C00940,Hyderabad,2024-07-12,18-25,Silver
C00941,Delhi,2025-08-02,18-25,Silver
C00942,Bangalore,2025-08-28,18-25,Platinum
C00943,Chennai,2024-12-16,18-25,Gold
C00944,Chennai,2025-01-22,26-35,Gold
C00945,Bangalore,2025-10-20,26-35,Silver
C00946,Hyderabad,2024-06-08,18-25,Platinum
C00947,Hyderabad,2025-03-05,26-35,Platinum
C00948,Bangalore,2025-11-01,46-60,Gold
C00949,Mumbai,2024-06-12,36-45,Gold
C00950,Hyderabad,2025-08-08,36-45,Silver
C00951,Bangalore,2024-07-01,26-35,Gold
C00952,Bangalore,2024-11-28,26-35,Silver
C00953,Bangalore,2026-02-18,18-25,Silver
C00954,Delhi,2025-05-21,36-45,Silver
C00955,Delhi,2025-01-07,26-35,Silver
C00956,Chennai,2025-08-13,46-60,Silver
C00957,Hyderabad,2025-11-05,26-35,Gold
C00958,Hyderabad,2026-01-03,26-35,Gold
C00959,Hyderabad,2025-05-29,46-60,Silver
C00960,Chennai,2025-01-24,46-60,Silver
C00961,Bangalore,2024-12-08,18-25,Silver
C00962,Delhi,2026-02-02,18-25,Gold
C00963,Bangalore,2026-02-24,18-25,Silver
C00964,Chennai,2025-06-28,46-60,Silver
C00965,Delhi,2024-08-13,18-25,Gold
C00966,Hyderabad,2025-07-21,36-45,Platinum
C00967,Delhi,2025-10-29,36-45,Silver
C00968,Mumbai,2026-04-04,26-35,Gold
C00969,Delhi,2024-08-13,36-45,Silver
C00970,Hyderabad,2025-10-14,18-25,Silver
C00971,Chennai,2024-12-14,26-35,Gold
C00972,Chennai,2025-01-19,26-35,Gold
C00973,Chennai,2026-01-08,18-25,Platinum
C00974,Chennai,2024-12-13,26-35,Gold
C00975,Hyderabad,2026-01-07,18-25,Gold
C00976,Chennai,2024-07-16,36-45,Gold
C00977,Delhi,2025-11-20,36-45,Silver
C00978,Bangalore,2025-04-14,18-25,Gold
C00979,Mumbai,2024-08-28,26-35,Silver
C00980,Chennai,2024-11-23,18-25,Gold
C00981,Bangalore,2024-11-20,26-35,Platinum
C00982,Mumbai,2026-01-29,46-60,Silver
C00983,Mumbai,2025-01-26,18-25,Silver
C00984,Hyderabad,2024-08-13,36-45,Gold
C00985,Bangalore,2024-09-21,26-35,Platinum
C00986,Delhi,2024-07-19,26-35,Gold
C00987,Mumbai,2026-02-09,36-45,Gold
C00988,Delhi,2024-07-05,36-45,Silver
C00989,Mumbai,2024-08-13,26-35,Silver
C00990,Mumbai,2024-09-29,36-45,Gold
C00991,Chennai,2025-06-05,26-35,Silver
C00992,Mumbai,2025-05-06,46-60,Gold
C00993,Bangalore,2024-06-14,36-45,Silver
C00994,Delhi,2025-09-03,26-35,Gold
C00995,Hyderabad,2026-05-05,18-25,Silver
C00996,Mumbai,2025-06-30,18-25,Gold
C00997,Mumbai,2026-03-14,18-25,Gold
C00998,Hyderabad,2024-08-15,36-45,Silver
C00999,Chennai,2026-04-20,36-45,Silver
C01000,Delhi,2025-02-11,46-60,Silver
C01001,Hyderabad,2024-08-29,46-60,Silver
C01002,Chennai,2024-05-25,36-45,Gold
C01003,Mumbai,2025-09-24,46-60,Silver
C01004,Chennai,2024-08-16,46-60,Silver
C01005,Bangalore,2025-06-02,36-45,Silver
C01006,Bangalore,2025-04-06,46-60,Silver
C01007,Chennai,2025-10-05,36-45,Silver
C01008,Chennai,2026-03-10,18-25,Silver
C01009,Chennai,2026-03-20,46-60,Silver
C01010,Mumbai,2024-07-27,18-25,Silver
C01011,Chennai,2026-01-07,46-60,Gold
C01012,Mumbai,2026-01-09,26-35,Silver
C01013,Delhi,2026-03-12,46-60,Silver
C01014,Chennai,2024-09-17,18-25,Silver
C01015,Delhi,2024-08-04,46-60,Silver
C01016,Hyderabad,2024-08-09,46-60,Silver
C01017,Hyderabad,2025-06-01,46-60,Gold
C01018,Bangalore,2025-04-25,26-35,Gold
C01019,Hyderabad,2026-01-04,26-35,Silver
C01020,Delhi,2025-08-07,46-60,Silver
C01021,Bangalore,2024-12-25,18-25,Gold
C01022,Mumbai,2025-09-03,18-25,Gold
C01023,Delhi,2026-04-27,46-60,Silver
C01024,Bangalore,2025-01-22,18-25,Silver
C01025,Chennai,2025-03-09,46-60,Silver
C01026,Hyderabad,2026-03-06,26-35,Gold
C01027,Hyderabad,2026-01-20,26-35,Silver
C01028,Hyderabad,2025-03-12,26-35,Gold
C01029,Chennai,2025-07-12,18-25,Gold
C01030,Hyderabad,2026-03-23,18-25,Platinum
C01031,Delhi,2024-09-12,18-25,Silver
C01032,Mumbai,2024-09-13,26-35,Silver
C01033,Delhi,2024-05-24,46-60,Gold
C01034,Hyderabad,2026-05-13,18-25,Silver
C01035,Mumbai,2025-06-18,46-60,Silver
C01036,Chennai,2025-10-07,36-45,Silver
C01037,Mumbai,2024-12-03,26-35,Gold
C01038,Delhi,2025-11-03,26-35,Gold
C01039,Chennai,2026-02-19,26-35,Gold
C01040,Bangalore,2025-12-11,18-25,Silver
C01041,Chennai,2026-02-08,36-45,Silver
C01042,Mumbai,2025-05-22,26-35,Gold
C01043,Bangalore,2026-03-10,26-35,Silver
C01044,Chennai,2025-05-18,36-45,Platinum
C01045,Delhi,2025-11-05,46-60,Silver
C01046,Bangalore,2025-02-07,36-45,Gold
C01047,Hyderabad,2025-01-25,36-45,Gold
C01048,Chennai,2025-06-13,36-45,Platinum
C01049,Mumbai,2024-12-19,18-25,Silver
C01050,Bangalore,2025-12-25,26-35,Gold
C01051,Delhi,2024-11-09,36-45,Silver
C01052,Hyderabad,2025-05-09,46-60,Silver
C01053,Delhi,2024-05-19,18-25,Silver
C01054,Mumbai,2025-10-24,18-25,Gold
C01055,Mumbai,2026-01-26,46-60,Silver
C01056,Mumbai,2025-03-31,46-60,Gold
C01057,Mumbai,2025-11-27,26-35,Silver
C01058,Hyderabad,2026-02-01,18-25,Gold
C01059,Mumbai,2025-01-21,46-60,Gold
C01060,Mumbai,2025-02-09,18-25,Silver
C01061,Chennai,2025-08-19,26-35,Gold
C01062,Bangalore,2025-03-25,36-45,Silver
C01063,Mumbai,2025-06-07,36-45,Gold
C01064,Chennai,2026-03-03,26-35,Silver
C01065,Mumbai,2024-12-27,36-45,Silver
C01066,Hyderabad,2026-03-21,46-60,Silver
C01067,Bangalore,2025-07-24,46-60,Gold
C01068,Chennai,2026-04-13,36-45,Silver
C01069,Delhi,2025-11-24,46-60,Silver
C01070,Bangalore,2025-11-14,36-45,Silver
C01071,Hyderabad,2025-09-30,26-35,Gold
C01072,Bangalore,2024-09-07,26-35,Platinum
C01073,Mumbai,2025-11-28,26-35,Silver
C01074,Hyderabad,2025-07-15,18-25,Gold
C01075,Chennai,2025-04-19,18-25,Silver
C01076,Bangalore,2024-10-11,26-35,Platinum
C01077,Hyderabad,2024-12-31,36-45,Silver
C01078,Delhi,2024-10-10,18-25,Silver
C01079,Mumbai,2025-07-06,26-35,Platinum
C01080,Mumbai,2024-09-26,18-25,Platinum
C01081,Mumbai,2025-08-08,26-35,Platinum
C01082,Mumbai,2025-04-14,26-35,Gold
C01083,Delhi,2025-04-05,18-25,Silver
C01084,Chennai,2025-05-12,18-25,Platinum
C01085,Hyderabad,2026-05-16,46-60,Platinum
C01086,Hyderabad,2026-03-18,18-25,Silver
C01087,Mumbai,2024-11-28,26-35,Gold
C01088,Hyderabad,2026-02-18,36-45,Silver
C01089,Delhi,2026-03-28,18-25,Silver
C01090,Delhi,2025-01-30,18-25,Silver
C01091,Chennai,2025-12-21,18-25,Silver
C01092,Bangalore,2024-12-22,46-60,Silver
C01093,Bangalore,2026-04-29,26-35,Silver
C01094,Delhi,2026-02-21,26-35,Silver
C01095,Mumbai,2024-11-25,36-45,Gold
C01096,Chennai,2025-05-15,26-35,Silver
C01097,Bangalore,2025-07-24,26-35,Silver
C01098,Chennai,2025-03-01,18-25,Silver
C01099,Mumbai,2025-10-17,36-45,Platinum
C01100,Hyderabad,2024-06-15,18-25,Gold
C01101,Chennai,2024-07-16,46-60,Silver
C01102,Bangalore,2026-02-07,36-45,Silver
C01103,Chennai,2025-12-15,46-60,Gold
C01104,Delhi,2025-04-27,26-35,Silver
C01105,Chennai,2026-02-12,36-45,Silver
C01106,Delhi,2024-12-22,46-60,Silver
C01107,Bangalore,2025-01-07,46-60,Silver
C01108,Mumbai,2026-01-16,46-60,Silver
C01109,Chennai,2026-01-21,18-25,Silver
C01110,Mumbai,2025-05-15,18-25,Platinum
C01111,Hyderabad,2024-10-04,46-60,Silver
C01112,Bangalore,2025-02-24,46-60,Silver
C01113,Chennai,2025-08-29,46-60,Silver
C01114,Chennai,2025-10-16,36-45,Silver
C01115,Hyderabad,2025-05-22,18-25,Silver
C01116,Chennai,2025-07-15,18-25,Gold
C01117,Bangalore,2026-02-05,36-45,Silver
C01118,Mumbai,2024-05-17,18-25,Silver
C01119,Mumbai,2026-03-12,18-25,Silver
C01120,Mumbai,2025-07-26,26-35,Gold
C01121,Mumbai,2024-11-10,36-45,Silver
C01122,Chennai,2024-12-08,26-35,Silver
C01123,Hyderabad,2026-01-05,46-60,Gold
C01124,Delhi,2024-10-17,26-35,Gold
C01125,Bangalore,2025-04-11,46-60,Gold
C01126,Delhi,2024-10-13,46-60,Platinum
C01127,Mumbai,2024-07-25,36-45,Silver
C01128,Bangalore,2024-08-07,36-45,Gold
C01129,Chennai,2025-01-19,26-35,Platinum
C01130,Mumbai,2025-08-11,46-60,Platinum
C01131,Hyderabad,2025-02-26,36-45,Platinum
C01132,Delhi,2025-12-27,26-35,Gold
C01133,Chennai,2024-07-15,36-45,Gold
C01134,Delhi,2025-06-28,26-35,Silver
C01135,Mumbai,2025-06-21,26-35,Silver
C01136,Hyderabad,2024-06-14,36-45,Gold
C01137,Mumbai,2026-05-10,36-45,Silver
C01138,Delhi,2024-06-10,18-25,Silver
C01139,Chennai,2026-03-19,18-25,Gold
C01140,Hyderabad,2024-06-06,18-25,Silver
C01141,Bangalore,2026-01-11,46-60,Silver
C01142,Chennai,2025-10-10,26-35,Gold
C01143,Bangalore,2024-06-02,26-35,Silver
C01144,Delhi,2024-08-22,26-35,Silver
C01145,Chennai,2026-01-13,46-60,Gold
C01146,Hyderabad,2025-11-06,18-25,Gold
C01147,Mumbai,2025-10-25,26-35,Silver
C01148,Bangalore,2026-02-11,36-45,Silver
C01149,Bangalore,2024-12-27,46-60,Silver
C01150,Bangalore,2026-01-31,36-45,Silver
C01151,Chennai,2026-02-10,36-45,Silver
C01152,Mumbai,2026-04-24,18-25,Silver
C01153,Mumbai,2025-01-02,46-60,Silver
C01154,Mumbai,2026-04-07,36-45,Gold
C01155,Bangalore,2025-03-06,36-45,Gold
C01156,Chennai,2026-05-16,36-45,Silver
C01157,Delhi,2025-10-20,26-35,Silver
C01158,Hyderabad,2025-01-26,36-45,Silver
C01159,Chennai,2025-08-05,36-45,Gold
C01160,Mumbai,2024-10-06,26-35,Gold
C01161,Chennai,2026-04-23,36-45,Platinum
C01162,Bangalore,2026-05-03,46-60,Gold
C01163,Chennai,2026-04-14,18-25,Silver
C01164,Bangalore,2025-03-02,18-25,Gold
C01165,Delhi,2025-12-04,36-45,Silver
C01166,Hyderabad,2025-05-24,46-60,Silver
C01167,Chennai,2025-05-18,26-35,Silver
C01168,Bangalore,2026-05-11,18-25,Platinum
C01169,Hyderabad,2024-05-29,26-35,Platinum
C01170,Delhi,2025-02-15,36-45,Silver
C01171,Mumbai,2025-11-20,18-25,Silver
C01172,Chennai,2025-07-12,46-60,Silver
C01173,Bangalore,2025-01-27,26-35,Gold
C01174,Mumbai,2025-06-02,18-25,Silver
C01175,Chennai,2024-10-13,46-60,Platinum
C01176,Delhi,2024-06-02,18-25,Silver
C01177,Mumbai,2024-07-22,26-35,Silver
C01178,Mumbai,2025-06-08,36-45,Gold
C01179,Bangalore,2025-08-17,18-25,Silver
C01180,Hyderabad,2024-07-09,36-45,Gold
C01181,Mumbai,2025-09-10,36-45,Silver
C01182,Hyderabad,2025-03-30,46-60,Silver
C01183,Bangalore,2026-02-05,18-25,Silver
C01184,Mumbai,2025-06-25,26-35,Platinum
C01185,Bangalore,2024-10-09,36-45,Silver
C01186,Hyderabad,2024-06-08,26-35,Silver
C01187,Hyderabad,2024-11-03,36-45,Gold
C01188,Bangalore,2025-11-15,46-60,Gold
C01189,Bangalore,2024-08-02,46-60,Gold
C01190,Bangalore,2024-12-14,18-25,Silver
C01191,Chennai,2025-09-03,36-45,Gold
C01192,Chennai,2026-01-27,18-25,Silver
C01193,Hyderabad,2025-06-10,46-60,Gold
C01194,Delhi,2024-09-27,46-60,Silver
C01195,Chennai,2025-01-10,46-60,Silver
C01196,Mumbai,2025-01-29,26-35,Silver
C01197,Hyderabad,2026-04-29,26-35,Platinum
C01198,Chennai,2025-04-21,18-25,Gold
C01199,Chennai,2024-07-18,18-25,Platinum
C01200,Mumbai,2024-05-28,26-35,Silver
C01201,Delhi,2025-01-09,46-60,Silver
C01202,Delhi,2025-07-24,36-45,Silver
C01203,Chennai,2024-12-17,18-25,Gold
C01204,Mumbai,2025-05-20,18-25,Silver
C01205,Hyderabad,2025-01-23,18-25,Gold
C01206,Delhi,2025-06-12,18-25,Silver
C01207,Hyderabad,2024-10-05,18-25,Silver
C01208,Mumbai,2025-08-11,36-45,Silver
C01209,Delhi,2025-05-03,26-35,Silver
C01210,Mumbai,2024-09-06,46-60,Silver
C01211,Hyderabad,2024-09-15,36-45,Silver
C01212,Mumbai,2024-07-30,46-60,Silver
C01213,Chennai,2025-12-17,18-25,Silver
C01214,Chennai,2024-05-28,26-35,Gold
C01215,Chennai,2025-09-02,26-35,Silver
C01216,Delhi,2024-11-21,36-45,Silver
C01217,Delhi,2025-08-23,36-45,Gold
C01218,Bangalore,2025-12-29,26-35,Gold
C01219,Hyderabad,2025-05-31,36-45,Silver
C01220,Chennai,2024-07-11,18-25,Silver
C01221,Mumbai,2025-03-22,46-60,Gold
C01222,Chennai,2026-03-18,26-35,Silver
C01223,Delhi,2026-01-06,18-25,Silver
C01224,Delhi,2024-12-22,18-25,Silver
C01225,Hyderabad,2026-04-02,46-60,Gold
C01226,Hyderabad,2024-09-07,18-25,Silver
C01227,Hyderabad,2025-10-07,46-60,Silver
C01228,Chennai,2025-05-01,26-35,Silver
C01229,Delhi,2025-11-24,26-35,Silver
C01230,Bangalore,2025-02-04,46-60,Silver
C01231,Hyderabad,2025-04-24,36-45,Silver
C01232,Delhi,2025-10-30,36-45,Gold
C01233,Delhi,2025-09-17,46-60,Platinum
C01234,Hyderabad,2025-11-24,26-35,Silver
C01235,Bangalore,2024-09-05,36-45,Silver
C01236,Hyderabad,2025-05-25,18-25,Gold
C01237,Mumbai,2026-01-23,46-60,Silver
C01238,Mumbai,2024-09-26,18-25,Silver
C01239,Hyderabad,2025-08-31,26-35,Platinum
C01240,Mumbai,2025-10-10,46-60,Gold
C01241,Chennai,2026-03-27,18-25,Silver
C01242,Bangalore,2026-04-24,46-60,Gold
C01243,Chennai,2025-03-02,36-45,Platinum
C01244,Bangalore,2025-09-22,18-25,Gold
C01245,Delhi,2026-02-14,36-45,Gold
C01246,Hyderabad,2026-04-27,46-60,Gold
C01247,Bangalore,2025-09-03,18-25,Platinum
C01248,Delhi,2025-10-08,36-45,Silver
C01249,Hyderabad,2025-01-29,36-45,Silver
C01250,Chennai,2026-01-24,18-25,Silver
C01251,Chennai,2025-06-11,18-25,Gold
C01252,Delhi,2025-04-01,36-45,Gold
C01253,Delhi,2024-12-03,46-60,Silver
C01254,Hyderabad,2026-01-26,46-60,Silver
C01255,Delhi,2024-12-11,36-45,Silver
C01256,Hyderabad,2024-11-28,18-25,Silver
C01257,Bangalore,2025-12-31,46-60,Silver
C01258,Hyderabad,2024-08-23,26-35,Silver
C01259,Hyderabad,2025-07-29,18-25,Silver
C01260,Chennai,2025-09-04,26-35,Silver
C01261,Delhi,2025-01-11,26-35,Silver
C01262,Bangalore,2025-09-06,26-35,Silver
C01263,Mumbai,2026-03-15,46-60,Silver
C01264,Chennai,2024-05-24,26-35,Silver
C01265,Delhi,2025-05-22,18-25,Gold
C01266,Delhi,2024-12-22,18-25,Gold
C01267,Hyderabad,2025-09-16,26-35,Silver
C01268,Delhi,2024-08-18,18-25,Silver
C01269,Hyderabad,2025-01-31,18-25,Gold
C01270,Bangalore,2024-10-10,18-25,Gold
C01271,Hyderabad,2025-05-22,18-25,Gold
C01272,Chennai,2025-05-11,36-45,Silver
C01273,Bangalore,2025-06-11,18-25,Gold
C01274,Delhi,2025-10-13,26-35,Silver
C01275,Chennai,2024-09-08,46-60,Silver
C01276,Bangalore,2024-11-26,36-45,Gold
C01277,Hyderabad,2024-05-23,36-45,Silver
C01278,Mumbai,2025-01-08,18-25,Silver
C01279,Mumbai,2025-11-08,18-25,Silver
C01280,Mumbai,2025-01-31,46-60,Gold
C01281,Delhi,2025-11-24,26-35,Silver
C01282,Bangalore,2025-06-27,18-25,Gold
C01283,Hyderabad,2024-07-31,36-45,Gold
C01284,Delhi,2025-06-20,36-45,Gold
C01285,Bangalore,2024-11-09,36-45,Gold
C01286,Chennai,2025-06-30,18-25,Silver
C01287,Chennai,2025-12-21,26-35,Silver
C01288,Bangalore,2025-07-29,46-60,Silver
C01289,Chennai,2025-07-04,26-35,Silver
C01290,Bangalore,2026-05-12,46-60,Silver
C01291,Delhi,2024-10-26,36-45,Silver
C01292,Bangalore,2025-03-22,18-25,Silver
C01293,Mumbai,2024-08-24,36-45,Platinum
C01294,Hyderabad,2025-11-19,18-25,Gold
C01295,Delhi,2025-03-10,36-45,Gold
C01296,Chennai,2026-02-08,18-25,Gold
C01297,Bangalore,2024-05-19,36-45,Silver
C01298,Delhi,2025-01-16,46-60,Silver
C01299,Delhi,2024-07-23,36-45,Silver
C01300,Bangalore,2025-07-23,46-60,Gold
C01301,Mumbai,2024-11-11,26-35,Silver
C01302,Delhi,2025-06-22,26-35,Silver
C01303,Bangalore,2025-08-18,36-45,Silver
C01304,Bangalore,2025-01-01,36-45,Platinum
C01305,Delhi,2025-01-29,18-25,Gold
C01306,Chennai,2026-04-24,26-35,Silver
C01307,Hyderabad,2025-08-06,36-45,Silver
C01308,Mumbai,2026-04-21,26-35,Silver
C01309,Mumbai,2025-07-15,26-35,Gold
C01310,Delhi,2024-06-12,18-25,Silver
C01311,Mumbai,2025-03-03,18-25,Silver
C01312,Chennai,2026-01-15,26-35,Gold
C01313,Hyderabad,2025-05-29,36-45,Gold
C01314,Delhi,2024-06-18,46-60,Gold
C01315,Chennai,2024-11-30,46-60,Silver
C01316,Mumbai,2026-02-25,26-35,Gold
C01317,Bangalore,2025-06-03,26-35,Gold
C01318,Delhi,2025-10-27,18-25,Gold
C01319,Hyderabad,2025-11-06,18-25,Silver
C01320,Hyderabad,2025-09-08,18-25,Gold
C01321,Chennai,2025-09-06,36-45,Platinum
C01322,Mumbai,2025-07-01,18-25,Platinum
C01323,Delhi,2024-11-01,36-45,Silver
C01324,Hyderabad,2026-04-23,46-60,Silver
C01325,Bangalore,2025-09-16,26-35,Gold
C01326,Chennai,2024-11-17,46-60,Silver
C01327,Chennai,2025-02-06,26-35,Silver
C01328,Chennai,2024-12-04,18-25,Silver
C01329,Chennai,2024-09-27,46-60,Silver
C01330,Delhi,2026-05-03,26-35,Platinum
C01331,Bangalore,2025-12-18,46-60,Silver
C01332,Hyderabad,2025-10-08,26-35,Gold
C01333,Hyderabad,2026-02-16,26-35,Silver
C01334,Hyderabad,2025-08-13,36-45,Gold
C01335,Bangalore,2025-09-11,26-35,Silver
C01336,Bangalore,2026-01-02,18-25,Silver
C01337,Mumbai,2024-07-02,46-60,Silver
C01338,Hyderabad,2026-03-14,46-60,Gold
C01339,Mumbai,2024-09-07,46-60,Platinum
C01340,Mumbai,2024-07-02,18-25,Silver
C01341,Delhi,2024-08-22,26-35,Silver
C01342,Mumbai,2025-01-18,46-60,Silver
C01343,Bangalore,2025-12-04,36-45,Platinum
C01344,Bangalore,2025-01-19,46-60,Platinum
C01345,Mumbai,2025-08-24,36-45,Silver
C01346,Hyderabad,2025-11-24,46-60,Platinum
C01347,Delhi,2025-12-27,18-25,Platinum
C01348,Bangalore,2025-02-02,18-25,Silver
C01349,Hyderabad,2026-01-25,46-60,Silver
C01350,Hyderabad,2024-05-21,26-35,Platinum
C01351,Chennai,2025-10-24,18-25,Gold
C01352,Hyderabad,2024-08-24,46-60,Gold
C01353,Chennai,2025-12-21,18-25,Platinum
C01354,Chennai,2025-04-27,26-35,Silver
C01355,Hyderabad,2024-07-17,36-45,Silver
C01356,Mumbai,2024-05-27,26-35,Gold
C01357,Chennai,2025-07-04,46-60,Silver
C01358,Delhi,2024-08-21,36-45,Gold
C01359,Mumbai,2024-09-14,46-60,Silver
C01360,Mumbai,2024-07-09,26-35,Gold
C01361,Delhi,2025-02-12,26-35,Silver
C01362,Chennai,2025-04-07,26-35,Silver
C01363,Bangalore,2026-03-24,18-25,Gold
C01364,Mumbai,2026-05-04,46-60,Silver
C01365,Delhi,2024-10-02,26-35,Silver
C01366,Bangalore,2024-11-13,26-35,Platinum
C01367,Delhi,2026-04-22,36-45,Platinum
C01368,Hyderabad,2024-12-11,36-45,Silver
C01369,Chennai,2024-11-26,18-25,Silver
C01370,Mumbai,2025-08-30,36-45,Silver
C01371,Mumbai,2024-11-18,36-45,Gold
C01372,Mumbai,2026-01-14,36-45,Gold
C01373,Hyderabad,2025-07-16,36-45,Silver
C01374,Hyderabad,2025-05-05,46-60,Gold
C01375,Hyderabad,2026-05-10,36-45,Silver
C01376,Mumbai,2025-08-06,26-35,Silver
C01377,Chennai,2024-09-11,36-45,Silver
C01378,Mumbai,2025-05-01,46-60,Gold
C01379,Chennai,2024-08-26,46-60,Silver
C01380,Mumbai,2026-05-03,46-60,Gold
C01381,Chennai,2025-07-05,36-45,Gold
C01382,Hyderabad,2024-07-03,18-25,Silver
C01383,Delhi,2025-02-08,26-35,Gold
C01384,Hyderabad,2025-12-14,46-60,Platinum
C01385,Bangalore,2025-08-08,26-35,Gold
C01386,Mumbai,2025-09-13,18-25,Gold
C01387,Delhi,2025-12-20,36-45,Silver
C01388,Chennai,2024-07-22,18-25,Silver
C01389,Mumbai,2026-04-25,18-25,Platinum
C01390,Hyderabad,2025-06-10,26-35,Silver
C01391,Chennai,2024-06-06,18-25,Gold
C01392,Bangalore,2026-02-19,46-60,Platinum
C01393,Hyderabad,2025-12-08,18-25,Gold
C01394,Delhi,2024-09-27,36-45,Silver
C01395,Bangalore,2024-10-07,46-60,Silver
C01396,Hyderabad,2025-08-07,36-45,Gold
C01397,Chennai,2026-05-03,46-60,Silver
C01398,Bangalore,2025-02-01,36-45,Silver
C01399,Delhi,2024-11-01,18-25,Silver
C01400,Bangalore,2025-09-02,36-45,Gold
C01401,Hyderabad,2025-03-19,46-60,Gold
C01402,Chennai,2024-11-08,18-25,Silver
C01403,Mumbai,2026-04-02,26-35,Silver
C01404,Chennai,2025-06-26,18-25,Platinum
C01405,Chennai,2024-10-14,36-45,Silver
C01406,Chennai,2024-05-17,36-45,Gold
C01407,Delhi,2024-07-05,18-25,Silver
C01408,Mumbai,2024-08-23,18-25,Silver
C01409,Hyderabad,2026-03-31,26-35,Gold
C01410,Delhi,2025-09-14,26-35,Silver
C01411,Hyderabad,2024-07-11,18-25,Platinum
C01412,Bangalore,2025-12-28,36-45,Platinum
C01413,Bangalore,2025-04-14,26-35,Platinum
C01414,Mumbai,2025-09-30,36-45,Gold
C01415,Mumbai,2025-08-08,18-25,Silver
C01416,Mumbai,2024-10-05,46-60,Gold
C01417,Hyderabad,2025-07-02,46-60,Silver
C01418,Hyderabad,2026-03-02,26-35,Silver
C01419,Hyderabad,2025-07-08,46-60,Silver
C01420,Bangalore,2024-07-13,46-60,Silver
C01421,Delhi,2025-05-17,36-45,Silver
C01422,Chennai,2025-01-30,26-35,Silver
C01423,Chennai,2024-06-03,26-35,Platinum
C01424,Hyderabad,2025-04-25,18-25,Silver
C01425,Chennai,2024-10-30,26-35,Silver
C01426,Bangalore,2024-10-15,36-45,Platinum
C01427,Chennai,2025-01-31,18-25,Silver
C01428,Mumbai,2024-09-28,46-60,Silver
C01429,Hyderabad,2025-02-15,46-60,Platinum
C01430,Delhi,2024-11-16,26-35,Platinum
C01431,Delhi,2025-05-30,46-60,Platinum
C01432,Hyderabad,2025-12-16,46-60,Silver
C01433,Delhi,2024-09-29,46-60,Gold
C01434,Delhi,2025-06-07,26-35,Silver
C01435,Chennai,2025-08-29,36-45,Gold
C01436,Mumbai,2024-10-21,36-45,Gold
C01437,Chennai,2025-08-24,36-45,Gold
C01438,Chennai,2025-09-16,18-25,Gold
C01439,Mumbai,2025-11-27,18-25,Silver
C01440,Delhi,2025-03-05,46-60,Silver
C01441,Mumbai,2025-07-06,46-60,Gold
C01442,Mumbai,2024-10-10,46-60,Silver
C01443,Mumbai,2024-10-05,26-35,Silver
C01444,Mumbai,2024-07-07,36-45,Gold
C01445,Chennai,2024-06-16,26-35,Gold
C01446,Bangalore,2024-07-21,36-45,Silver
C01447,Mumbai,2025-03-06,46-60,Platinum
C01448,Delhi,2024-12-14,26-35,Silver
C01449,Mumbai,2024-10-07,36-45,Gold
C01450,Hyderabad,2026-04-08,46-60,Silver
C01451,Mumbai,2024-06-24,18-25,Silver
C01452,Delhi,2026-01-19,46-60,Silver
C01453,Chennai,2025-08-29,18-25,Silver
C01454,Delhi,2026-04-24,26-35,Silver
C01455,Mumbai,2026-03-21,18-25,Gold
C01456,Chennai,2025-12-16,46-60,Silver
C01457,Mumbai,2026-04-29,36-45,Gold
C01458,Mumbai,2024-06-22,46-60,Platinum
C01459,Delhi,2025-12-12,18-25,Silver
C01460,Chennai,2025-12-01,36-45,Gold
C01461,Mumbai,2026-02-28,26-35,Silver
C01462,Bangalore,2024-09-03,46-60,Silver
C01463,Bangalore,2025-01-15,46-60,Gold
C01464,Chennai,2025-06-10,36-45,Silver
C01465,Chennai,2025-12-16,26-35,Silver
C01466,Hyderabad,2025-11-20,26-35,Silver
C01467,Hyderabad,2024-10-15,26-35,Silver
C01468,Mumbai,2024-10-04,26-35,Silver
C01469,Hyderabad,2024-06-13,46-60,Silver
C01470,Chennai,2024-11-18,26-35,Gold
C01471,Mumbai,2025-03-27,36-45,Silver
C01472,Hyderabad,2025-10-23,46-60,Platinum
C01473,Delhi,2025-03-15,36-45,Gold
C01474,Chennai,2025-03-01,26-35,Gold
C01475,Bangalore,2025-05-03,26-35,Silver
C01476,Delhi,2025-04-05,26-35,Platinum
C01477,Bangalore,2025-09-28,36-45,Silver
C01478,Hyderabad,2025-09-07,18-25,Platinum
C01479,Bangalore,2024-09-09,46-60,Silver
C01480,Delhi,2024-10-21,18-25,Silver
C01481,Hyderabad,2025-04-08,18-25,Silver
C01482,Bangalore,2025-03-25,26-35,Silver
C01483,Delhi,2025-06-17,18-25,Silver
C01484,Hyderabad,2026-02-02,36-45,Silver
C01485,Mumbai,2024-08-27,26-35,Silver
C01486,Delhi,2025-03-08,46-60,Silver
C01487,Bangalore,2024-06-08,26-35,Silver
C01488,Delhi,2024-08-22,46-60,Silver
C01489,Mumbai,2025-03-31,36-45,Silver
C01490,Chennai,2025-02-19,26-35,Gold
C01491,Hyderabad,2025-10-06,18-25,Silver
C01492,Mumbai,2025-09-11,18-25,Silver
C01493,Hyderabad,2025-08-22,36-45,Silver
C01494,Delhi,2025-07-01,26-35,Silver
C01495,Chennai,2026-03-18,36-45,Silver
C01496,Delhi,2024-05-19,46-60,Silver
C01497,Delhi,2024-08-12,18-25,Silver
C01498,Bangalore,2024-08-12,46-60,Gold
C01499,Chennai,2025-08-03,26-35,Silver
C01500,Chennai,2026-04-03,46-60,Platinum
C01501,Mumbai,2024-07-27,18-25,Gold
C01502,Bangalore,2024-08-03,36-45,Silver
C01503,Chennai,2024-10-16,26-35,Platinum
C01504,Mumbai,2025-05-23,18-25,Silver
C01505,Chennai,2024-11-09,26-35,Silver
C01506,Chennai,2026-01-16,46-60,Silver
C01507,Mumbai,2026-03-25,26-35,Gold
C01508,Chennai,2024-12-07,36-45,Gold
C01509,Mumbai,2025-04-13,26-35,Silver
C01510,Bangalore,2025-09-14,46-60,Gold
C01511,Bangalore,2025-05-29,26-35,Silver
C01512,Bangalore,2024-07-22,18-25,Silver
C01513,Bangalore,2025-08-06,46-60,Gold
C01514,Hyderabad,2024-09-16,46-60,Gold
C01515,Chennai,2026-04-17,46-60,Platinum
C01516,Mumbai,2025-12-15,26-35,Gold
C01517,Delhi,2025-03-29,18-25,Silver
C01518,Mumbai,2025-02-24,36-45,Silver
C01519,Bangalore,2025-03-30,18-25,Silver
C01520,Delhi,2026-04-07,26-35,Silver
C01521,Hyderabad,2025-12-22,18-25,Silver
C01522,Delhi,2026-05-10,18-25,Silver
C01523,Hyderabad,2025-09-17,26-35,Silver
C01524,Bangalore,2025-08-20,18-25,Gold
C01525,Bangalore,2026-01-22,46-60,Silver
C01526,Mumbai,2024-06-20,46-60,Gold
C01527,Mumbai,2025-02-03,36-45,Silver
C01528,Chennai,2025-03-18,46-60,Platinum
C01529,Mumbai,2025-03-18,18-25,Silver
C01530,Delhi,2025-05-17,18-25,Silver
C01531,Chennai,2026-01-01,18-25,Gold
C01532,Mumbai,2024-06-17,46-60,Silver
C01533,Bangalore,2025-07-13,18-25,Gold
C01534,Mumbai,2025-10-16,36-45,Gold
C01535,Delhi,2024-10-07,26-35,Platinum
C01536,Mumbai,2024-12-26,46-60,Silver
C01537,Mumbai,2025-03-18,26-35,Silver
C01538,Bangalore,2025-06-03,46-60,Platinum
C01539,Chennai,2024-12-17,26-35,Gold
C01540,Bangalore,2025-05-25,18-25,Gold
C01541,Mumbai,2025-06-11,18-25,Gold
C01542,Mumbai,2024-11-11,26-35,Silver
C01543,Mumbai,2024-06-30,26-35,Silver
C01544,Delhi,2026-01-29,36-45,Silver
C01545,Delhi,2025-08-14,36-45,Silver
C01546,Mumbai,2025-03-16,18-25,Silver
C01547,Hyderabad,2025-09-10,26-35,Silver
C01548,Hyderabad,2024-05-29,36-45,Gold
C01549,Bangalore,2025-09-26,36-45,Gold
C01550,Chennai,2025-10-06,26-35,Silver
C01551,Bangalore,2024-05-20,18-25,Silver
C01552,Mumbai,2026-04-28,36-45,Silver
C01553,Chennai,2025-09-18,26-35,Gold
C01554,Hyderabad,2025-10-22,26-35,Gold
C01555,Delhi,2025-02-10,46-60,Platinum
C01556,Delhi,2026-02-17,26-35,Gold
C01557,Delhi,2026-01-03,26-35,Gold
C01558,Delhi,2024-11-19,36-45,Silver
C01559,Bangalore,2024-08-20,18-25,Silver
C01560,Delhi,2024-06-10,18-25,Gold
C01561,Bangalore,2025-12-01,46-60,Silver
C01562,Chennai,2025-11-01,36-45,Gold
C01563,Chennai,2024-05-25,26-35,Silver
C01564,Hyderabad,2024-05-20,26-35,Silver
C01565,Delhi,2025-12-01,46-60,Silver
C01566,Hyderabad,2025-01-18,46-60,Silver
C01567,Hyderabad,2025-12-01,26-35,Silver
C01568,Chennai,2024-09-09,18-25,Silver
C01569,Chennai,2025-04-08,26-35,Silver
C01570,Mumbai,2026-01-25,36-45,Platinum
C01571,Delhi,2024-10-17,46-60,Gold
C01572,Bangalore,2025-07-11,46-60,Silver
C01573,Hyderabad,2025-07-03,26-35,Gold
C01574,Hyderabad,2026-02-16,18-25,Silver
C01575,Hyderabad,2024-10-07,26-35,Silver
C01576,Mumbai,2026-02-19,26-35,Silver
C01577,Hyderabad,2025-08-07,46-60,Silver
C01578,Chennai,2026-02-24,26-35,Silver
C01579,Hyderabad,2025-11-10,46-60,Silver
C01580,Mumbai,2024-08-08,18-25,Silver
C01581,Delhi,2025-03-01,26-35,Silver
C01582,Delhi,2025-08-05,18-25,Platinum
C01583,Delhi,2024-06-05,26-35,Gold
C01584,Mumbai,2024-08-31,46-60,Platinum
C01585,Chennai,2025-09-28,36-45,Silver
C01586,Mumbai,2024-12-28,18-25,Silver
C01587,Mumbai,2026-01-18,26-35,Silver
C01588,Bangalore,2024-08-01,46-60,Silver
C01589,Chennai,2026-01-13,18-25,Gold
C01590,Bangalore,2025-11-04,46-60,Silver
C01591,Hyderabad,2025-02-09,26-35,Silver
C01592,Hyderabad,2025-08-06,36-45,Gold
C01593,Chennai,2025-05-15,26-35,Silver
C01594,Bangalore,2024-06-16,18-25,Silver
C01595,Bangalore,2025-01-03,46-60,Silver
C01596,Chennai,2025-11-26,26-35,Gold
C01597,Mumbai,2025-09-26,46-60,Gold
C01598,Hyderabad,2025-11-04,36-45,Gold
C01599,Chennai,2025-07-31,46-60,Silver
C01600,Mumbai,2025-01-11,36-45,Silver
C01601,Mumbai,2025-05-07,18-25,Silver
C01602,Delhi,2025-05-20,36-45,Silver
C01603,Mumbai,2025-04-06,46-60,Silver
C01604,Bangalore,2025-08-28,36-45,Gold
C01605,Bangalore,2025-03-22,46-60,Silver
C01606,Mumbai,2026-01-09,26-35,Gold
C01607,Chennai,2025-10-18,46-60,Silver
C01608,Delhi,2025-12-28,26-35,Gold
C01609,Bangalore,2024-08-19,46-60,Silver
C01610,Chennai,2024-09-03,26-35,Silver
C01611,Mumbai,2025-07-10,46-60,Silver
C01612,Hyderabad,2025-10-02,36-45,Silver
C01613,Mumbai,2025-07-15,46-60,Gold
C01614,Mumbai,2025-09-23,36-45,Gold
C01615,Bangalore,2025-07-15,26-35,Platinum
C01616,Mumbai,2024-07-11,36-45,Silver
C01617,Mumbai,2025-04-02,18-25,Silver
C01618,Chennai,2026-02-24,46-60,Platinum
C01619,Hyderabad,2025-08-23,26-35,Silver
C01620,Hyderabad,2026-03-13,18-25,Gold
C01621,Chennai,2024-08-21,26-35,Silver
C01622,Chennai,2024-07-17,26-35,Gold
C01623,Bangalore,2025-09-23,18-25,Silver
C01624,Delhi,2026-03-10,36-45,Gold
C01625,Hyderabad,2024-10-16,26-35,Silver
C01626,Delhi,2025-02-04,26-35,Silver
C01627,Bangalore,2024-05-30,26-35,Silver
C01628,Chennai,2025-08-05,36-45,Silver
C01629,Hyderabad,2026-02-20,18-25,Silver
C01630,Hyderabad,2024-05-17,46-60,Platinum
C01631,Chennai,2025-09-16,26-35,Silver
C01632,Delhi,2025-04-26,18-25,Silver
C01633,Hyderabad,2025-10-11,18-25,Gold
C01634,Mumbai,2025-10-12,46-60,Gold
C01635,Mumbai,2025-05-01,26-35,Silver
C01636,Mumbai,2025-12-20,46-60,Silver
C01637,Hyderabad,2025-01-10,18-25,Silver
C01638,Mumbai,2026-03-19,46-60,Silver
C01639,Delhi,2025-12-11,36-45,Gold
C01640,Bangalore,2026-03-22,26-35,Silver
C01641,Bangalore,2025-05-28,36-45,Silver
C01642,Hyderabad,2026-01-26,18-25,Silver
C01643,Hyderabad,2024-06-20,26-35,Silver
C01644,Delhi,2024-06-11,46-60,Gold
C01645,Chennai,2025-02-09,46-60,Silver
C01646,Chennai,2024-08-14,18-25,Gold
C01647,Hyderabad,2024-06-26,36-45,Silver
C01648,Bangalore,2024-07-25,46-60,Platinum
C01649,Mumbai,2026-01-07,36-45,Silver
C01650,Delhi,2025-03-21,36-45,Silver
C01651,Chennai,2025-10-15,36-45,Gold
C01652,Delhi,2025-01-29,36-45,Silver
C01653,Bangalore,2025-02-06,18-25,Gold
C01654,Mumbai,2026-01-18,36-45,Platinum
C01655,Mumbai,2024-11-10,18-25,Silver
C01656,Chennai,2025-01-05,46-60,Gold
C01657,Delhi,2024-07-22,26-35,Silver
C01658,Delhi,2026-02-22,26-35,Silver
C01659,Chennai,2024-08-20,46-60,Gold
C01660,Hyderabad,2025-10-23,36-45,Platinum
C01661,Chennai,2024-10-12,26-35,Silver
C01662,Delhi,2024-10-18,36-45,Platinum
C01663,Bangalore,2024-06-26,26-35,Gold
C01664,Delhi,2025-03-31,18-25,Silver
C01665,Mumbai,2024-06-30,26-35,Silver
C01666,Mumbai,2024-08-13,46-60,Silver
C01667,Mumbai,2025-06-08,26-35,Silver
C01668,Delhi,2025-01-30,18-25,Gold
C01669,Bangalore,2026-04-18,36-45,Platinum
C01670,Mumbai,2025-07-10,18-25,Silver
C01671,Bangalore,2024-11-09,26-35,Gold
C01672,Mumbai,2026-04-07,36-45,Silver
C01673,Hyderabad,2025-03-19,18-25,Silver
C01674,Hyderabad,2025-09-02,46-60,Gold
C01675,Mumbai,2025-09-06,36-45,Platinum
C01676,Mumbai,2025-09-07,26-35,Silver
C01677,Delhi,2024-06-05,18-25,Silver
C01678,Hyderabad,2025-02-15,46-60,Silver
C01679,Delhi,2024-11-17,46-60,Silver
C01680,Hyderabad,2025-10-09,46-60,Gold
C01681,Hyderabad,2025-02-11,26-35,Silver
C01682,Delhi,2025-08-08,18-25,Gold
C01683,Delhi,2026-04-02,46-60,Gold
C01684,Chennai,2025-05-11,26-35,Silver
C01685,Mumbai,2025-08-22,46-60,Silver
C01686,Bangalore,2025-06-24,46-60,Gold
C01687,Chennai,2025-09-02,36-45,Gold
C01688,Delhi,2025-07-30,36-45,Gold
C01689,Hyderabad,2025-01-06,36-45,Silver
C01690,Mumbai,2024-08-27,18-25,Silver
C01691,Chennai,2025-09-09,36-45,Gold
C01692,Mumbai,2025-12-06,26-35,Silver
C01693,Chennai,2025-12-15,36-45,Silver
C01694,Bangalore,2025-09-05,26-35,Platinum
C01695,Bangalore,2024-08-08,18-25,Silver
C01696,Hyderabad,2026-04-25,18-25,Silver
C01697,Delhi,2025-08-04,46-60,Silver
C01698,Bangalore,2026-01-04,18-25,Silver
C01699,Chennai,2026-04-27,26-35,Gold
C01700,Hyderabad,2025-04-12,46-60,Silver
C01701,Mumbai,2024-09-28,18-25,Silver
C01702,Chennai,2025-12-13,18-25,Silver
C01703,Hyderabad,2025-01-25,46-60,Gold
C01704,Mumbai,2025-08-18,46-60,Silver
C01705,Delhi,2026-02-15,18-25,Silver
C01706,Bangalore,2024-10-13,26-35,Gold
C01707,Chennai,2026-05-04,26-35,Silver
C01708,Delhi,2025-02-14,36-45,Gold
C01709,Bangalore,2026-05-13,36-45,Silver
C01710,Mumbai,2025-07-04,46-60,Silver
C01711,Chennai,2024-07-27,18-25,Platinum
C01712,Bangalore,2026-04-23,36-45,Silver
C01713,Hyderabad,2026-04-23,46-60,Silver
C01714,Mumbai,2025-01-12,18-25,Silver
C01715,Delhi,2025-06-26,46-60,Silver
C01716,Delhi,2025-04-29,26-35,Gold
C01717,Mumbai,2024-08-27,18-25,Silver
C01718,Delhi,2024-07-13,36-45,Silver
C01719,Bangalore,2024-08-02,18-25,Silver
C01720,Hyderabad,2025-03-23,26-35,Silver
C01721,Delhi,2025-12-02,26-35,Silver
C01722,Hyderabad,2025-01-13,46-60,Platinum
C01723,Chennai,2025-10-06,18-25,Silver
C01724,Mumbai,2024-08-23,36-45,Silver
C01725,Delhi,2024-06-02,36-45,Gold
C01726,Chennai,2025-09-10,36-45,Gold
C01727,Chennai,2025-12-07,46-60,Platinum
C01728,Chennai,2025-05-27,46-60,Gold
C01729,Mumbai,2024-11-17,36-45,Silver
C01730,Hyderabad,2025-07-30,36-45,Gold
C01731,Mumbai,2025-10-27,26-35,Silver
C01732,Delhi,2026-04-02,46-60,Gold
C01733,Delhi,2025-04-05,18-25,Gold
C01734,Delhi,2024-12-12,18-25,Silver
C01735,Mumbai,2025-08-15,26-35,Silver
C01736,Mumbai,2024-10-21,36-45,Gold
C01737,Chennai,2024-12-08,26-35,Platinum
C01738,Mumbai,2024-10-20,46-60,Gold
C01739,Delhi,2024-08-08,18-25,Silver
C01740,Mumbai,2025-02-05,26-35,Gold
C01741,Delhi,2026-03-27,36-45,Silver
C01742,Chennai,2026-02-05,46-60,Silver
C01743,Mumbai,2025-06-14,36-45,Silver
C01744,Chennai,2026-03-07,36-45,Silver
C01745,Delhi,2024-09-07,46-60,Silver
C01746,Mumbai,2024-12-21,46-60,Silver
C01747,Hyderabad,2024-06-05,18-25,Platinum
C01748,Mumbai,2025-07-11,18-25,Silver
C01749,Bangalore,2025-02-18,36-45,Gold
C01750,Hyderabad,2026-01-29,36-45,Silver
C01751,Bangalore,2025-01-30,46-60,Platinum
C01752,Delhi,2024-12-27,46-60,Silver
C01753,Chennai,2026-05-14,18-25,Silver
C01754,Delhi,2026-01-13,18-25,Silver
C01755,Bangalore,2025-02-17,46-60,Silver
C01756,Delhi,2025-06-30,26-35,Gold
C01757,Mumbai,2024-06-24,26-35,Silver
C01758,Delhi,2025-12-18,26-35,Platinum
C01759,Chennai,2026-01-17,46-60,Silver
C01760,Delhi,2025-05-15,36-45,Silver
C01761,Hyderabad,2025-12-13,36-45,Silver
C01762,Bangalore,2025-10-31,18-25,Silver
C01763,Delhi,2024-10-03,18-25,Gold
C01764,Hyderabad,2026-02-14,26-35,Silver
C01765,Mumbai,2025-01-18,26-35,Silver
C01766,Bangalore,2025-03-04,46-60,Gold
C01767,Hyderabad,2025-07-16,18-25,Platinum
C01768,Delhi,2025-04-20,46-60,Silver
C01769,Delhi,2024-12-06,26-35,Silver
C01770,Hyderabad,2025-10-14,18-25,Platinum
C01771,Hyderabad,2024-11-14,26-35,Silver
C01772,Chennai,2024-10-08,36-45,Silver
C01773,Delhi,2024-12-30,46-60,Silver
C01774,Chennai,2025-07-06,26-35,Gold
C01775,Delhi,2025-05-08,36-45,Platinum
C01776,Mumbai,2025-08-15,46-60,Silver
C01777,Mumbai,2025-02-19,46-60,Silver
C01778,Mumbai,2025-12-26,46-60,Gold
C01779,Hyderabad,2026-04-29,18-25,Silver
C01780,Delhi,2025-12-08,46-60,Silver
C01781,Bangalore,2025-08-14,36-45,Silver
C01782,Delhi,2025-01-06,26-35,Silver
C01783,Delhi,2025-08-28,46-60,Gold
C01784,Delhi,2026-03-31,36-45,Silver
C01785,Mumbai,2026-01-09,46-60,Silver
C01786,Chennai,2024-11-23,46-60,Gold
C01787,Bangalore,2025-05-07,26-35,Gold
C01788,Delhi,2024-09-03,26-35,Silver
C01789,Bangalore,2024-12-23,18-25,Silver
C01790,Delhi,2024-12-14,18-25,Gold
C01791,Bangalore,2024-10-27,26-35,Gold
C01792,Hyderabad,2026-02-12,46-60,Silver
C01793,Bangalore,2024-06-15,46-60,Silver
C01794,Hyderabad,2025-07-21,46-60,Silver
C01795,Chennai,2025-08-02,18-25,Gold
C01796,Bangalore,2024-10-19,36-45,Silver
C01797,Delhi,2026-02-18,36-45,Silver
C01798,Hyderabad,2024-09-17,26-35,Gold
C01799,Hyderabad,2024-12-16,26-35,Silver
C01800,Delhi,2026-01-01,36-45,Silver
C01801,Mumbai,2024-09-17,46-60,Silver
C01802,Hyderabad,2025-06-22,26-35,Silver
C01803,Delhi,2024-12-27,18-25,Gold
C01804,Delhi,2025-06-19,46-60,Gold
C01805,Bangalore,2024-11-15,26-35,Silver
C01806,Bangalore,2024-12-10,18-25,Silver
C01807,Chennai,2025-03-17,46-60,Gold
C01808,Chennai,2025-02-25,26-35,Silver
C01809,Hyderabad,2026-02-07,46-60,Gold
C01810,Chennai,2026-02-19,26-35,Platinum
C01811,Delhi,2025-02-14,46-60,Silver
C01812,Hyderabad,2026-04-30,18-25,Silver
C01813,Chennai,2025-06-16,36-45,Gold
C01814,Mumbai,2024-05-26,26-35,Silver
C01815,Hyderabad,2025-11-09,26-35,Gold
C01816,Delhi,2024-08-31,26-35,Gold
C01817,Delhi,2025-01-02,36-45,Silver
C01818,Chennai,2026-02-20,36-45,Gold
C01819,Delhi,2025-06-25,36-45,Silver
C01820,Hyderabad,2026-03-20,18-25,Silver
C01821,Hyderabad,2025-02-09,18-25,Silver
C01822,Hyderabad,2025-02-24,26-35,Silver
C01823,Mumbai,2024-11-15,46-60,Silver
C01824,Chennai,2024-12-05,46-60,Silver
C01825,Mumbai,2026-01-12,26-35,Silver
C01826,Delhi,2024-10-31,36-45,Gold
C01827,Mumbai,2025-07-23,18-25,Gold
C01828,Bangalore,2024-11-26,36-45,Silver
C01829,Chennai,2025-11-10,26-35,Platinum
C01830,Delhi,2025-08-19,36-45,Silver
C01831,Mumbai,2024-12-03,26-35,Gold
C01832,Chennai,2026-04-09,36-45,Silver
C01833,Mumbai,2025-09-28,26-35,Silver
C01834,Mumbai,2024-11-29,36-45,Silver
C01835,Delhi,2026-03-05,36-45,Silver
C01836,Mumbai,2025-04-28,46-60,Silver
C01837,Hyderabad,2025-06-07,46-60,Silver
C01838,Bangalore,2024-08-17,26-35,Silver
C01839,Bangalore,2024-11-04,18-25,Platinum
C01840,Delhi,2026-05-15,46-60,Silver
C01841,Mumbai,2026-02-14,36-45,Silver
C01842,Delhi,2025-09-06,18-25,Gold
C01843,Bangalore,2024-06-13,18-25,Silver
C01844,Chennai,2025-05-18,26-35,Silver
C01845,Chennai,2025-04-16,46-60,Silver
C01846,Chennai,2024-08-16,36-45,Silver
C01847,Chennai,2025-03-11,36-45,Silver
C01848,Delhi,2026-01-31,26-35,Silver
C01849,Bangalore,2025-04-02,36-45,Gold
C01850,Bangalore,2025-12-03,46-60,Silver
C01851,Hyderabad,2025-10-16,18-25,Silver
C01852,Hyderabad,2025-07-13,36-45,Silver
C01853,Bangalore,2026-02-13,46-60,Silver
C01854,Bangalore,2025-10-19,36-45,Gold
C01855,Mumbai,2025-08-10,18-25,Silver
C01856,Chennai,2024-10-08,36-45,Silver
C01857,Hyderabad,2025-01-10,26-35,Silver
C01858,Bangalore,2025-10-16,36-45,Silver
C01859,Mumbai,2026-04-21,46-60,Silver
C01860,Mumbai,2024-09-13,26-35,Platinum
C01861,Mumbai,2025-05-15,18-25,Gold
C01862,Hyderabad,2026-03-17,26-35,Gold
C01863,Mumbai,2026-02-28,18-25,Gold
C01864,Chennai,2024-07-21,26-35,Silver
C01865,Chennai,2025-04-15,26-35,Gold
C01866,Mumbai,2026-04-26,26-35,Gold
C01867,Delhi,2025-02-17,36-45,Silver
C01868,Hyderabad,2026-04-05,46-60,Silver
C01869,Delhi,2026-02-24,36-45,Silver
C01870,Hyderabad,2025-12-18,18-25,Gold
C01871,Mumbai,2025-04-08,18-25,Silver
C01872,Delhi,2025-06-09,26-35,Silver
C01873,Delhi,2024-09-23,46-60,Silver
C01874,Hyderabad,2025-12-25,36-45,Silver
C01875,Chennai,2026-05-14,26-35,Silver
C01876,Mumbai,2026-02-09,36-45,Silver
C01877,Delhi,2025-01-04,26-35,Silver
C01878,Chennai,2025-03-06,46-60,Silver
C01879,Hyderabad,2025-05-24,26-35,Gold
C01880,Mumbai,2024-09-05,18-25,Silver
C01881,Bangalore,2025-08-07,46-60,Gold
C01882,Hyderabad,2025-01-19,46-60,Gold
C01883,Bangalore,2024-11-10,46-60,Silver
C01884,Chennai,2025-03-25,36-45,Gold
C01885,Chennai,2024-12-20,36-45,Silver
C01886,Chennai,2026-03-30,46-60,Gold
C01887,Mumbai,2025-10-19,46-60,Silver
C01888,Delhi,2024-06-10,26-35,Gold
C01889,Delhi,2025-06-08,26-35,Platinum
C01890,Chennai,2025-04-04,26-35,Platinum
C01891,Delhi,2025-03-08,26-35,Silver
C01892,Delhi,2026-04-05,36-45,Platinum
C01893,Hyderabad,2025-02-06,46-60,Gold
C01894,Hyderabad,2024-08-13,46-60,Gold
C01895,Hyderabad,2025-04-27,18-25,Silver
C01896,Chennai,2024-08-25,36-45,Platinum
C01897,Hyderabad,2025-05-02,36-45,Silver
C01898,Hyderabad,2026-02-08,18-25,Silver
C01899,Delhi,2026-04-17,36-45,Silver
C01900,Delhi,2025-06-15,26-35,Silver
C01901,Mumbai,2025-06-12,36-45,Gold
C01902,Bangalore,2024-10-09,26-35,Gold
C01903,Hyderabad,2025-09-25,46-60,Silver
C01904,Chennai,2025-05-01,36-45,Silver
C01905,Bangalore,2024-08-10,46-60,Silver
C01906,Bangalore,2025-05-26,46-60,Silver
C01907,Chennai,2024-08-27,26-35,Silver
C01908,Chennai,2026-01-23,36-45,Silver
C01909,Mumbai,2025-02-21,18-25,Gold
C01910,Delhi,2025-09-03,36-45,Silver
C01911,Bangalore,2024-06-21,26-35,Platinum
C01912,Delhi,2026-02-10,36-45,Silver
C01913,Chennai,2026-01-03,36-45,Silver
C01914,Mumbai,2024-09-01,36-45,Platinum
C01915,Delhi,2025-06-10,46-60,Silver
C01916,Hyderabad,2024-08-06,26-35,Gold
C01917,Mumbai,2025-06-02,36-45,Silver
C01918,Mumbai,2025-03-14,18-25,Silver
C01919,Chennai,2026-03-15,18-25,Silver
C01920,Delhi,2026-03-06,18-25,Gold
C01921,Delhi,2025-11-25,26-35,Silver
C01922,Delhi,2025-12-13,26-35,Silver
C01923,Delhi,2025-04-30,26-35,Silver
C01924,Bangalore,2025-09-05,46-60,Silver
C01925,Bangalore,2024-08-20,18-25,Platinum
C01926,Delhi,2024-06-15,26-35,Platinum
C01927,Chennai,2025-01-04,18-25,Silver
C01928,Chennai,2026-03-18,36-45,Gold
C01929,Delhi,2026-03-28,18-25,Gold
C01930,Bangalore,2024-07-19,46-60,Silver
C01931,Bangalore,2025-11-05,36-45,Silver
C01932,Bangalore,2025-09-14,26-35,Silver
C01933,Mumbai,2026-01-17,18-25,Silver
C01934,Chennai,2025-12-14,26-35,Silver
C01935,Hyderabad,2025-08-16,46-60,Gold
C01936,Mumbai,2025-09-12,46-60,Gold
C01937,Chennai,2024-09-06,46-60,Silver
C01938,Chennai,2025-08-01,18-25,Platinum
C01939,Chennai,2025-08-08,26-35,Silver
C01940,Mumbai,2025-09-08,46-60,Silver
C01941,Delhi,2026-05-12,36-45,Silver
C01942,Hyderabad,2025-09-30,36-45,Silver
C01943,Mumbai,2026-03-18,26-35,Silver
C01944,Bangalore,2025-04-01,46-60,Silver
C01945,Hyderabad,2025-05-10,26-35,Silver
C01946,Delhi,2024-12-26,36-45,Silver
C01947,Chennai,2025-03-29,36-45,Gold
C01948,Delhi,2024-08-10,46-60,Silver
C01949,Delhi,2026-03-28,18-25,Silver
C01950,Mumbai,2026-04-29,46-60,Gold
C01951,Delhi,2026-04-08,26-35,Gold
C01952,Hyderabad,2025-07-14,36-45,Silver
C01953,Bangalore,2025-07-19,26-35,Silver
C01954,Delhi,2026-04-30,26-35,Gold
C01955,Delhi,2025-01-30,26-35,Silver
C01956,Bangalore,2025-10-24,46-60,Silver
C01957,Chennai,2026-04-03,46-60,Platinum
C01958,Hyderabad,2024-05-20,36-45,Gold
C01959,Bangalore,2024-07-03,18-25,Silver
C01960,Delhi,2024-08-09,26-35,Silver
C01961,Hyderabad,2024-08-29,46-60,Silver
C01962,Mumbai,2025-05-26,36-45,Silver
C01963,Bangalore,2025-11-01,46-60,Silver
C01964,Mumbai,2024-08-01,26-35,Silver
C01965,Hyderabad,2025-09-16,36-45,Silver
C01966,Chennai,2025-04-02,36-45,Gold
C01967,Hyderabad,2025-07-27,18-25,Silver
C01968,Chennai,2024-11-22,26-35,Silver
C01969,Hyderabad,2024-08-08,18-25,Gold
C01970,Mumbai,2025-12-02,26-35,Gold
C01971,Delhi,2026-01-18,26-35,Silver
C01972,Chennai,2025-09-07,36-45,Silver
C01973,Chennai,2026-01-17,46-60,Silver
C01974,Delhi,2024-11-12,46-60,Silver
C01975,Bangalore,2024-11-27,18-25,Silver
C01976,Bangalore,2025-05-19,36-45,Silver
C01977,Chennai,2024-08-18,46-60,Silver
C01978,Chennai,2025-05-28,46-60,Gold
C01979,Bangalore,2025-04-01,36-45,Silver
C01980,Hyderabad,2024-08-03,36-45,Gold
C01981,Mumbai,2024-05-18,36-45,Silver
C01982,Delhi,2025-07-16,26-35,Silver
C01983,Hyderabad,2024-10-01,46-60,Platinum
C01984,Chennai,2026-04-14,36-45,Silver
C01985,Chennai,2024-08-02,18-25,Silver
C01986,Chennai,2024-12-12,36-45,Gold
C01987,Delhi,2025-05-07,26-35,Gold
C01988,Delhi,2024-08-20,26-35,Silver
C01989,Delhi,2026-05-16,36-45,Gold
C01990,Hyderabad,2025-11-07,26-35,Silver
C01991,Chennai,2024-06-07,18-25,Gold
C01992,Bangalore,2024-10-21,26-35,Gold
C01993,Delhi,2026-04-12,26-35,Silver
C01994,Hyderabad,2026-03-12,36-45,Silver
C01995,Hyderabad,2026-04-29,18-25,Gold
C01996,Bangalore,2024-07-22,26-35,Silver
C01997,Delhi,2025-11-22,26-35,Gold
C01998,Delhi,2026-02-16,36-45,Silver
C01999,Hyderabad,2026-03-13,26-35,Platinum
C02000,Bangalore,2026-03-29,26-35,Silver
C02001,Chennai,2026-01-11,46-60,Gold
C02002,Chennai,2024-08-18,46-60,Silver
C02003,Chennai,2025-03-18,36-45,Silver
C02004,Hyderabad,2025-03-27,46-60,Silver
C02005,Hyderabad,2025-02-28,46-60,Gold
C02006,Chennai,2025-06-16,36-45,Silver
C02007,Mumbai,2025-03-25,46-60,Silver
C02008,Bangalore,2025-09-28,18-25,Silver
C02009,Bangalore,2025-02-21,36-45,Silver
C02010,Chennai,2025-06-18,46-60,Platinum
C02011,Delhi,2024-10-03,46-60,Gold
C02012,Hyderabad,2026-03-13,26-35,Silver
C02013,Mumbai,2025-02-23,36-45,Gold
C02014,Hyderabad,2025-05-04,26-35,Silver
C02015,Delhi,2025-10-07,18-25,Platinum
C02016,Bangalore,2025-11-04,26-35,Gold
C02017,Delhi,2025-01-10,18-25,Silver
C02018,Hyderabad,2026-04-21,26-35,Silver
C02019,Chennai,2025-11-04,46-60,Silver
C02020,Delhi,2025-09-15,46-60,Silver
C02021,Bangalore,2024-11-27,36-45,Silver
C02022,Bangalore,2024-07-22,18-25,Silver
C02023,Chennai,2025-03-23,46-60,Silver
C02024,Mumbai,2025-05-01,26-35,Gold
C02025,Hyderabad,2026-05-08,18-25,Gold
C02026,Chennai,2025-10-22,36-45,Silver
C02027,Mumbai,2026-05-02,36-45,Silver
C02028,Bangalore,2024-06-02,46-60,Gold
C02029,Bangalore,2024-12-12,26-35,Gold
C02030,Bangalore,2024-08-09,18-25,Gold
C02031,Delhi,2024-10-29,18-25,Gold
C02032,Delhi,2025-07-18,46-60,Silver
C02033,Delhi,2024-07-24,36-45,Gold
C02034,Chennai,2024-11-22,18-25,Silver
C02035,Hyderabad,2024-09-19,36-45,Gold
C02036,Chennai,2025-05-16,26-35,Silver
C02037,Bangalore,2026-04-11,26-35,Gold
C02038,Hyderabad,2025-09-19,18-25,Gold
C02039,Chennai,2024-10-05,26-35,Gold
C02040,Chennai,2024-08-31,36-45,Silver
C02041,Mumbai,2024-07-14,26-35,Silver
C02042,Chennai,2025-07-24,46-60,Gold
C02043,Delhi,2026-04-10,18-25,Platinum
C02044,Bangalore,2024-10-19,46-60,Gold
C02045,Delhi,2024-12-15,18-25,Silver
C02046,Bangalore,2024-08-01,46-60,Platinum
C02047,Chennai,2025-09-30,26-35,Platinum
C02048,Mumbai,2025-09-13,46-60,Silver
C02049,Hyderabad,2024-10-26,26-35,Silver
C02050,Chennai,2025-01-20,36-45,Gold
C02051,Mumbai,2024-09-14,26-35,Silver
C02052,Mumbai,2024-12-17,36-45,Gold
C02053,Bangalore,2025-06-30,36-45,Silver
C02054,Delhi,2025-09-06,18-25,Silver
C02055,Bangalore,2025-11-27,26-35,Gold
C02056,Bangalore,2024-07-11,18-25,Silver
C02057,Mumbai,2025-08-05,18-25,Silver
C02058,Hyderabad,2025-03-01,18-25,Silver
C02059,Chennai,2025-12-08,26-35,Platinum
C02060,Delhi,2025-01-22,36-45,Silver
C02061,Bangalore,2024-05-16,26-35,Silver
C02062,Delhi,2026-01-09,46-60,Platinum
C02063,Chennai,2026-03-18,26-35,Silver
C02064,Chennai,2024-12-09,36-45,Silver
C02065,Delhi,2025-08-16,18-25,Silver
C02066,Hyderabad,2025-01-26,36-45,Silver
C02067,Delhi,2024-12-14,26-35,Platinum
C02068,Hyderabad,2024-09-19,46-60,Silver
C02069,Bangalore,2024-10-08,26-35,Silver
C02070,Bangalore,2025-08-21,36-45,Silver
C02071,Delhi,2025-10-26,26-35,Silver
C02072,Bangalore,2026-01-23,36-45,Gold
C02073,Delhi,2025-12-15,36-45,Gold
C02074,Mumbai,2025-08-09,26-35,Gold
C02075,Chennai,2026-03-01,46-60,Gold
C02076,Hyderabad,2024-06-02,46-60,Silver
C02077,Bangalore,2026-02-28,46-60,Silver
C02078,Bangalore,2025-03-31,26-35,Silver
C02079,Delhi,2024-11-10,46-60,Silver
C02080,Mumbai,2025-06-29,36-45,Gold
C02081,Chennai,2026-02-11,18-25,Silver
C02082,Delhi,2025-05-15,46-60,Silver
C02083,Bangalore,2024-11-17,46-60,Platinum
C02084,Chennai,2024-11-29,26-35,Gold
C02085,Delhi,2024-12-27,36-45,Gold
C02086,Mumbai,2026-04-27,26-35,Gold
C02087,Bangalore,2024-07-21,36-45,Gold
C02088,Delhi,2025-01-18,26-35,Silver
C02089,Hyderabad,2024-11-08,36-45,Gold
C02090,Delhi,2025-12-05,18-25,Silver
C02091,Delhi,2026-02-11,46-60,Silver
C02092,Mumbai,2025-04-07,18-25,Silver
C02093,Chennai,2025-10-06,36-45,Silver
C02094,Chennai,2025-11-21,26-35,Silver
C02095,Delhi,2025-07-14,36-45,Platinum
C02096,Bangalore,2025-12-11,26-35,Silver
C02097,Mumbai,2026-05-02,26-35,Silver
C02098,Chennai,2025-08-13,36-45,Silver
C02099,Bangalore,2024-07-25,36-45,Silver
C02100,Delhi,2025-10-18,36-45,Silver
C02101,Hyderabad,2026-02-03,36-45,Silver
C02102,Bangalore,2026-05-05,46-60,Silver
C02103,Mumbai,2026-01-06,26-35,Silver
C02104,Chennai,2026-02-14,26-35,Gold
C02105,Hyderabad,2025-01-30,18-25,Silver
C02106,Chennai,2025-07-29,36-45,Silver
C02107,Mumbai,2025-01-28,36-45,Silver
C02108,Mumbai,2026-02-08,46-60,Platinum
C02109,Delhi,2025-01-27,18-25,Silver
C02110,Mumbai,2026-03-20,26-35,Gold
C02111,Delhi,2025-03-23,46-60,Silver
C02112,Mumbai,2025-04-25,46-60,Silver
C02113,Hyderabad,2026-01-14,26-35,Silver
C02114,Bangalore,2025-05-01,46-60,Gold
C02115,Delhi,2024-12-17,18-25,Silver
C02116,Bangalore,2025-08-11,18-25,Silver
C02117,Bangalore,2026-03-23,26-35,Gold
C02118,Bangalore,2026-04-04,26-35,Silver
C02119,Chennai,2026-01-02,18-25,Gold
C02120,Bangalore,2024-10-02,36-45,Silver
C02121,Hyderabad,2024-12-31,18-25,Silver
C02122,Hyderabad,2025-08-14,46-60,Silver
C02123,Chennai,2025-06-11,46-60,Silver
C02124,Mumbai,2024-12-27,18-25,Silver
C02125,Mumbai,2025-10-02,18-25,Silver
C02126,Mumbai,2026-02-03,46-60,Silver
C02127,Hyderabad,2025-09-30,18-25,Silver
C02128,Delhi,2024-11-27,18-25,Gold
C02129,Mumbai,2024-06-06,26-35,Gold
C02130,Mumbai,2025-01-15,26-35,Silver
C02131,Hyderabad,2026-01-10,26-35,Silver
C02132,Delhi,2026-01-06,36-45,Silver
C02133,Mumbai,2024-12-20,26-35,Silver
C02134,Chennai,2025-04-05,46-60,Silver
C02135,Delhi,2026-02-27,36-45,Silver
C02136,Hyderabad,2025-11-20,18-25,Silver
C02137,Mumbai,2024-09-21,46-60,Platinum
C02138,Delhi,2025-09-24,36-45,Silver
C02139,Chennai,2024-10-25,18-25,Platinum
C02140,Hyderabad,2025-12-15,18-25,Gold
C02141,Mumbai,2026-05-10,36-45,Gold
C02142,Chennai,2025-11-14,36-45,Silver
C02143,Bangalore,2025-12-30,26-35,Silver
C02144,Mumbai,2026-04-24,26-35,Silver
C02145,Hyderabad,2025-11-12,36-45,Silver
C02146,Chennai,2025-11-29,46-60,Silver
C02147,Delhi,2025-05-12,26-35,Gold
C02148,Mumbai,2025-12-16,26-35,Silver
C02149,Hyderabad,2025-12-04,18-25,Silver
C02150,Delhi,2024-12-23,46-60,Silver
C02151,Delhi,2025-07-28,26-35,Silver
C02152,Bangalore,2024-09-22,26-35,Gold
C02153,Chennai,2026-04-08,46-60,Gold
C02154,Chennai,2024-10-03,26-35,Platinum
C02155,Chennai,2025-09-04,46-60,Silver
C02156,Bangalore,2025-12-15,36-45,Silver
C02157,Delhi,2025-02-11,46-60,Silver
C02158,Bangalore,2024-09-06,26-35,Gold
C02159,Hyderabad,2025-03-06,18-25,Silver
C02160,Mumbai,2024-08-25,36-45,Gold
C02161,Bangalore,2024-12-25,18-25,Gold
C02162,Chennai,2024-06-22,26-35,Platinum
C02163,Hyderabad,2025-04-28,36-45,Silver
C02164,Bangalore,2025-06-05,26-35,Silver
C02165,Chennai,2026-03-14,18-25,Silver
C02166,Delhi,2025-05-19,18-25,Silver
C02167,Bangalore,2025-11-13,26-35,Silver
C02168,Chennai,2024-12-14,18-25,Silver
C02169,Hyderabad,2024-07-27,46-60,Silver
C02170,Mumbai,2025-03-24,26-35,Silver
C02171,Bangalore,2025-02-06,36-45,Gold
C02172,Mumbai,2024-10-22,46-60,Gold
C02173,Bangalore,2025-04-26,36-45,Silver
C02174,Mumbai,2024-10-28,26-35,Gold
C02175,Hyderabad,2024-11-15,36-45,Platinum
C02176,Chennai,2024-09-07,18-25,Silver
C02177,Hyderabad,2025-10-15,18-25,Platinum
C02178,Hyderabad,2026-02-25,18-25,Gold
C02179,Delhi,2024-07-24,36-45,Gold
C02180,Hyderabad,2025-08-12,18-25,Silver
C02181,Chennai,2024-12-25,18-25,Gold
C02182,Delhi,2025-01-01,26-35,Silver
C02183,Hyderabad,2024-11-04,26-35,Silver
C02184,Delhi,2025-05-24,18-25,Silver
C02185,Delhi,2025-03-17,18-25,Silver
C02186,Hyderabad,2025-12-11,18-25,Silver
C02187,Hyderabad,2025-06-04,36-45,Gold
C02188,Mumbai,2026-05-09,26-35,Gold
C02189,Delhi,2025-08-03,18-25,Gold
C02190,Chennai,2024-08-26,18-25,Gold
C02191,Bangalore,2025-08-13,26-35,Silver
C02192,Delhi,2025-06-29,46-60,Gold
C02193,Bangalore,2025-02-01,18-25,Gold
C02194,Mumbai,2024-07-05,26-35,Silver
C02195,Chennai,2024-10-25,18-25,Silver
C02196,Delhi,2025-08-15,18-25,Platinum
C02197,Hyderabad,2024-08-27,18-25,Silver
C02198,Bangalore,2025-04-08,18-25,Silver
C02199,Bangalore,2025-06-01,18-25,Silver
C02200,Chennai,2024-09-02,36-45,Silver
C02201,Delhi,2024-07-06,18-25,Silver
C02202,Mumbai,2025-06-06,36-45,Silver
C02203,Delhi,2024-09-29,46-60,Gold
C02204,Delhi,2024-07-03,26-35,Gold
C02205,Bangalore,2024-10-25,26-35,Silver
C02206,Chennai,2024-12-31,46-60,Gold
C02207,Bangalore,2025-11-15,18-25,Gold
C02208,Hyderabad,2024-08-05,36-45,Silver
C02209,Bangalore,2024-06-14,36-45,Gold
C02210,Bangalore,2025-07-17,18-25,Silver
C02211,Hyderabad,2025-05-13,46-60,Gold
C02212,Chennai,2025-12-28,26-35,Gold
C02213,Mumbai,2025-03-21,26-35,Silver
C02214,Hyderabad,2026-04-22,36-45,Silver
C02215,Mumbai,2025-10-12,46-60,Silver
C02216,Hyderabad,2025-06-06,26-35,Silver
C02217,Mumbai,2026-03-04,46-60,Silver
C02218,Bangalore,2024-07-16,26-35,Silver
C02219,Chennai,2025-07-07,26-35,Platinum
C02220,Delhi,2025-10-16,46-60,Silver
C02221,Chennai,2024-11-10,18-25,Silver
C02222,Mumbai,2024-12-01,46-60,Silver
C02223,Bangalore,2025-02-09,36-45,Silver
C02224,Chennai,2026-01-24,26-35,Silver
C02225,Hyderabad,2025-07-19,26-35,Gold
C02226,Mumbai,2025-07-20,18-25,Gold
C02227,Mumbai,2025-12-29,18-25,Silver
C02228,Hyderabad,2026-03-07,36-45,Silver
C02229,Chennai,2026-03-03,18-25,Silver
C02230,Delhi,2026-05-07,46-60,Silver
C02231,Mumbai,2026-04-12,46-60,Silver
C02232,Mumbai,2024-06-16,46-60,Gold
C02233,Mumbai,2026-02-14,36-45,Silver
C02234,Chennai,2025-10-20,36-45,Platinum
C02235,Delhi,2026-01-11,46-60,Silver
C02236,Delhi,2024-12-03,36-45,Silver
C02237,Hyderabad,2024-06-08,36-45,Platinum
C02238,Chennai,2024-10-25,36-45,Silver
C02239,Mumbai,2026-04-06,18-25,Silver
C02240,Delhi,2025-05-13,46-60,Silver
C02241,Hyderabad,2025-10-25,18-25,Platinum
C02242,Mumbai,2024-08-21,36-45,Silver
C02243,Hyderabad,2026-03-20,36-45,Gold
C02244,Chennai,2024-12-30,36-45,Gold
C02245,Hyderabad,2025-12-27,46-60,Gold
C02246,Chennai,2025-02-11,26-35,Gold
C02247,Delhi,2025-04-08,36-45,Silver
C02248,Hyderabad,2024-10-22,18-25,Platinum
C02249,Chennai,2024-12-21,26-35,Platinum
C02250,Mumbai,2025-03-20,26-35,Gold
C02251,Bangalore,2024-12-16,46-60,Gold
C02252,Bangalore,2024-06-11,26-35,Gold
C02253,Delhi,2025-08-07,36-45,Platinum
C02254,Chennai,2025-07-21,26-35,Silver
C02255,Mumbai,2025-11-24,26-35,Silver
C02256,Mumbai,2026-01-17,18-25,Silver
C02257,Chennai,2026-05-11,46-60,Silver
C02258,Bangalore,2024-08-13,18-25,Gold
C02259,Bangalore,2025-02-18,36-45,Gold
C02260,Mumbai,2025-04-01,18-25,Silver
C02261,Hyderabad,2025-10-27,36-45,Silver
C02262,Bangalore,2024-10-04,26-35,Platinum
C02263,Chennai,2024-07-11,36-45,Gold
C02264,Mumbai,2024-05-26,18-25,Gold
C02265,Chennai,2025-02-17,36-45,Silver
C02266,Delhi,2024-07-19,18-25,Silver
C02267,Chennai,2025-09-19,26-35,Gold
C02268,Delhi,2025-05-15,18-25,Silver
C02269,Hyderabad,2024-08-29,18-25,Silver
C02270,Hyderabad,2025-07-05,26-35,Gold
C02271,Mumbai,2025-03-03,36-45,Silver
C02272,Hyderabad,2025-11-04,26-35,Gold
C02273,Delhi,2025-09-21,26-35,Gold
C02274,Hyderabad,2026-02-04,26-35,Silver
C02275,Delhi,2025-10-31,18-25,Gold
C02276,Mumbai,2026-03-24,26-35,Gold
C02277,Chennai,2024-12-17,46-60,Silver
C02278,Delhi,2026-01-13,26-35,Silver
C02279,Hyderabad,2024-11-01,26-35,Silver
C02280,Hyderabad,2024-08-28,26-35,Silver
C02281,Delhi,2025-12-18,26-35,Silver
C02282,Bangalore,2024-09-15,46-60,Silver
C02283,Mumbai,2025-07-28,36-45,Silver
C02284,Bangalore,2025-06-11,46-60,Silver
C02285,Bangalore,2025-12-10,26-35,Silver
C02286,Delhi,2025-03-13,36-45,Silver
C02287,Bangalore,2025-08-13,46-60,Gold
C02288,Delhi,2025-10-12,26-35,Gold
C02289,Chennai,2025-07-02,26-35,Platinum
C02290,Delhi,2024-10-23,36-45,Gold
C02291,Bangalore,2025-08-13,36-45,Gold
C02292,Hyderabad,2025-02-15,46-60,Silver
C02293,Mumbai,2025-02-17,46-60,Gold
C02294,Chennai,2024-12-08,36-45,Silver
C02295,Bangalore,2025-10-23,18-25,Gold
C02296,Hyderabad,2026-02-28,36-45,Gold
C02297,Bangalore,2025-11-05,18-25,Platinum
C02298,Chennai,2024-11-14,26-35,Silver
C02299,Bangalore,2024-08-24,46-60,Silver
C02300,Delhi,2025-05-05,46-60,Silver
C02301,Mumbai,2026-01-03,46-60,Gold
C02302,Mumbai,2025-08-16,18-25,Silver
C02303,Hyderabad,2026-04-03,18-25,Silver
C02304,Bangalore,2025-08-07,46-60,Silver
C02305,Hyderabad,2026-02-01,46-60,Gold
C02306,Chennai,2024-08-05,18-25,Silver
C02307,Mumbai,2026-05-07,18-25,Silver
C02308,Delhi,2024-11-13,18-25,Silver
C02309,Mumbai,2025-09-19,36-45,Gold
C02310,Bangalore,2025-02-09,36-45,Silver
C02311,Delhi,2026-05-01,18-25,Silver
C02312,Bangalore,2026-04-27,26-35,Gold
C02313,Delhi,2025-03-08,36-45,Silver
C02314,Bangalore,2025-01-16,18-25,Silver
C02315,Delhi,2024-12-29,26-35,Silver
C02316,Hyderabad,2025-01-04,18-25,Silver
C02317,Mumbai,2026-05-08,26-35,Platinum
C02318,Hyderabad,2026-01-18,26-35,Gold
C02319,Chennai,2024-10-09,46-60,Silver
C02320,Bangalore,2024-10-01,36-45,Gold
C02321,Delhi,2025-02-10,36-45,Platinum
C02322,Bangalore,2024-09-13,36-45,Gold
C02323,Mumbai,2024-10-15,18-25,Silver
C02324,Bangalore,2024-09-23,36-45,Gold
C02325,Chennai,2025-04-19,26-35,Platinum
C02326,Bangalore,2025-06-25,36-45,Gold
C02327,Bangalore,2026-04-03,46-60,Platinum
C02328,Delhi,2026-02-08,36-45,Platinum
C02329,Bangalore,2025-12-09,26-35,Gold
C02330,Mumbai,2025-01-05,46-60,Platinum
C02331,Chennai,2025-07-12,46-60,Silver
C02332,Chennai,2025-10-10,18-25,Silver
C02333,Hyderabad,2025-08-14,18-25,Silver
C02334,Hyderabad,2026-03-24,46-60,Silver
C02335,Hyderabad,2024-05-27,46-60,Silver
C02336,Bangalore,2025-08-13,26-35,Silver
C02337,Mumbai,2024-06-05,36-45,Silver
C02338,Mumbai,2025-12-04,36-45,Silver
C02339,Chennai,2025-10-17,46-60,Gold
C02340,Delhi,2025-11-16,46-60,Silver
C02341,Hyderabad,2026-02-07,46-60,Platinum
C02342,Delhi,2024-06-26,18-25,Gold
C02343,Chennai,2025-02-11,18-25,Silver
C02344,Delhi,2024-09-05,18-25,Gold
C02345,Chennai,2026-05-12,36-45,Silver
C02346,Mumbai,2025-12-19,26-35,Silver
C02347,Delhi,2024-06-10,18-25,Gold
C02348,Chennai,2025-04-19,26-35,Gold
C02349,Chennai,2025-10-03,36-45,Silver
C02350,Mumbai,2024-10-24,18-25,Gold
C02351,Mumbai,2024-11-16,26-35,Silver
C02352,Hyderabad,2024-08-14,26-35,Silver
C02353,Mumbai,2024-08-26,18-25,Gold
C02354,Chennai,2026-02-14,18-25,Gold
C02355,Delhi,2026-05-16,36-45,Silver
C02356,Mumbai,2026-01-28,46-60,Silver
C02357,Delhi,2026-01-15,36-45,Gold
C02358,Bangalore,2024-10-31,36-45,Silver
C02359,Mumbai,2026-01-15,26-35,Silver
C02360,Mumbai,2026-03-25,36-45,Silver
C02361,Mumbai,2026-01-11,46-60,Silver
C02362,Delhi,2025-11-10,18-25,Silver
C02363,Bangalore,2025-08-22,36-45,Silver
C02364,Hyderabad,2024-08-31,18-25,Gold
C02365,Chennai,2025-07-18,46-60,Silver
C02366,Delhi,2026-02-12,26-35,Silver
C02367,Chennai,2025-03-06,18-25,Gold
C02368,Bangalore,2024-12-21,46-60,Gold
C02369,Mumbai,2024-12-13,36-45,Silver
C02370,Delhi,2026-03-20,36-45,Gold
C02371,Mumbai,2025-07-31,36-45,Gold
C02372,Chennai,2025-09-08,36-45,Platinum
C02373,Bangalore,2025-03-29,46-60,Silver
C02374,Bangalore,2024-06-29,18-25,Silver
C02375,Bangalore,2025-06-23,26-35,Silver
C02376,Bangalore,2025-02-25,26-35,Gold
C02377,Delhi,2024-09-02,26-35,Silver
C02378,Delhi,2025-01-04,36-45,Gold
C02379,Chennai,2026-02-20,36-45,Gold
C02380,Bangalore,2025-04-23,46-60,Gold
C02381,Delhi,2024-11-05,46-60,Silver
C02382,Bangalore,2025-08-15,36-45,Silver
C02383,Hyderabad,2025-07-30,18-25,Silver
C02384,Bangalore,2026-05-15,36-45,Gold
C02385,Chennai,2026-04-24,18-25,Silver
C02386,Chennai,2025-04-15,36-45,Gold
C02387,Chennai,2025-03-29,36-45,Gold
C02388,Delhi,2025-02-04,26-35,Silver
C02389,Mumbai,2025-12-17,36-45,Silver
C02390,Bangalore,2024-07-16,36-45,Silver
C02391,Chennai,2025-05-18,36-45,Gold
C02392,Bangalore,2024-09-15,36-45,Silver
C02393,Hyderabad,2024-09-29,26-35,Gold
C02394,Mumbai,2026-05-16,36-45,Silver
C02395,Hyderabad,2025-10-06,26-35,Silver
C02396,Chennai,2025-09-26,18-25,Silver
C02397,Mumbai,2026-02-17,46-60,Silver
C02398,Delhi,2025-03-16,36-45,Gold
C02399,Bangalore,2025-04-12,26-35,Gold
C02400,Chennai,2024-08-29,46-60,Silver
C02401,Delhi,2024-06-20,18-25,Platinum
C02402,Bangalore,2025-05-24,26-35,Silver
C02403,Mumbai,2024-07-30,18-25,Silver
C02404,Chennai,2025-01-21,18-25,Gold
C02405,Chennai,2024-07-14,36-45,Platinum
C02406,Hyderabad,2026-02-27,46-60,Silver
C02407,Hyderabad,2024-06-27,18-25,Silver
C02408,Hyderabad,2025-06-13,18-25,Platinum
C02409,Bangalore,2025-07-05,36-45,Platinum
C02410,Mumbai,2026-03-22,26-35,Silver
C02411,Hyderabad,2026-05-01,46-60,Silver
C02412,Delhi,2024-10-08,36-45,Gold
C02413,Mumbai,2025-04-06,18-25,Silver
C02414,Mumbai,2024-05-21,26-35,Silver
C02415,Mumbai,2025-12-26,26-35,Silver
C02416,Mumbai,2024-12-22,18-25,Silver
C02417,Delhi,2026-03-03,46-60,Silver
C02418,Hyderabad,2025-12-23,46-60,Silver
C02419,Mumbai,2024-09-01,18-25,Silver
C02420,Bangalore,2026-03-07,18-25,Silver
C02421,Bangalore,2026-05-14,46-60,Gold
C02422,Mumbai,2026-03-22,26-35,Silver
C02423,Hyderabad,2024-08-06,36-45,Platinum
C02424,Hyderabad,2024-11-21,46-60,Gold
C02425,Chennai,2025-05-12,26-35,Gold
C02426,Bangalore,2026-01-24,18-25,Silver
C02427,Chennai,2024-11-13,18-25,Gold
C02428,Delhi,2026-01-28,26-35,Platinum
C02429,Hyderabad,2025-01-15,46-60,Gold
C02430,Hyderabad,2026-04-09,46-60,Silver
C02431,Mumbai,2024-09-06,18-25,Silver
C02432,Mumbai,2024-09-05,36-45,Gold
C02433,Bangalore,2025-06-04,46-60,Silver
C02434,Bangalore,2024-07-08,46-60,Silver
C02435,Bangalore,2025-04-17,46-60,Silver
C02436,Hyderabad,2025-02-28,36-45,Gold
C02437,Bangalore,2025-11-16,18-25,Silver
C02438,Bangalore,2026-04-22,46-60,Gold
C02439,Chennai,2025-09-02,36-45,Platinum
C02440,Bangalore,2026-03-20,26-35,Gold
C02441,Bangalore,2025-07-26,26-35,Platinum
C02442,Chennai,2025-11-28,36-45,Gold
C02443,Delhi,2025-02-18,18-25,Silver
C02444,Delhi,2025-12-02,36-45,Silver
C02445,Chennai,2024-05-31,18-25,Silver
C02446,Hyderabad,2025-03-25,36-45,Gold
C02447,Mumbai,2025-12-18,36-45,Silver
C02448,Mumbai,2024-06-07,36-45,Gold
C02449,Mumbai,2024-08-29,26-35,Platinum
C02450,Bangalore,2025-05-27,46-60,Silver
C02451,Mumbai,2025-09-30,36-45,Gold
C02452,Bangalore,2026-01-01,26-35,Silver
C02453,Hyderabad,2025-09-28,46-60,Gold
C02454,Bangalore,2025-08-26,36-45,Silver
C02455,Mumbai,2025-11-03,46-60,Silver
C02456,Chennai,2025-04-04,26-35,Gold
C02457,Chennai,2025-04-07,46-60,Silver
C02458,Bangalore,2025-12-31,46-60,Platinum
C02459,Mumbai,2026-04-16,36-45,Silver
C02460,Delhi,2024-09-11,18-25,Silver
C02461,Chennai,2025-08-04,18-25,Silver
C02462,Mumbai,2026-01-13,18-25,Silver
C02463,Delhi,2024-05-19,36-45,Silver
C02464,Bangalore,2025-03-29,26-35,Silver
C02465,Bangalore,2025-06-29,46-60,Gold
C02466,Mumbai,2025-08-22,46-60,Gold
C02467,Hyderabad,2026-01-31,46-60,Silver
C02468,Bangalore,2025-08-10,18-25,Silver
C02469,Bangalore,2025-01-25,18-25,Silver
C02470,Hyderabad,2025-09-21,36-45,Silver
C02471,Delhi,2024-12-24,46-60,Silver
C02472,Mumbai,2025-05-16,26-35,Gold
C02473,Hyderabad,2025-06-08,26-35,Platinum
C02474,Hyderabad,2025-11-12,26-35,Silver
C02475,Hyderabad,2026-01-01,26-35,Gold
C02476,Chennai,2026-04-27,46-60,Gold
C02477,Hyderabad,2026-02-06,26-35,Platinum
C02478,Chennai,2026-03-06,36-45,Silver
C02479,Delhi,2024-07-30,18-25,Gold
C02480,Bangalore,2024-08-03,26-35,Silver
C02481,Chennai,2025-09-12,18-25,Gold
C02482,Chennai,2025-11-20,26-35,Gold
C02483,Chennai,2025-06-01,26-35,Gold
C02484,Bangalore,2026-04-12,46-60,Gold
C02485,Chennai,2024-06-08,36-45,Platinum
C02486,Bangalore,2026-02-19,18-25,Silver
C02487,Bangalore,2025-12-01,46-60,Silver
C02488,Bangalore,2025-12-24,46-60,Platinum
C02489,Delhi,2026-05-10,18-25,Silver
C02490,Mumbai,2026-02-01,26-35,Platinum
C02491,Chennai,2025-10-14,46-60,Silver
C02492,Delhi,2024-07-05,26-35,Gold
C02493,Hyderabad,2024-08-19,46-60,Gold
C02494,Chennai,2026-02-17,36-45,Platinum
C02495,Delhi,2026-02-17,36-45,Silver
C02496,Mumbai,2025-11-07,46-60,Gold
C02497,Hyderabad,2025-10-17,36-45,Gold
C02498,Hyderabad,2025-09-11,18-25,Platinum
C02499,Bangalore,2025-01-31,26-35,Silver
C02500,Mumbai,2024-07-05,18-25,Silver
C02501,Bangalore,2025-10-30,26-35,Silver
C02502,Mumbai,2026-04-05,18-25,Silver
C02503,Chennai,2025-06-12,36-45,Silver
C02504,Bangalore,2025-09-14,36-45,Silver
C02505,Chennai,2026-03-17,18-25,Gold
C02506,Bangalore,2026-03-31,36-45,Silver
C02507,Hyderabad,2025-01-26,18-25,Silver
C02508,Hyderabad,2024-11-06,18-25,Gold
C02509,Delhi,2024-10-25,36-45,Gold
C02510,Delhi,2024-10-24,26-35,Silver
C02511,Hyderabad,2024-10-14,18-25,Platinum
C02512,Bangalore,2025-11-09,26-35,Silver
C02513,Mumbai,2024-10-04,26-35,Gold
C02514,Delhi,2026-05-04,36-45,Silver
C02515,Mumbai,2024-11-28,46-60,Silver
C02516,Delhi,2024-12-23,18-25,Silver
C02517,Hyderabad,2024-08-13,36-45,Silver
C02518,Bangalore,2026-04-10,46-60,Silver
C02519,Chennai,2025-06-07,36-45,Silver
C02520,Mumbai,2026-03-31,26-35,Silver
C02521,Hyderabad,2025-07-05,36-45,Gold
C02522,Delhi,2025-08-09,36-45,Silver
C02523,Hyderabad,2025-09-13,18-25,Gold
C02524,Bangalore,2024-12-29,36-45,Silver
C02525,Mumbai,2024-10-31,46-60,Silver
C02526,Bangalore,2024-11-16,36-45,Silver
C02527,Delhi,2024-12-31,46-60,Gold
C02528,Bangalore,2024-09-24,26-35,Platinum
C02529,Delhi,2026-03-31,18-25,Silver
C02530,Delhi,2024-12-09,26-35,Silver
C02531,Delhi,2026-03-06,18-25,Silver
C02532,Mumbai,2025-12-05,18-25,Gold
C02533,Mumbai,2026-01-23,18-25,Silver
C02534,Mumbai,2025-09-20,18-25,Silver
C02535,Delhi,2025-01-19,18-25,Silver
C02536,Bangalore,2026-01-11,18-25,Gold
C02537,Delhi,2025-08-15,36-45,Platinum
C02538,Hyderabad,2025-01-06,26-35,Gold
C02539,Hyderabad,2026-03-19,26-35,Platinum
C02540,Chennai,2025-11-24,18-25,Gold
C02541,Hyderabad,2026-01-22,46-60,Silver
C02542,Delhi,2026-02-08,36-45,Silver
C02543,Bangalore,2025-10-12,18-25,Silver
C02544,Bangalore,2024-08-08,46-60,Silver
C02545,Bangalore,2024-12-30,26-35,Gold
C02546,Delhi,2025-01-05,18-25,Gold
C02547,Delhi,2025-01-30,18-25,Silver
C02548,Hyderabad,2026-05-15,18-25,Silver
C02549,Bangalore,2026-02-16,46-60,Silver
C02550,Chennai,2024-06-13,36-45,Platinum
C02551,Hyderabad,2025-04-01,26-35,Silver
C02552,Hyderabad,2025-11-21,36-45,Gold
C02553,Mumbai,2025-06-08,26-35,Silver
C02554,Hyderabad,2025-06-07,46-60,Gold
C02555,Chennai,2025-11-02,26-35,Silver
C02556,Hyderabad,2026-03-21,26-35,Gold
C02557,Hyderabad,2024-08-24,26-35,Platinum
C02558,Delhi,2025-04-22,26-35,Silver
C02559,Hyderabad,2026-03-27,36-45,Silver
C02560,Mumbai,2026-04-10,46-60,Silver
C02561,Mumbai,2026-04-14,36-45,Platinum
C02562,Chennai,2025-07-26,46-60,Gold
C02563,Chennai,2025-07-04,36-45,Silver
C02564,Hyderabad,2025-08-31,36-45,Gold
C02565,Chennai,2025-12-22,46-60,Gold
C02566,Bangalore,2024-06-01,36-45,Platinum
C02567,Bangalore,2025-10-25,46-60,Silver
C02568,Hyderabad,2025-04-24,36-45,Silver
C02569,Mumbai,2026-01-16,18-25,Silver
C02570,Chennai,2025-03-30,26-35,Silver
C02571,Chennai,2024-09-28,46-60,Silver
C02572,Mumbai,2025-05-13,36-45,Silver
C02573,Hyderabad,2024-10-27,18-25,Silver
C02574,Mumbai,2026-05-13,46-60,Gold
C02575,Hyderabad,2026-04-20,26-35,Gold
C02576,Mumbai,2025-12-11,18-25,Platinum
C02577,Chennai,2025-03-31,18-25,Silver
C02578,Delhi,2025-09-29,18-25,Gold
C02579,Mumbai,2025-11-19,46-60,Silver
C02580,Bangalore,2025-05-29,46-60,Platinum
C02581,Bangalore,2026-02-04,26-35,Platinum
C02582,Hyderabad,2025-03-16,26-35,Silver
C02583,Chennai,2024-06-17,36-45,Gold
C02584,Delhi,2025-01-24,18-25,Silver
C02585,Mumbai,2025-03-24,46-60,Gold
C02586,Chennai,2026-02-06,18-25,Silver
C02587,Hyderabad,2026-01-03,18-25,Silver
C02588,Delhi,2026-05-11,36-45,Silver
C02589,Bangalore,2024-06-13,46-60,Silver
C02590,Hyderabad,2024-09-18,26-35,Silver
C02591,Hyderabad,2025-08-05,46-60,Silver
C02592,Chennai,2025-08-16,26-35,Platinum
C02593,Chennai,2026-03-25,36-45,Gold
C02594,Hyderabad,2025-11-22,46-60,Silver
C02595,Bangalore,2025-09-23,18-25,Gold
C02596,Mumbai,2025-07-10,18-25,Silver
C02597,Bangalore,2026-04-24,46-60,Platinum
C02598,Chennai,2024-12-30,18-25,Gold
C02599,Mumbai,2025-08-13,46-60,Gold
C02600,Bangalore,2026-02-20,26-35,Silver
C02601,Delhi,2025-04-21,18-25,Gold
C02602,Hyderabad,2026-03-15,18-25,Gold
C02603,Chennai,2024-12-14,36-45,Silver
C02604,Bangalore,2024-06-22,18-25,Gold
C02605,Mumbai,2026-04-16,46-60,Silver
C02606,Bangalore,2025-01-24,26-35,Silver
C02607,Bangalore,2025-01-08,18-25,Gold
C02608,Bangalore,2025-08-16,36-45,Gold
C02609,Mumbai,2025-05-10,36-45,Silver
C02610,Chennai,2025-12-22,26-35,Silver
C02611,Chennai,2024-07-18,36-45,Silver
C02612,Chennai,2025-04-16,36-45,Gold
C02613,Delhi,2024-12-22,26-35,Platinum
C02614,Delhi,2024-08-26,26-35,Silver
C02615,Mumbai,2025-02-16,26-35,Silver
C02616,Delhi,2024-12-17,36-45,Gold
C02617,Bangalore,2025-10-23,36-45,Silver
C02618,Hyderabad,2024-06-18,18-25,Silver
C02619,Hyderabad,2026-02-04,36-45,Silver
C02620,Delhi,2025-08-03,26-35,Gold
C02621,Chennai,2025-10-16,26-35,Gold
C02622,Delhi,2025-11-17,26-35,Gold
C02623,Hyderabad,2025-12-30,36-45,Gold
C02624,Chennai,2024-08-09,18-25,Silver
C02625,Mumbai,2024-05-20,36-45,Silver
C02626,Chennai,2025-11-03,46-60,Silver
C02627,Hyderabad,2024-08-03,46-60,Silver
C02628,Mumbai,2025-11-25,18-25,Platinum
C02629,Delhi,2024-11-22,36-45,Silver
C02630,Chennai,2026-01-13,46-60,Silver
C02631,Chennai,2024-05-26,36-45,Silver
C02632,Hyderabad,2025-10-06,18-25,Gold
C02633,Bangalore,2025-05-10,46-60,Gold
C02634,Delhi,2024-12-30,26-35,Silver
C02635,Chennai,2025-07-11,46-60,Silver
C02636,Delhi,2025-08-02,18-25,Silver
C02637,Bangalore,2026-02-12,36-45,Gold
C02638,Delhi,2025-01-09,18-25,Silver
C02639,Hyderabad,2024-07-05,18-25,Silver
C02640,Chennai,2026-01-26,26-35,Silver
C02641,Mumbai,2024-09-17,18-25,Gold
C02642,Mumbai,2026-02-21,18-25,Silver
C02643,Delhi,2025-04-22,26-35,Silver
C02644,Bangalore,2025-10-15,46-60,Silver
C02645,Mumbai,2026-01-01,26-35,Silver
C02646,Mumbai,2024-09-16,46-60,Gold
C02647,Chennai,2024-10-15,26-35,Silver
C02648,Chennai,2025-12-23,26-35,Silver
C02649,Bangalore,2026-01-10,46-60,Silver
C02650,Hyderabad,2024-10-12,18-25,Silver
C02651,Mumbai,2026-05-09,26-35,Silver
C02652,Delhi,2024-07-12,18-25,Platinum
C02653,Bangalore,2026-03-05,18-25,Silver
C02654,Delhi,2025-05-31,18-25,Silver
C02655,Chennai,2025-02-27,46-60,Gold
C02656,Hyderabad,2024-06-14,46-60,Silver
C02657,Mumbai,2026-05-12,36-45,Gold
C02658,Mumbai,2025-07-12,36-45,Gold
C02659,Bangalore,2025-01-05,26-35,Silver
C02660,Bangalore,2024-07-03,46-60,Silver
C02661,Chennai,2024-11-04,46-60,Silver
C02662,Hyderabad,2024-06-05,46-60,Silver
C02663,Bangalore,2026-01-10,26-35,Silver
C02664,Delhi,2025-09-06,46-60,Silver
C02665,Hyderabad,2025-08-05,18-25,Silver
C02666,Chennai,2024-08-10,36-45,Silver
C02667,Bangalore,2025-08-30,36-45,Gold
C02668,Chennai,2025-07-05,26-35,Silver
C02669,Delhi,2024-07-12,46-60,Gold
C02670,Mumbai,2024-11-24,36-45,Silver
C02671,Mumbai,2025-09-01,46-60,Gold
C02672,Delhi,2026-04-04,18-25,Silver
C02673,Bangalore,2024-10-19,46-60,Silver
C02674,Hyderabad,2025-02-17,26-35,Platinum
C02675,Mumbai,2024-05-18,36-45,Gold
C02676,Hyderabad,2024-10-01,18-25,Silver
C02677,Bangalore,2024-12-26,46-60,Silver
C02678,Hyderabad,2025-06-04,36-45,Silver
C02679,Chennai,2024-07-05,46-60,Silver
C02680,Bangalore,2024-07-17,18-25,Silver
C02681,Mumbai,2025-01-16,36-45,Silver
C02682,Delhi,2024-11-18,36-45,Silver
C02683,Chennai,2024-11-12,36-45,Silver
C02684,Bangalore,2025-10-26,36-45,Gold
C02685,Chennai,2025-12-04,18-25,Silver
C02686,Chennai,2026-04-22,18-25,Silver
C02687,Chennai,2025-02-17,26-35,Silver
C02688,Hyderabad,2025-05-31,18-25,Silver
C02689,Mumbai,2024-10-18,18-25,Silver
C02690,Chennai,2025-11-07,18-25,Silver
C02691,Chennai,2025-11-13,18-25,Platinum
C02692,Bangalore,2024-05-17,36-45,Gold
C02693,Mumbai,2026-04-21,36-45,Platinum
C02694,Bangalore,2024-09-06,46-60,Silver
C02695,Mumbai,2025-01-10,36-45,Silver
C02696,Chennai,2025-09-19,36-45,Silver
C02697,Mumbai,2026-05-15,46-60,Silver
C02698,Delhi,2024-12-14,18-25,Silver
C02699,Chennai,2026-05-07,36-45,Silver
C02700,Mumbai,2025-01-15,18-25,Silver
C02701,Hyderabad,2026-02-03,46-60,Silver
C02702,Mumbai,2026-03-30,18-25,Silver
C02703,Hyderabad,2025-03-23,46-60,Gold
C02704,Bangalore,2025-01-30,46-60,Gold
C02705,Mumbai,2025-06-23,36-45,Silver
C02706,Bangalore,2025-06-17,36-45,Silver
C02707,Hyderabad,2025-06-03,26-35,Silver
C02708,Bangalore,2024-07-28,18-25,Silver
C02709,Delhi,2025-08-11,18-25,Gold
C02710,Delhi,2026-05-04,36-45,Silver
C02711,Hyderabad,2024-12-19,26-35,Gold
C02712,Hyderabad,2024-10-10,18-25,Silver
C02713,Delhi,2026-03-30,36-45,Gold
C02714,Mumbai,2025-04-04,36-45,Gold
C02715,Delhi,2024-10-05,26-35,Silver
C02716,Mumbai,2026-03-16,26-35,Gold
C02717,Delhi,2024-09-16,18-25,Silver
C02718,Mumbai,2026-02-25,46-60,Silver
C02719,Delhi,2026-02-22,36-45,Gold
C02720,Delhi,2026-01-07,18-25,Gold
C02721,Hyderabad,2026-02-16,18-25,Gold
C02722,Hyderabad,2024-05-31,36-45,Platinum
C02723,Chennai,2024-07-19,26-35,Gold
C02724,Delhi,2025-12-02,36-45,Silver
C02725,Chennai,2024-09-07,18-25,Gold
C02726,Chennai,2025-01-23,36-45,Gold
C02727,Mumbai,2025-11-13,26-35,Silver
C02728,Mumbai,2025-10-28,26-35,Gold
C02729,Delhi,2025-10-18,26-35,Silver
C02730,Bangalore,2025-02-09,18-25,Silver
C02731,Bangalore,2025-11-19,18-25,Silver
C02732,Delhi,2024-08-18,18-25,Silver
C02733,Mumbai,2025-10-20,36-45,Silver
C02734,Hyderabad,2024-09-26,36-45,Gold
C02735,Chennai,2025-04-01,36-45,Silver
C02736,Chennai,2025-09-23,18-25,Gold
C02737,Hyderabad,2024-10-27,26-35,Silver
C02738,Mumbai,2025-07-11,26-35,Gold
C02739,Mumbai,2024-09-27,46-60,Silver
C02740,Hyderabad,2025-06-10,46-60,Silver
C02741,Mumbai,2025-11-16,18-25,Silver
C02742,Chennai,2025-07-19,36-45,Gold
C02743,Hyderabad,2025-11-29,18-25,Silver
C02744,Bangalore,2025-03-20,26-35,Silver
C02745,Chennai,2025-10-15,26-35,Silver
C02746,Mumbai,2025-05-28,46-60,Silver
C02747,Chennai,2025-11-19,26-35,Platinum
C02748,Chennai,2025-07-18,18-25,Gold
C02749,Chennai,2024-08-01,18-25,Silver
C02750,Mumbai,2024-11-26,18-25,Gold
C02751,Chennai,2025-05-27,36-45,Platinum
C02752,Bangalore,2024-10-04,46-60,Silver
C02753,Bangalore,2024-08-19,36-45,Silver
C02754,Mumbai,2025-07-30,36-45,Silver
C02755,Hyderabad,2024-07-05,46-60,Silver
C02756,Bangalore,2025-10-12,46-60,Gold
C02757,Bangalore,2024-07-19,36-45,Silver
C02758,Chennai,2025-07-24,18-25,Silver
C02759,Delhi,2025-11-01,18-25,Silver
C02760,Bangalore,2025-04-10,26-35,Gold
C02761,Delhi,2025-02-20,36-45,Silver
C02762,Hyderabad,2024-06-11,46-60,Silver
C02763,Bangalore,2026-03-27,46-60,Gold
C02764,Chennai,2024-05-27,46-60,Silver
C02765,Bangalore,2024-10-07,36-45,Silver
C02766,Bangalore,2025-03-16,46-60,Silver
C02767,Delhi,2025-08-24,46-60,Silver
C02768,Mumbai,2026-01-23,46-60,Silver
C02769,Hyderabad,2025-01-12,18-25,Silver
C02770,Hyderabad,2025-01-09,26-35,Silver
C02771,Bangalore,2024-05-21,26-35,Silver
C02772,Delhi,2025-11-28,18-25,Platinum
C02773,Bangalore,2026-04-02,18-25,Silver
C02774,Delhi,2025-12-24,46-60,Silver
C02775,Bangalore,2025-03-09,26-35,Gold
C02776,Bangalore,2024-10-12,26-35,Gold
C02777,Mumbai,2025-03-01,46-60,Silver
C02778,Bangalore,2024-11-06,26-35,Silver
C02779,Delhi,2025-09-06,18-25,Platinum
C02780,Hyderabad,2024-07-24,18-25,Silver
C02781,Delhi,2024-09-21,26-35,Silver
C02782,Delhi,2025-09-18,26-35,Silver
C02783,Hyderabad,2025-06-21,46-60,Silver
C02784,Chennai,2025-01-24,36-45,Silver
C02785,Chennai,2024-07-09,26-35,Silver
C02786,Bangalore,2024-07-11,46-60,Silver
C02787,Chennai,2025-03-17,46-60,Silver
C02788,Delhi,2025-09-17,18-25,Gold
C02789,Delhi,2024-06-05,18-25,Silver
C02790,Mumbai,2024-07-03,26-35,Gold
C02791,Bangalore,2025-07-07,46-60,Silver
C02792,Delhi,2025-01-13,18-25,Silver
C02793,Hyderabad,2026-01-10,46-60,Silver
C02794,Mumbai,2025-04-25,46-60,Silver
C02795,Delhi,2025-06-20,46-60,Gold
C02796,Hyderabad,2025-03-28,26-35,Platinum
C02797,Mumbai,2025-09-05,36-45,Silver
C02798,Hyderabad,2024-09-15,26-35,Gold
C02799,Mumbai,2025-10-27,46-60,Silver
C02800,Bangalore,2025-06-26,26-35,Silver
C02801,Chennai,2024-11-02,36-45,Silver
C02802,Hyderabad,2024-08-24,36-45,Gold
C02803,Chennai,2024-07-27,26-35,Silver
C02804,Mumbai,2024-07-04,26-35,Silver
C02805,Hyderabad,2025-06-24,46-60,Gold
C02806,Bangalore,2026-04-20,36-45,Silver
C02807,Mumbai,2024-07-08,36-45,Platinum
C02808,Bangalore,2025-03-01,46-60,Silver
C02809,Bangalore,2025-02-13,18-25,Gold
C02810,Chennai,2024-07-06,26-35,Gold
C02811,Delhi,2026-02-01,18-25,Silver
C02812,Delhi,2025-02-04,26-35,Gold
C02813,Bangalore,2025-07-11,26-35,Gold
C02814,Hyderabad,2025-06-09,36-45,Silver
C02815,Chennai,2025-10-26,46-60,Silver
C02816,Mumbai,2024-09-18,18-25,Silver
C02817,Hyderabad,2025-06-16,46-60,Gold
C02818,Bangalore,2026-04-18,36-45,Gold
C02819,Bangalore,2026-04-27,18-25,Silver
C02820,Mumbai,2025-12-10,26-35,Gold
C02821,Chennai,2025-11-13,36-45,Silver
C02822,Delhi,2024-10-11,46-60,Silver
C02823,Delhi,2024-11-12,46-60,Gold
C02824,Chennai,2024-07-03,36-45,Silver
C02825,Mumbai,2025-11-04,46-60,Gold
C02826,Hyderabad,2024-10-06,36-45,Silver
C02827,Chennai,2024-12-14,36-45,Gold
C02828,Hyderabad,2024-05-18,46-60,Silver
C02829,Delhi,2024-07-19,26-35,Silver
C02830,Bangalore,2025-11-27,26-35,Silver
C02831,Chennai,2025-03-21,36-45,Silver
C02832,Bangalore,2025-09-16,46-60,Platinum
C02833,Bangalore,2025-12-21,36-45,Gold
C02834,Delhi,2026-05-06,26-35,Silver
C02835,Hyderabad,2025-04-16,26-35,Silver
C02836,Delhi,2024-10-16,18-25,Silver
C02837,Hyderabad,2026-04-19,26-35,Platinum
C02838,Mumbai,2024-06-29,46-60,Silver
C02839,Delhi,2026-01-07,26-35,Platinum
C02840,Delhi,2025-02-22,36-45,Silver
C02841,Hyderabad,2025-11-06,46-60,Platinum
C02842,Mumbai,2025-05-16,26-35,Gold
C02843,Chennai,2025-05-17,46-60,Gold
C02844,Bangalore,2025-11-13,36-45,Gold
C02845,Hyderabad,2025-08-06,36-45,Gold
C02846,Mumbai,2025-03-20,46-60,Platinum
C02847,Chennai,2024-09-17,46-60,Silver
C02848,Chennai,2025-06-13,46-60,Silver
C02849,Delhi,2024-09-13,46-60,Platinum
C02850,Hyderabad,2024-11-25,26-35,Gold
C02851,Mumbai,2024-09-20,46-60,Platinum
C02852,Delhi,2026-03-07,36-45,Gold
C02853,Delhi,2026-01-21,36-45,Silver
C02854,Mumbai,2025-06-12,46-60,Silver
C02855,Mumbai,2024-08-23,26-35,Silver
C02856,Mumbai,2025-02-15,36-45,Platinum
C02857,Delhi,2025-03-05,26-35,Gold
C02858,Hyderabad,2026-02-20,26-35,Platinum
C02859,Delhi,2026-05-13,36-45,Silver
C02860,Mumbai,2026-03-22,46-60,Platinum
C02861,Bangalore,2025-11-01,18-25,Silver
C02862,Delhi,2026-02-11,18-25,Gold
C02863,Chennai,2024-07-06,18-25,Gold
C02864,Bangalore,2025-12-02,46-60,Gold
C02865,Mumbai,2026-01-18,18-25,Silver
C02866,Delhi,2024-09-22,46-60,Silver
C02867,Chennai,2026-02-28,26-35,Silver
C02868,Bangalore,2025-05-03,46-60,Silver
C02869,Delhi,2024-09-25,36-45,Gold
C02870,Chennai,2024-10-11,36-45,Silver
C02871,Hyderabad,2024-06-06,46-60,Gold
C02872,Delhi,2025-02-07,36-45,Platinum
C02873,Delhi,2026-01-21,36-45,Gold
C02874,Chennai,2026-03-08,36-45,Gold
C02875,Delhi,2025-11-25,46-60,Silver
C02876,Mumbai,2025-04-11,36-45,Silver
C02877,Bangalore,2025-12-07,46-60,Silver
C02878,Chennai,2024-08-27,26-35,Silver
C02879,Bangalore,2025-12-12,26-35,Silver
C02880,Mumbai,2024-06-04,46-60,Platinum
C02881,Delhi,2024-11-22,18-25,Silver
C02882,Hyderabad,2025-12-25,18-25,Silver
C02883,Mumbai,2026-04-26,26-35,Silver
C02884,Bangalore,2025-12-02,46-60,Platinum
C02885,Bangalore,2025-12-03,26-35,Silver
C02886,Mumbai,2025-01-04,46-60,Silver
C02887,Mumbai,2025-07-26,18-25,Gold
C02888,Hyderabad,2025-09-30,26-35,Silver
C02889,Delhi,2026-02-11,18-25,Gold
C02890,Chennai,2025-07-17,26-35,Gold
C02891,Delhi,2025-12-18,26-35,Silver
C02892,Hyderabad,2024-06-08,36-45,Silver
C02893,Mumbai,2025-06-12,36-45,Silver
C02894,Bangalore,2024-12-25,36-45,Gold
C02895,Bangalore,2024-09-24,46-60,Gold
C02896,Mumbai,2025-01-06,36-45,Silver
C02897,Mumbai,2026-01-04,36-45,Silver
C02898,Bangalore,2024-05-26,36-45,Silver
C02899,Mumbai,2024-09-08,36-45,Gold
C02900,Mumbai,2025-04-26,18-25,Silver
C02901,Hyderabad,2025-01-31,18-25,Silver
C02902,Hyderabad,2026-02-03,46-60,Gold
C02903,Mumbai,2025-07-29,36-45,Silver
C02904,Bangalore,2026-04-02,18-25,Gold
C02905,Bangalore,2026-04-17,18-25,Gold
C02906,Mumbai,2025-12-14,36-45,Gold
C02907,Bangalore,2025-04-22,36-45,Gold
C02908,Mumbai,2026-04-09,46-60,Gold
C02909,Bangalore,2025-10-22,36-45,Platinum
C02910,Chennai,2024-10-28,18-25,Gold
C02911,Chennai,2025-01-12,46-60,Gold
C02912,Delhi,2026-04-07,26-35,Platinum
C02913,Mumbai,2026-01-27,18-25,Platinum
C02914,Hyderabad,2024-06-26,18-25,Silver
C02915,Delhi,2026-01-12,26-35,Silver
C02916,Delhi,2024-08-28,36-45,Silver
C02917,Mumbai,2025-11-26,46-60,Silver
C02918,Delhi,2025-03-14,36-45,Silver
C02919,Mumbai,2025-03-12,36-45,Silver
C02920,Delhi,2024-10-30,26-35,Silver
C02921,Delhi,2026-01-06,18-25,Gold
C02922,Bangalore,2025-07-26,18-25,Silver
C02923,Mumbai,2025-07-28,26-35,Gold
C02924,Bangalore,2026-04-23,26-35,Platinum
C02925,Bangalore,2025-11-06,46-60,Gold
C02926,Chennai,2025-03-13,26-35,Silver
C02927,Chennai,2024-07-31,18-25,Gold
C02928,Chennai,2025-02-01,18-25,Silver
C02929,Bangalore,2026-03-08,36-45,Gold
C02930,Mumbai,2025-11-22,18-25,Gold
C02931,Hyderabad,2024-08-11,46-60,Silver
C02932,Bangalore,2024-07-30,26-35,Silver
C02933,Bangalore,2025-02-28,18-25,Silver
C02934,Bangalore,2025-07-18,26-35,Silver
C02935,Chennai,2024-10-30,36-45,Silver
C02936,Chennai,2025-05-09,46-60,Silver
C02937,Hyderabad,2026-02-08,18-25,Silver
C02938,Delhi,2024-06-21,26-35,Silver
C02939,Hyderabad,2024-09-26,36-45,Gold
C02940,Mumbai,2026-02-12,46-60,Platinum
C02941,Mumbai,2024-07-29,36-45,Platinum
C02942,Mumbai,2025-06-05,46-60,Gold
C02943,Hyderabad,2025-01-13,46-60,Silver
C02944,Chennai,2025-03-11,18-25,Platinum
C02945,Mumbai,2025-01-22,18-25,Gold
C02946,Hyderabad,2024-08-15,36-45,Silver
C02947,Delhi,2026-04-01,26-35,Silver
C02948,Hyderabad,2024-09-12,46-60,Silver
C02949,Hyderabad,2024-07-18,26-35,Silver
C02950,Mumbai,2026-05-06,36-45,Gold
C02951,Delhi,2025-09-26,36-45,Gold
C02952,Chennai,2025-04-29,18-25,Silver
C02953,Chennai,2026-04-07,46-60,Gold
C02954,Hyderabad,2025-03-16,46-60,Silver
C02955,Chennai,2025-12-09,46-60,Gold
C02956,Hyderabad,2024-11-06,26-35,Gold
C02957,Chennai,2026-02-10,46-60,Gold
C02958,Mumbai,2025-08-30,36-45,Silver
C02959,Chennai,2024-06-07,26-35,Silver
C02960,Hyderabad,2025-03-07,36-45,Silver
C02961,Bangalore,2024-12-15,18-25,Gold
C02962,Mumbai,2025-02-10,36-45,Platinum
C02963,Mumbai,2025-11-22,36-45,Silver
C02964,Chennai,2025-10-07,26-35,Gold
C02965,Mumbai,2024-12-21,18-25,Platinum
C02966,Hyderabad,2025-03-11,26-35,Silver
C02967,Mumbai,2025-09-15,26-35,Silver
C02968,Chennai,2025-03-29,26-35,Silver
C02969,Mumbai,2025-07-03,36-45,Gold
C02970,Delhi,2024-05-19,18-25,Platinum
C02971,Delhi,2024-06-11,26-35,Platinum
C02972,Chennai,2025-05-12,18-25,Gold
C02973,Delhi,2026-04-10,26-35,Silver
C02974,Delhi,2024-07-25,36-45,Gold
C02975,Hyderabad,2025-01-23,26-35,Silver
C02976,Mumbai,2025-01-21,26-35,Gold
C02977,Chennai,2026-02-05,46-60,Silver
C02978,Delhi,2024-06-24,26-35,Silver
C02979,Delhi,2026-04-09,36-45,Silver
C02980,Delhi,2025-06-02,46-60,Silver
C02981,Hyderabad,2024-07-13,26-35,Silver
C02982,Mumbai,2026-01-03,36-45,Silver
C02983,Hyderabad,2024-05-29,36-45,Gold
C02984,Delhi,2026-03-28,46-60,Silver
C02985,Delhi,2024-11-02,26-35,Silver
C02986,Chennai,2026-02-19,46-60,Gold
C02987,Bangalore,2024-11-10,18-25,Platinum
C02988,Chennai,2025-04-14,26-35,Gold
C02989,Hyderabad,2025-02-22,46-60,Silver
C02990,Hyderabad,2024-12-24,36-45,Silver
C02991,Bangalore,2025-05-14,26-35,Silver
C02992,Delhi,2025-08-08,36-45,Platinum
C02993,Hyderabad,2025-05-01,26-35,Platinum
C02994,Delhi,2025-08-20,18-25,Gold
C02995,Hyderabad,2026-02-27,26-35,Silver
C02996,Bangalore,2025-03-19,18-25,Silver
C02997,Bangalore,2025-03-29,18-25,Gold
C02998,Delhi,2025-03-14,26-35,Gold
C02999,Mumbai,2026-04-14,46-60,Silver
C03000,Mumbai,2024-09-11,46-60,Silver
C03001,Mumbai,2026-02-13,18-25,Gold
C03002,Hyderabad,2026-04-10,46-60,Silver
C03003,Chennai,2024-12-31,46-60,Silver
C03004,Hyderabad,2026-01-30,36-45,Platinum
C03005,Chennai,2024-10-24,26-35,Silver
C03006,Mumbai,2025-06-02,26-35,Silver
C03007,Mumbai,2026-05-08,36-45,Silver
C03008,Delhi,2026-05-10,46-60,Gold
C03009,Bangalore,2025-03-30,46-60,Platinum
C03010,Bangalore,2026-02-08,36-45,Silver
C03011,Delhi,2026-01-13,36-45,Silver
C03012,Mumbai,2025-09-30,26-35,Silver
C03013,Hyderabad,2025-02-24,46-60,Gold
C03014,Hyderabad,2025-11-06,46-60,Gold
C03015,Chennai,2026-01-19,36-45,Silver
C03016,Bangalore,2024-07-10,36-45,Gold
C03017,Bangalore,2025-04-06,18-25,Silver
C03018,Mumbai,2025-01-19,26-35,Gold
C03019,Mumbai,2025-10-11,26-35,Silver
C03020,Chennai,2025-11-15,26-35,Platinum
C03021,Hyderabad,2025-09-23,36-45,Silver
C03022,Bangalore,2025-10-01,36-45,Silver
C03023,Mumbai,2026-02-27,36-45,Silver
C03024,Hyderabad,2025-03-26,18-25,Platinum
C03025,Mumbai,2025-12-30,18-25,Silver
C03026,Delhi,2025-10-20,26-35,Silver
C03027,Hyderabad,2025-03-21,26-35,Gold
C03028,Chennai,2024-09-03,26-35,Silver
C03029,Mumbai,2025-01-02,26-35,Silver
C03030,Delhi,2025-12-22,18-25,Silver
C03031,Hyderabad,2025-01-17,36-45,Platinum
C03032,Hyderabad,2024-12-15,36-45,Silver
C03033,Chennai,2026-04-04,26-35,Silver
C03034,Mumbai,2026-04-05,18-25,Gold
C03035,Delhi,2026-03-19,46-60,Gold
C03036,Hyderabad,2024-06-05,26-35,Silver
C03037,Hyderabad,2024-11-29,26-35,Platinum
C03038,Hyderabad,2025-04-27,18-25,Silver
C03039,Chennai,2024-10-05,18-25,Silver
C03040,Delhi,2024-09-26,26-35,Gold
C03041,Bangalore,2024-07-11,36-45,Silver
C03042,Hyderabad,2025-12-21,18-25,Silver
C03043,Chennai,2025-09-18,46-60,Silver
C03044,Mumbai,2024-11-20,36-45,Gold
C03045,Bangalore,2025-03-12,46-60,Gold
C03046,Chennai,2024-07-20,46-60,Silver
C03047,Delhi,2026-03-23,26-35,Silver
C03048,Chennai,2026-03-03,46-60,Gold
C03049,Delhi,2025-07-28,46-60,Silver
C03050,Delhi,2025-05-01,46-60,Platinum
C03051,Mumbai,2025-05-29,26-35,Gold
C03052,Delhi,2025-05-12,26-35,Silver
C03053,Delhi,2025-07-19,18-25,Silver
C03054,Hyderabad,2024-07-09,36-45,Silver
C03055,Mumbai,2026-03-20,46-60,Silver
C03056,Hyderabad,2025-12-25,26-35,Silver
C03057,Hyderabad,2024-11-02,18-25,Gold
C03058,Chennai,2024-07-23,26-35,Platinum
C03059,Chennai,2025-06-09,46-60,Gold
C03060,Chennai,2025-10-08,46-60,Silver
C03061,Mumbai,2026-03-18,46-60,Silver
C03062,Chennai,2024-12-18,26-35,Silver
C03063,Bangalore,2025-10-01,36-45,Silver
C03064,Bangalore,2024-10-24,18-25,Silver
C03065,Hyderabad,2025-01-20,18-25,Silver
C03066,Mumbai,2025-03-05,36-45,Gold
C03067,Chennai,2024-09-25,26-35,Silver
C03068,Chennai,2024-08-30,18-25,Gold
C03069,Delhi,2025-11-19,36-45,Silver
C03070,Bangalore,2026-03-15,26-35,Silver
C03071,Hyderabad,2024-05-17,36-45,Gold
C03072,Hyderabad,2024-08-26,26-35,Silver
C03073,Bangalore,2025-06-09,18-25,Silver
C03074,Bangalore,2025-05-16,46-60,Silver
C03075,Delhi,2024-06-27,18-25,Gold
C03076,Delhi,2025-03-17,46-60,Silver
C03077,Delhi,2025-03-14,26-35,Silver
C03078,Delhi,2026-04-02,46-60,Platinum
C03079,Bangalore,2024-10-27,26-35,Gold
C03080,Delhi,2025-03-15,26-35,Platinum
C03081,Delhi,2025-04-05,26-35,Silver
C03082,Mumbai,2026-01-02,46-60,Gold
C03083,Chennai,2025-02-25,26-35,Silver
C03084,Mumbai,2025-07-03,18-25,Gold
C03085,Hyderabad,2025-03-12,18-25,Silver
C03086,Hyderabad,2025-12-18,26-35,Silver
C03087,Chennai,2026-02-25,46-60,Silver
C03088,Mumbai,2025-08-04,18-25,Silver
C03089,Bangalore,2024-06-27,18-25,Gold
C03090,Delhi,2025-02-02,18-25,Silver
C03091,Hyderabad,2024-08-27,26-35,Silver
C03092,Bangalore,2024-09-06,36-45,Silver
C03093,Hyderabad,2025-11-15,26-35,Gold
C03094,Bangalore,2024-11-30,36-45,Silver
C03095,Bangalore,2025-07-19,18-25,Platinum
C03096,Hyderabad,2025-09-03,36-45,Gold
C03097,Bangalore,2025-07-05,36-45,Silver
C03098,Delhi,2025-09-03,26-35,Silver
C03099,Delhi,2025-06-21,26-35,Silver
C03100,Delhi,2025-02-23,26-35,Gold
C03101,Hyderabad,2025-06-29,46-60,Silver
C03102,Hyderabad,2026-04-23,46-60,Silver
C03103,Chennai,2026-02-08,18-25,Gold
C03104,Mumbai,2026-01-26,46-60,Silver
C03105,Delhi,2025-07-02,46-60,Gold
C03106,Delhi,2025-08-11,36-45,Silver
C03107,Delhi,2024-06-25,46-60,Gold
C03108,Mumbai,2026-03-25,18-25,Gold
C03109,Mumbai,2025-12-29,46-60,Silver
C03110,Mumbai,2025-03-31,36-45,Gold
C03111,Bangalore,2024-05-20,46-60,Silver
C03112,Bangalore,2024-06-24,46-60,Gold
C03113,Chennai,2024-06-30,36-45,Silver
C03114,Delhi,2025-05-29,26-35,Silver
C03115,Mumbai,2024-12-29,18-25,Silver
C03116,Chennai,2024-05-30,46-60,Gold
C03117,Chennai,2025-04-08,46-60,Silver
C03118,Hyderabad,2025-07-07,26-35,Silver
C03119,Bangalore,2026-01-09,46-60,Silver
C03120,Hyderabad,2025-09-14,46-60,Silver
C03121,Mumbai,2025-07-26,36-45,Silver
C03122,Hyderabad,2025-08-29,36-45,Gold
C03123,Delhi,2024-12-09,18-25,Silver
C03124,Chennai,2024-09-16,36-45,Gold
C03125,Mumbai,2025-11-16,46-60,Gold
C03126,Delhi,2024-10-09,18-25,Silver
C03127,Mumbai,2026-04-09,18-25,Silver
C03128,Chennai,2024-07-14,18-25,Silver
C03129,Delhi,2024-10-09,26-35,Silver
C03130,Bangalore,2025-10-23,46-60,Silver
C03131,Mumbai,2026-03-12,26-35,Platinum
C03132,Delhi,2025-02-17,26-35,Platinum
C03133,Hyderabad,2025-09-02,36-45,Silver
C03134,Mumbai,2024-11-09,36-45,Silver
C03135,Bangalore,2024-08-14,26-35,Silver
C03136,Bangalore,2025-04-01,46-60,Silver
C03137,Bangalore,2024-10-18,18-25,Silver
C03138,Chennai,2025-06-30,46-60,Platinum
C03139,Mumbai,2024-06-09,26-35,Silver
C03140,Delhi,2026-03-07,46-60,Silver
C03141,Bangalore,2024-07-24,46-60,Platinum
C03142,Bangalore,2026-03-14,18-25,Silver
C03143,Mumbai,2024-11-16,18-25,Gold
C03144,Bangalore,2025-06-11,36-45,Silver
C03145,Hyderabad,2024-11-11,18-25,Silver
C03146,Mumbai,2024-09-12,18-25,Silver
C03147,Hyderabad,2024-08-19,26-35,Silver
C03148,Mumbai,2025-11-13,36-45,Gold
C03149,Hyderabad,2026-01-31,26-35,Silver
C03150,Bangalore,2025-09-06,18-25,Silver
C03151,Hyderabad,2025-08-05,36-45,Silver
C03152,Mumbai,2024-08-06,26-35,Silver
C03153,Chennai,2024-07-09,36-45,Gold
C03154,Chennai,2025-09-28,26-35,Gold
C03155,Chennai,2025-04-02,36-45,Silver
C03156,Chennai,2026-03-27,36-45,Silver
C03157,Hyderabad,2024-06-04,36-45,Gold
C03158,Chennai,2025-12-10,46-60,Silver
C03159,Mumbai,2024-06-09,36-45,Silver
C03160,Chennai,2026-04-20,36-45,Silver
C03161,Chennai,2025-12-28,26-35,Gold
C03162,Hyderabad,2025-07-26,36-45,Gold
C03163,Hyderabad,2026-04-13,26-35,Silver
C03164,Hyderabad,2026-04-16,26-35,Platinum
C03165,Hyderabad,2024-11-23,36-45,Silver
C03166,Mumbai,2024-07-04,46-60,Silver
C03167,Mumbai,2025-11-29,26-35,Silver
C03168,Hyderabad,2026-01-04,18-25,Silver
C03169,Delhi,2024-12-07,18-25,Silver
C03170,Chennai,2024-10-19,26-35,Silver
C03171,Chennai,2025-07-17,36-45,Gold
C03172,Hyderabad,2024-07-14,26-35,Gold
C03173,Bangalore,2024-07-26,18-25,Gold
C03174,Mumbai,2025-12-24,18-25,Silver
C03175,Bangalore,2025-04-16,36-45,Silver
C03176,Mumbai,2024-12-05,26-35,Silver
C03177,Mumbai,2026-04-01,26-35,Gold
C03178,Mumbai,2024-07-27,46-60,Silver
C03179,Mumbai,2024-10-06,18-25,Silver
C03180,Delhi,2025-08-10,18-25,Gold
C03181,Hyderabad,2024-07-02,26-35,Gold
C03182,Bangalore,2026-04-01,18-25,Platinum
C03183,Mumbai,2024-07-17,36-45,Silver
C03184,Hyderabad,2024-11-13,18-25,Silver
C03185,Chennai,2025-07-09,46-60,Silver
C03186,Delhi,2025-10-19,18-25,Silver
C03187,Hyderabad,2024-09-08,36-45,Silver
C03188,Delhi,2025-08-31,18-25,Silver
C03189,Hyderabad,2025-10-03,36-45,Gold
C03190,Mumbai,2025-05-20,26-35,Gold
C03191,Hyderabad,2025-03-31,18-25,Silver
C03192,Chennai,2026-03-07,26-35,Silver
C03193,Mumbai,2024-10-28,26-35,Silver
C03194,Hyderabad,2024-06-28,46-60,Gold
C03195,Chennai,2024-11-25,26-35,Silver
C03196,Mumbai,2025-03-13,26-35,Silver
C03197,Hyderabad,2025-04-21,36-45,Gold
C03198,Chennai,2025-01-11,36-45,Gold
C03199,Hyderabad,2024-11-27,36-45,Silver
C03200,Mumbai,2025-06-09,36-45,Silver
C03201,Delhi,2025-08-07,46-60,Gold
C03202,Hyderabad,2024-09-05,18-25,Silver
C03203,Chennai,2024-07-15,46-60,Gold
C03204,Chennai,2024-07-06,46-60,Silver
C03205,Delhi,2025-01-01,18-25,Gold
C03206,Hyderabad,2026-04-26,46-60,Silver
C03207,Mumbai,2025-06-22,46-60,Silver
C03208,Bangalore,2025-09-10,46-60,Silver
C03209,Mumbai,2025-10-11,26-35,Silver
C03210,Chennai,2025-05-21,36-45,Gold
C03211,Delhi,2024-05-22,18-25,Platinum
C03212,Bangalore,2024-08-05,26-35,Silver
C03213,Mumbai,2025-06-22,18-25,Silver
C03214,Hyderabad,2025-08-16,26-35,Gold
C03215,Delhi,2026-01-09,26-35,Silver
C03216,Bangalore,2024-08-11,46-60,Gold
C03217,Mumbai,2025-07-27,36-45,Silver
C03218,Delhi,2025-08-10,26-35,Silver
C03219,Chennai,2026-01-14,18-25,Silver
C03220,Mumbai,2024-05-23,46-60,Silver
C03221,Mumbai,2026-03-08,18-25,Silver
C03222,Delhi,2024-12-21,46-60,Silver
C03223,Bangalore,2025-04-03,18-25,Gold
C03224,Delhi,2025-10-18,46-60,Silver
C03225,Mumbai,2024-05-21,46-60,Silver
C03226,Hyderabad,2024-10-09,36-45,Platinum
C03227,Chennai,2024-10-18,36-45,Gold
C03228,Mumbai,2025-02-01,26-35,Silver
C03229,Chennai,2026-05-03,46-60,Gold
C03230,Mumbai,2024-10-21,36-45,Silver
C03231,Mumbai,2025-11-04,18-25,Gold
C03232,Chennai,2024-09-20,46-60,Gold
C03233,Chennai,2026-03-01,26-35,Silver
C03234,Bangalore,2025-12-23,46-60,Gold
C03235,Mumbai,2024-05-17,46-60,Gold
C03236,Bangalore,2024-05-24,36-45,Silver
C03237,Bangalore,2025-09-05,36-45,Silver
C03238,Mumbai,2025-09-28,18-25,Silver
C03239,Bangalore,2025-02-25,36-45,Gold
C03240,Mumbai,2024-06-12,46-60,Gold
C03241,Delhi,2025-10-28,36-45,Gold
C03242,Delhi,2026-04-03,18-25,Gold
C03243,Chennai,2024-07-28,26-35,Gold
C03244,Delhi,2024-08-05,26-35,Silver
C03245,Chennai,2025-01-03,46-60,Platinum
C03246,Delhi,2025-08-30,26-35,Silver
C03247,Bangalore,2025-09-16,18-25,Gold
C03248,Chennai,2026-04-01,18-25,Gold
C03249,Bangalore,2024-06-20,36-45,Gold
C03250,Mumbai,2026-01-04,18-25,Silver
C03251,Chennai,2026-03-15,36-45,Silver
C03252,Mumbai,2025-06-03,46-60,Silver
C03253,Mumbai,2024-05-24,36-45,Gold
C03254,Chennai,2026-02-03,18-25,Gold
C03255,Mumbai,2024-11-23,46-60,Gold
C03256,Chennai,2025-08-02,26-35,Platinum
C03257,Delhi,2025-08-02,18-25,Silver
C03258,Hyderabad,2025-03-03,36-45,Silver
C03259,Chennai,2025-05-28,18-25,Gold
C03260,Delhi,2024-09-05,46-60,Silver
C03261,Mumbai,2024-12-10,26-35,Silver
C03262,Delhi,2024-11-06,18-25,Silver
C03263,Mumbai,2025-01-17,26-35,Silver
C03264,Hyderabad,2025-02-25,18-25,Gold
C03265,Delhi,2025-06-18,18-25,Platinum
C03266,Delhi,2025-10-07,26-35,Gold
C03267,Mumbai,2024-05-17,18-25,Silver
C03268,Mumbai,2025-10-21,46-60,Silver
C03269,Chennai,2024-06-05,18-25,Gold
C03270,Hyderabad,2026-01-27,26-35,Gold
C03271,Mumbai,2025-04-13,26-35,Platinum
C03272,Chennai,2025-10-07,18-25,Silver
C03273,Bangalore,2024-12-30,46-60,Silver
C03274,Hyderabad,2026-03-24,26-35,Silver
C03275,Hyderabad,2025-05-09,36-45,Gold
C03276,Delhi,2024-09-04,46-60,Gold
C03277,Mumbai,2024-12-08,26-35,Silver
C03278,Chennai,2026-01-27,36-45,Silver
C03279,Hyderabad,2025-10-08,46-60,Platinum
C03280,Mumbai,2026-02-05,18-25,Gold
C03281,Delhi,2024-10-12,36-45,Silver
C03282,Hyderabad,2025-09-20,46-60,Gold
C03283,Hyderabad,2025-09-07,36-45,Silver
C03284,Mumbai,2026-02-06,18-25,Platinum
C03285,Mumbai,2025-04-21,46-60,Gold
C03286,Bangalore,2024-06-02,18-25,Silver
C03287,Mumbai,2025-10-23,36-45,Silver
C03288,Mumbai,2024-09-04,26-35,Gold
C03289,Hyderabad,2025-02-21,18-25,Platinum
C03290,Hyderabad,2025-10-06,46-60,Gold
C03291,Delhi,2025-12-06,18-25,Silver
C03292,Mumbai,2026-05-05,46-60,Silver
C03293,Hyderabad,2025-08-10,18-25,Silver
C03294,Mumbai,2024-09-11,18-25,Silver
C03295,Mumbai,2025-12-25,46-60,Gold
C03296,Chennai,2025-02-16,18-25,Silver
C03297,Delhi,2025-12-16,36-45,Gold
C03298,Delhi,2024-06-29,18-25,Gold
C03299,Mumbai,2024-07-19,36-45,Silver
C03300,Hyderabad,2024-08-07,36-45,Silver
C03301,Chennai,2025-10-21,46-60,Silver
C03302,Mumbai,2025-06-24,26-35,Gold
C03303,Hyderabad,2025-07-03,18-25,Silver
C03304,Hyderabad,2024-12-04,36-45,Silver
C03305,Mumbai,2024-09-29,36-45,Silver
C03306,Mumbai,2024-12-26,26-35,Platinum
C03307,Bangalore,2024-06-21,26-35,Gold
C03308,Chennai,2024-07-15,46-60,Silver
C03309,Mumbai,2026-02-27,26-35,Silver
C03310,Hyderabad,2024-07-11,18-25,Silver
C03311,Chennai,2026-01-23,18-25,Silver
C03312,Chennai,2024-08-16,26-35,Silver
C03313,Chennai,2024-05-24,26-35,Silver
C03314,Hyderabad,2024-09-09,46-60,Silver
C03315,Chennai,2025-09-21,18-25,Gold
C03316,Chennai,2024-06-08,36-45,Silver
C03317,Mumbai,2025-01-23,46-60,Gold
C03318,Bangalore,2025-04-15,18-25,Gold
C03319,Bangalore,2025-04-04,18-25,Gold
C03320,Chennai,2024-08-23,18-25,Silver
C03321,Delhi,2025-12-02,46-60,Platinum
C03322,Hyderabad,2025-10-16,18-25,Silver
C03323,Delhi,2025-06-28,36-45,Gold
C03324,Hyderabad,2026-02-11,46-60,Silver
C03325,Chennai,2025-10-20,18-25,Silver
C03326,Hyderabad,2025-11-02,26-35,Gold
C03327,Bangalore,2025-10-12,26-35,Silver
C03328,Mumbai,2024-08-11,36-45,Silver
C03329,Mumbai,2024-11-05,36-45,Silver
C03330,Delhi,2024-06-24,18-25,Silver
C03331,Hyderabad,2025-05-02,18-25,Gold
C03332,Mumbai,2026-04-26,18-25,Silver
C03333,Mumbai,2024-09-01,18-25,Silver
C03334,Bangalore,2026-01-10,36-45,Gold
C03335,Bangalore,2025-07-12,36-45,Silver
C03336,Bangalore,2026-05-12,46-60,Silver
C03337,Delhi,2024-07-13,46-60,Gold
C03338,Delhi,2025-04-01,18-25,Silver
C03339,Bangalore,2026-02-16,36-45,Gold
C03340,Bangalore,2025-02-18,26-35,Gold
C03341,Hyderabad,2026-03-30,26-35,Silver
C03342,Delhi,2025-03-23,18-25,Silver
C03343,Chennai,2025-04-07,46-60,Gold
C03344,Mumbai,2025-10-31,18-25,Silver
C03345,Mumbai,2026-05-14,18-25,Gold
C03346,Mumbai,2025-11-04,46-60,Silver
C03347,Mumbai,2025-02-18,46-60,Silver
C03348,Mumbai,2026-02-02,36-45,Silver
C03349,Hyderabad,2026-02-01,36-45,Silver
C03350,Delhi,2024-06-05,36-45,Gold
C03351,Chennai,2024-12-04,18-25,Silver
C03352,Delhi,2024-12-31,36-45,Silver
C03353,Delhi,2026-05-01,46-60,Gold
C03354,Delhi,2024-06-25,46-60,Silver
C03355,Hyderabad,2025-02-08,26-35,Silver
C03356,Chennai,2024-10-04,18-25,Gold
C03357,Delhi,2025-09-27,18-25,Silver
C03358,Hyderabad,2026-04-11,26-35,Silver
C03359,Hyderabad,2024-07-04,18-25,Silver
C03360,Chennai,2025-07-04,46-60,Silver
C03361,Chennai,2025-12-19,26-35,Platinum
C03362,Bangalore,2025-05-27,46-60,Silver
C03363,Mumbai,2026-01-02,46-60,Gold
C03364,Hyderabad,2025-09-30,46-60,Gold
C03365,Hyderabad,2025-11-30,18-25,Silver
C03366,Delhi,2024-10-09,26-35,Silver
C03367,Bangalore,2024-12-09,18-25,Silver
C03368,Chennai,2025-06-22,26-35,Gold
C03369,Mumbai,2024-12-08,36-45,Silver
C03370,Delhi,2025-12-04,18-25,Gold
C03371,Delhi,2025-06-10,46-60,Silver
C03372,Hyderabad,2025-05-26,18-25,Silver
C03373,Hyderabad,2024-12-04,18-25,Gold
C03374,Bangalore,2025-02-09,36-45,Silver
C03375,Hyderabad,2025-01-24,18-25,Silver
C03376,Chennai,2024-07-07,26-35,Gold
C03377,Bangalore,2025-11-23,18-25,Gold
C03378,Delhi,2025-07-27,18-25,Silver
C03379,Delhi,2024-08-16,18-25,Gold
C03380,Delhi,2025-01-02,46-60,Silver
C03381,Delhi,2024-06-12,36-45,Silver
C03382,Chennai,2024-07-07,46-60,Platinum
C03383,Mumbai,2025-12-15,26-35,Silver
C03384,Chennai,2024-08-31,26-35,Platinum
C03385,Delhi,2024-06-27,46-60,Silver
C03386,Mumbai,2025-02-20,46-60,Silver
C03387,Delhi,2026-01-28,26-35,Silver
C03388,Bangalore,2025-08-22,18-25,Silver
C03389,Bangalore,2025-09-10,26-35,Gold
C03390,Hyderabad,2025-06-20,18-25,Silver
C03391,Mumbai,2025-03-29,36-45,Silver
C03392,Hyderabad,2025-01-27,26-35,Gold
C03393,Chennai,2026-04-26,18-25,Gold
C03394,Chennai,2024-08-13,18-25,Silver
C03395,Hyderabad,2026-03-10,18-25,Silver
C03396,Hyderabad,2024-09-11,46-60,Silver
C03397,Mumbai,2025-02-23,26-35,Gold
C03398,Hyderabad,2025-03-18,26-35,Silver
C03399,Hyderabad,2024-06-12,36-45,Platinum
C03400,Chennai,2025-02-17,46-60,Silver
C03401,Mumbai,2024-06-22,46-60,Gold
C03402,Hyderabad,2026-03-13,36-45,Silver
C03403,Delhi,2024-08-17,18-25,Silver
C03404,Bangalore,2025-11-25,46-60,Silver
C03405,Chennai,2024-10-29,18-25,Gold
C03406,Mumbai,2025-07-06,18-25,Silver
C03407,Chennai,2024-12-30,36-45,Platinum
C03408,Delhi,2024-09-03,36-45,Silver
C03409,Hyderabad,2024-10-31,18-25,Gold
C03410,Mumbai,2025-04-07,36-45,Gold
C03411,Bangalore,2025-07-26,36-45,Gold
C03412,Bangalore,2025-09-16,46-60,Gold
C03413,Hyderabad,2024-10-20,46-60,Silver
C03414,Hyderabad,2024-11-27,36-45,Platinum
C03415,Delhi,2025-03-03,26-35,Gold
C03416,Delhi,2026-04-10,36-45,Silver
C03417,Bangalore,2026-04-28,26-35,Silver
C03418,Chennai,2026-03-06,46-60,Silver
C03419,Delhi,2024-08-28,18-25,Silver
C03420,Mumbai,2025-09-30,46-60,Gold
C03421,Hyderabad,2025-06-25,46-60,Platinum
C03422,Chennai,2025-02-23,18-25,Silver
C03423,Delhi,2026-01-10,18-25,Silver
C03424,Chennai,2024-08-09,46-60,Gold
C03425,Chennai,2024-07-23,36-45,Platinum
C03426,Chennai,2024-12-11,18-25,Gold
C03427,Bangalore,2025-02-28,18-25,Silver
C03428,Hyderabad,2025-01-24,46-60,Silver
C03429,Chennai,2025-01-01,26-35,Silver
C03430,Hyderabad,2025-11-14,26-35,Silver
C03431,Mumbai,2026-02-22,36-45,Silver
C03432,Chennai,2024-10-06,26-35,Silver
C03433,Delhi,2025-06-11,26-35,Gold
C03434,Delhi,2025-05-17,36-45,Gold
C03435,Delhi,2024-10-12,18-25,Silver
C03436,Hyderabad,2025-06-30,46-60,Gold
C03437,Hyderabad,2024-06-29,46-60,Silver
C03438,Hyderabad,2026-03-07,36-45,Silver
C03439,Hyderabad,2025-09-19,18-25,Silver
C03440,Bangalore,2024-06-22,26-35,Gold
C03441,Chennai,2025-04-10,18-25,Silver
C03442,Chennai,2024-09-23,26-35,Platinum
C03443,Bangalore,2026-02-13,36-45,Silver
C03444,Chennai,2024-06-15,18-25,Gold
C03445,Hyderabad,2026-02-04,36-45,Silver
C03446,Chennai,2025-01-19,36-45,Silver
C03447,Delhi,2025-06-23,26-35,Gold
C03448,Hyderabad,2025-05-18,26-35,Silver
C03449,Delhi,2025-01-20,36-45,Silver
C03450,Chennai,2025-04-13,26-35,Platinum
C03451,Mumbai,2024-12-10,36-45,Silver
C03452,Mumbai,2025-06-05,26-35,Silver
C03453,Chennai,2025-11-20,36-45,Silver
C03454,Delhi,2025-07-26,46-60,Silver
C03455,Delhi,2024-12-04,46-60,Silver
C03456,Delhi,2025-02-20,18-25,Platinum
C03457,Chennai,2024-06-19,36-45,Gold
C03458,Chennai,2025-07-22,36-45,Silver
C03459,Mumbai,2025-01-14,26-35,Silver
C03460,Chennai,2024-08-04,26-35,Silver
C03461,Chennai,2025-02-04,36-45,Silver
C03462,Bangalore,2025-12-15,18-25,Silver
C03463,Chennai,2025-07-27,36-45,Silver
C03464,Delhi,2025-05-19,18-25,Gold
C03465,Bangalore,2024-09-09,36-45,Silver
C03466,Bangalore,2025-01-24,18-25,Platinum
C03467,Chennai,2025-03-14,18-25,Silver
C03468,Mumbai,2025-04-23,36-45,Silver
C03469,Mumbai,2024-09-01,36-45,Silver
C03470,Bangalore,2024-09-15,36-45,Silver
C03471,Chennai,2025-06-01,18-25,Silver
C03472,Delhi,2025-06-29,26-35,Silver
C03473,Chennai,2024-07-05,26-35,Gold
C03474,Bangalore,2026-02-02,26-35,Platinum
C03475,Hyderabad,2024-11-29,18-25,Silver
C03476,Mumbai,2025-03-23,18-25,Silver
C03477,Mumbai,2024-12-10,18-25,Gold
C03478,Hyderabad,2026-04-28,46-60,Gold
C03479,Mumbai,2025-06-15,46-60,Gold
C03480,Chennai,2025-12-20,18-25,Gold
C03481,Bangalore,2026-04-30,46-60,Silver
C03482,Mumbai,2024-09-24,18-25,Platinum
C03483,Mumbai,2025-12-09,18-25,Silver
C03484,Chennai,2025-11-14,18-25,Silver
C03485,Delhi,2026-02-13,26-35,Silver
C03486,Hyderabad,2026-04-06,46-60,Gold
C03487,Hyderabad,2025-07-03,26-35,Silver
C03488,Chennai,2025-06-07,46-60,Gold
C03489,Hyderabad,2026-03-17,18-25,Gold
C03490,Delhi,2025-04-15,46-60,Silver
C03491,Chennai,2026-04-30,26-35,Silver
C03492,Hyderabad,2025-03-21,46-60,Silver
C03493,Mumbai,2025-04-26,36-45,Silver
C03494,Hyderabad,2024-09-05,46-60,Platinum
C03495,Mumbai,2024-11-22,36-45,Platinum
C03496,Chennai,2026-04-05,26-35,Silver
C03497,Chennai,2025-04-24,36-45,Silver
C03498,Mumbai,2024-12-02,36-45,Silver
C03499,Chennai,2025-11-20,18-25,Gold
C03500,Mumbai,2024-11-14,18-25,Silver
C03501,Mumbai,2024-05-20,46-60,Gold
C03502,Bangalore,2025-12-20,46-60,Silver
C03503,Hyderabad,2024-10-19,46-60,Gold
C03504,Mumbai,2024-09-07,46-60,Silver
C03505,Delhi,2025-01-02,36-45,Silver
C03506,Delhi,2024-07-03,26-35,Platinum
C03507,Bangalore,2025-07-21,36-45,Silver
C03508,Mumbai,2026-05-11,26-35,Platinum
C03509,Bangalore,2026-01-04,26-35,Silver
C03510,Delhi,2026-03-07,18-25,Gold
C03511,Mumbai,2026-04-05,46-60,Gold
C03512,Chennai,2025-07-08,36-45,Gold
C03513,Hyderabad,2025-02-23,36-45,Silver
C03514,Bangalore,2026-03-08,46-60,Platinum
C03515,Chennai,2025-08-25,46-60,Silver
C03516,Mumbai,2025-11-12,18-25,Silver
C03517,Mumbai,2026-04-18,36-45,Gold
C03518,Hyderabad,2026-04-15,26-35,Silver
C03519,Chennai,2024-07-17,36-45,Silver
C03520,Delhi,2025-11-11,36-45,Gold
C03521,Chennai,2025-04-03,46-60,Silver
C03522,Hyderabad,2024-05-28,46-60,Silver
C03523,Hyderabad,2026-02-25,46-60,Silver
C03524,Chennai,2025-10-01,46-60,Silver
C03525,Bangalore,2026-02-20,36-45,Silver
C03526,Mumbai,2026-03-24,46-60,Silver
C03527,Chennai,2024-11-25,46-60,Gold
C03528,Hyderabad,2025-11-10,36-45,Platinum
C03529,Bangalore,2026-04-18,18-25,Silver
C03530,Bangalore,2025-12-24,36-45,Platinum
C03531,Hyderabad,2025-10-27,26-35,Silver
C03532,Hyderabad,2024-06-02,26-35,Silver
C03533,Hyderabad,2026-04-15,36-45,Gold
C03534,Mumbai,2025-09-03,26-35,Silver
C03535,Delhi,2024-06-28,26-35,Silver
C03536,Delhi,2025-04-03,46-60,Gold
C03537,Mumbai,2025-01-02,26-35,Gold
C03538,Delhi,2025-05-27,18-25,Silver
C03539,Delhi,2024-12-17,36-45,Gold
C03540,Chennai,2025-01-22,46-60,Silver
C03541,Hyderabad,2026-02-07,18-25,Silver
C03542,Hyderabad,2026-01-31,26-35,Gold
C03543,Chennai,2026-02-03,26-35,Silver
C03544,Mumbai,2024-10-27,46-60,Silver
C03545,Hyderabad,2025-02-17,36-45,Silver
C03546,Hyderabad,2025-10-15,46-60,Silver
C03547,Mumbai,2025-10-18,26-35,Silver
C03548,Delhi,2025-07-21,26-35,Gold
C03549,Hyderabad,2025-12-21,18-25,Silver
C03550,Chennai,2024-09-25,46-60,Silver
C03551,Chennai,2024-10-10,36-45,Silver
C03552,Hyderabad,2024-05-20,26-35,Gold
C03553,Hyderabad,2026-03-09,18-25,Silver
C03554,Mumbai,2026-04-03,46-60,Gold
C03555,Hyderabad,2025-12-05,36-45,Silver
C03556,Bangalore,2025-05-07,18-25,Gold
C03557,Mumbai,2024-06-13,18-25,Silver
C03558,Mumbai,2024-07-31,26-35,Platinum
C03559,Hyderabad,2024-06-17,36-45,Silver
C03560,Bangalore,2026-05-02,46-60,Gold
C03561,Hyderabad,2026-01-23,18-25,Silver
C03562,Bangalore,2024-11-13,26-35,Platinum
C03563,Chennai,2025-09-13,46-60,Silver
C03564,Hyderabad,2024-07-18,26-35,Gold
C03565,Delhi,2024-05-17,36-45,Silver
C03566,Hyderabad,2025-03-02,26-35,Silver
C03567,Chennai,2024-12-13,18-25,Platinum
C03568,Delhi,2024-05-24,46-60,Silver
C03569,Mumbai,2026-03-18,36-45,Silver
C03570,Chennai,2026-03-06,26-35,Platinum
C03571,Chennai,2025-04-20,18-25,Gold
C03572,Chennai,2024-10-21,18-25,Silver
C03573,Delhi,2025-08-04,46-60,Silver
C03574,Mumbai,2025-09-07,46-60,Silver
C03575,Hyderabad,2024-11-20,46-60,Silver
C03576,Hyderabad,2025-10-13,26-35,Silver
C03577,Mumbai,2026-05-06,46-60,Silver
C03578,Chennai,2025-06-20,46-60,Gold
C03579,Bangalore,2025-09-02,36-45,Platinum
C03580,Mumbai,2025-06-24,26-35,Silver
C03581,Delhi,2025-07-25,36-45,Silver
C03582,Chennai,2026-03-12,26-35,Silver
C03583,Bangalore,2025-06-19,36-45,Silver
C03584,Bangalore,2025-10-21,36-45,Gold
C03585,Mumbai,2024-07-11,18-25,Gold
C03586,Mumbai,2026-01-09,46-60,Silver
C03587,Delhi,2025-10-06,26-35,Platinum
C03588,Mumbai,2025-05-01,46-60,Gold
C03589,Delhi,2024-07-07,46-60,Silver
C03590,Delhi,2025-05-08,26-35,Gold
C03591,Delhi,2025-06-01,26-35,Gold
C03592,Mumbai,2025-08-18,36-45,Silver
C03593,Chennai,2025-06-09,46-60,Gold
C03594,Bangalore,2026-02-05,36-45,Silver
C03595,Mumbai,2024-09-02,18-25,Silver
C03596,Delhi,2026-01-11,18-25,Silver
C03597,Mumbai,2025-04-10,46-60,Silver
C03598,Mumbai,2025-06-07,18-25,Gold
C03599,Hyderabad,2026-02-13,46-60,Platinum
C03600,Delhi,2024-05-18,36-45,Gold
C03601,Chennai,2025-09-29,18-25,Silver
C03602,Hyderabad,2026-03-15,46-60,Silver
C03603,Delhi,2024-06-11,46-60,Silver
C03604,Bangalore,2024-06-09,26-35,Silver
C03605,Delhi,2025-07-07,36-45,Gold
C03606,Bangalore,2025-11-26,18-25,Gold
C03607,Chennai,2025-12-14,18-25,Silver
C03608,Mumbai,2025-03-05,46-60,Gold
C03609,Delhi,2025-02-10,46-60,Gold
C03610,Delhi,2025-03-12,46-60,Gold
C03611,Chennai,2025-01-09,36-45,Platinum
C03612,Chennai,2025-06-14,36-45,Silver
C03613,Delhi,2025-08-02,46-60,Gold
C03614,Hyderabad,2025-02-05,18-25,Gold
C03615,Bangalore,2026-02-25,26-35,Silver
C03616,Hyderabad,2024-12-29,26-35,Gold
C03617,Delhi,2024-10-30,26-35,Gold
C03618,Chennai,2024-05-20,36-45,Silver
C03619,Mumbai,2024-05-20,36-45,Silver
C03620,Chennai,2024-12-24,36-45,Silver
C03621,Chennai,2024-10-26,18-25,Silver
C03622,Mumbai,2026-04-17,46-60,Gold
C03623,Delhi,2025-01-27,18-25,Gold
C03624,Hyderabad,2025-10-12,26-35,Silver
C03625,Mumbai,2025-07-16,36-45,Platinum
C03626,Bangalore,2025-07-04,26-35,Silver
C03627,Chennai,2024-12-31,26-35,Silver
C03628,Mumbai,2025-07-26,36-45,Silver
C03629,Bangalore,2026-04-04,36-45,Silver
C03630,Bangalore,2025-08-01,18-25,Silver
C03631,Delhi,2025-11-24,36-45,Platinum
C03632,Mumbai,2024-11-14,46-60,Silver
C03633,Mumbai,2024-06-05,26-35,Platinum
C03634,Delhi,2026-02-09,36-45,Silver
C03635,Chennai,2025-09-09,46-60,Silver
C03636,Hyderabad,2026-03-14,18-25,Gold
C03637,Chennai,2024-12-17,36-45,Gold
C03638,Bangalore,2024-11-14,36-45,Silver
C03639,Mumbai,2025-12-09,36-45,Silver
C03640,Delhi,2024-05-20,26-35,Gold
C03641,Chennai,2025-07-18,46-60,Gold
C03642,Chennai,2024-07-22,26-35,Gold
C03643,Hyderabad,2025-01-01,18-25,Silver
C03644,Chennai,2025-04-10,18-25,Silver
C03645,Bangalore,2026-02-08,18-25,Silver
C03646,Hyderabad,2024-08-15,18-25,Silver
C03647,Chennai,2025-01-26,26-35,Silver
C03648,Chennai,2024-09-22,46-60,Platinum
C03649,Chennai,2025-02-20,46-60,Platinum
C03650,Hyderabad,2025-07-26,46-60,Gold
C03651,Chennai,2025-11-17,46-60,Silver
C03652,Bangalore,2025-08-18,36-45,Gold
C03653,Mumbai,2025-11-06,46-60,Silver
C03654,Mumbai,2025-05-09,18-25,Gold
C03655,Mumbai,2025-09-21,26-35,Silver
C03656,Mumbai,2024-10-21,36-45,Silver
C03657,Mumbai,2026-03-21,36-45,Platinum
C03658,Chennai,2026-01-23,46-60,Silver
C03659,Mumbai,2024-08-31,36-45,Silver
C03660,Mumbai,2024-07-28,26-35,Silver
C03661,Hyderabad,2024-09-30,18-25,Silver
C03662,Mumbai,2025-10-10,18-25,Gold
C03663,Mumbai,2025-05-18,36-45,Silver
C03664,Bangalore,2025-11-10,26-35,Silver
C03665,Delhi,2025-03-25,18-25,Platinum
C03666,Chennai,2024-08-09,26-35,Gold
C03667,Mumbai,2025-06-18,26-35,Silver
C03668,Chennai,2024-06-15,46-60,Silver
C03669,Mumbai,2025-07-23,18-25,Silver
C03670,Hyderabad,2025-02-18,36-45,Silver
C03671,Delhi,2024-06-27,46-60,Silver
C03672,Chennai,2025-09-26,18-25,Silver
C03673,Delhi,2024-09-01,26-35,Gold
C03674,Chennai,2024-08-19,18-25,Silver
C03675,Bangalore,2025-08-22,18-25,Gold
C03676,Delhi,2025-03-26,26-35,Silver
C03677,Delhi,2026-04-22,46-60,Silver
C03678,Bangalore,2025-07-15,46-60,Gold
C03679,Bangalore,2025-10-14,18-25,Silver
C03680,Chennai,2025-05-20,36-45,Silver
C03681,Bangalore,2025-11-01,46-60,Gold
C03682,Chennai,2025-03-12,18-25,Silver
C03683,Bangalore,2025-03-20,36-45,Gold
C03684,Chennai,2025-04-18,46-60,Silver
C03685,Mumbai,2025-07-21,46-60,Silver
C03686,Mumbai,2024-06-22,26-35,Silver
C03687,Hyderabad,2025-05-30,18-25,Platinum
C03688,Chennai,2025-03-08,26-35,Platinum
C03689,Delhi,2025-05-16,46-60,Silver
C03690,Mumbai,2024-12-19,36-45,Platinum
C03691,Bangalore,2025-02-23,18-25,Gold
C03692,Chennai,2024-06-06,46-60,Silver
C03693,Mumbai,2025-09-20,18-25,Platinum
C03694,Hyderabad,2024-09-15,36-45,Silver
C03695,Mumbai,2025-03-05,46-60,Gold
C03696,Delhi,2025-12-27,26-35,Silver
C03697,Chennai,2026-03-27,18-25,Silver
C03698,Hyderabad,2024-11-26,26-35,Silver
C03699,Delhi,2026-02-20,36-45,Silver
C03700,Bangalore,2024-11-28,18-25,Gold
C03701,Delhi,2024-08-01,36-45,Silver
C03702,Bangalore,2025-10-25,26-35,Silver
C03703,Delhi,2026-01-29,46-60,Silver
C03704,Chennai,2026-02-15,18-25,Platinum
C03705,Delhi,2024-08-30,36-45,Silver
C03706,Chennai,2024-12-02,26-35,Gold
C03707,Delhi,2026-03-10,26-35,Silver
C03708,Mumbai,2024-07-25,46-60,Silver
C03709,Hyderabad,2025-11-07,18-25,Silver
C03710,Delhi,2024-09-08,18-25,Gold
C03711,Chennai,2025-11-26,46-60,Silver
C03712,Hyderabad,2025-11-29,26-35,Silver
C03713,Bangalore,2024-10-07,26-35,Silver
C03714,Mumbai,2024-06-04,46-60,Silver
C03715,Delhi,2026-03-30,46-60,Silver
C03716,Hyderabad,2025-08-30,26-35,Silver
C03717,Bangalore,2025-08-23,46-60,Silver
C03718,Delhi,2026-04-11,46-60,Silver
C03719,Mumbai,2024-06-10,18-25,Gold
C03720,Mumbai,2025-10-03,18-25,Silver
C03721,Bangalore,2025-11-06,36-45,Silver
C03722,Chennai,2024-11-18,18-25,Silver
C03723,Hyderabad,2025-06-27,36-45,Gold
C03724,Mumbai,2025-04-18,36-45,Silver
C03725,Mumbai,2025-04-19,46-60,Silver
C03726,Chennai,2026-03-11,18-25,Gold
C03727,Mumbai,2025-11-29,46-60,Silver
C03728,Hyderabad,2025-05-12,36-45,Platinum
C03729,Hyderabad,2026-05-08,36-45,Gold
C03730,Chennai,2026-01-11,46-60,Silver
C03731,Hyderabad,2024-11-18,36-45,Gold
C03732,Delhi,2024-05-24,18-25,Gold
C03733,Delhi,2024-09-21,18-25,Gold
C03734,Delhi,2025-10-05,26-35,Silver
C03735,Chennai,2024-08-05,36-45,Silver
C03736,Bangalore,2025-01-12,46-60,Silver
C03737,Hyderabad,2024-11-10,18-25,Gold
C03738,Hyderabad,2026-02-21,36-45,Platinum
C03739,Mumbai,2025-12-05,18-25,Gold
C03740,Bangalore,2026-03-26,18-25,Silver
C03741,Chennai,2025-05-09,26-35,Silver
C03742,Delhi,2024-11-05,36-45,Silver
C03743,Hyderabad,2024-06-10,26-35,Gold
C03744,Chennai,2025-08-03,36-45,Silver
C03745,Bangalore,2025-12-22,18-25,Silver
C03746,Delhi,2024-11-23,18-25,Gold
C03747,Bangalore,2024-06-20,18-25,Silver
C03748,Chennai,2024-12-28,18-25,Gold
C03749,Delhi,2025-07-19,26-35,Gold
C03750,Mumbai,2024-06-05,18-25,Gold
C03751,Delhi,2025-08-31,46-60,Silver
C03752,Chennai,2024-10-04,26-35,Silver
C03753,Mumbai,2024-09-11,46-60,Gold
C03754,Bangalore,2025-06-24,18-25,Gold
C03755,Mumbai,2024-07-19,18-25,Silver
C03756,Hyderabad,2024-10-25,18-25,Silver
C03757,Chennai,2025-10-28,36-45,Silver
C03758,Hyderabad,2025-08-12,36-45,Gold
C03759,Bangalore,2025-09-12,26-35,Silver
C03760,Bangalore,2024-11-14,46-60,Silver
C03761,Delhi,2025-01-21,18-25,Gold
C03762,Delhi,2024-08-05,46-60,Platinum
C03763,Delhi,2025-11-12,46-60,Silver
C03764,Hyderabad,2026-04-07,18-25,Silver
C03765,Chennai,2025-10-09,36-45,Silver
C03766,Delhi,2025-12-19,18-25,Silver
C03767,Delhi,2024-05-28,26-35,Silver
C03768,Bangalore,2025-11-06,26-35,Silver
C03769,Delhi,2025-12-11,26-35,Silver
C03770,Bangalore,2025-11-08,26-35,Silver
C03771,Chennai,2025-09-29,18-25,Silver
C03772,Delhi,2025-04-27,18-25,Gold
C03773,Hyderabad,2025-08-14,18-25,Silver
C03774,Delhi,2026-01-23,36-45,Silver
C03775,Delhi,2025-08-18,18-25,Silver
C03776,Mumbai,2025-02-12,18-25,Silver
C03777,Chennai,2024-09-13,26-35,Silver
C03778,Delhi,2025-08-12,26-35,Silver
C03779,Chennai,2024-08-28,26-35,Gold
C03780,Hyderabad,2024-11-14,36-45,Gold
C03781,Bangalore,2025-01-16,36-45,Silver
C03782,Mumbai,2025-04-12,18-25,Silver
C03783,Mumbai,2025-09-20,46-60,Silver
C03784,Mumbai,2025-11-09,46-60,Gold
C03785,Mumbai,2025-06-22,36-45,Gold
C03786,Delhi,2024-11-07,18-25,Gold
C03787,Delhi,2025-09-14,18-25,Silver
C03788,Mumbai,2026-01-03,36-45,Gold
C03789,Hyderabad,2024-12-05,46-60,Gold
C03790,Mumbai,2025-09-16,26-35,Silver
C03791,Bangalore,2024-10-25,26-35,Platinum
C03792,Hyderabad,2024-11-13,36-45,Silver
C03793,Bangalore,2024-07-09,18-25,Platinum
C03794,Chennai,2025-12-12,26-35,Gold
C03795,Delhi,2026-02-08,26-35,Gold
C03796,Bangalore,2024-10-29,18-25,Gold
C03797,Bangalore,2025-10-18,36-45,Silver
C03798,Delhi,2024-07-29,36-45,Gold
C03799,Hyderabad,2024-08-21,26-35,Silver
C03800,Hyderabad,2025-11-29,26-35,Gold
C03801,Bangalore,2024-11-06,36-45,Platinum
C03802,Chennai,2025-04-11,36-45,Silver
C03803,Mumbai,2026-02-08,26-35,Silver
C03804,Delhi,2025-06-09,26-35,Silver
C03805,Delhi,2024-06-28,46-60,Silver
C03806,Delhi,2025-11-04,46-60,Silver
C03807,Hyderabad,2024-08-09,26-35,Silver
C03808,Mumbai,2025-10-26,46-60,Gold
C03809,Chennai,2024-12-11,26-35,Silver
C03810,Mumbai,2025-07-14,46-60,Silver
C03811,Mumbai,2026-05-15,26-35,Gold
C03812,Hyderabad,2025-09-06,18-25,Silver
C03813,Delhi,2024-08-03,36-45,Silver
C03814,Delhi,2025-11-11,46-60,Silver
C03815,Hyderabad,2025-11-27,36-45,Gold
C03816,Mumbai,2025-10-15,36-45,Silver
C03817,Chennai,2025-07-26,36-45,Silver
C03818,Mumbai,2025-06-07,18-25,Silver
C03819,Delhi,2025-06-26,46-60,Silver
C03820,Mumbai,2026-03-15,46-60,Silver
C03821,Chennai,2025-04-09,36-45,Silver
C03822,Bangalore,2025-02-26,18-25,Silver
C03823,Bangalore,2026-02-28,26-35,Silver
C03824,Bangalore,2026-01-06,18-25,Platinum
C03825,Delhi,2025-08-21,26-35,Silver
C03826,Bangalore,2024-09-18,36-45,Silver
C03827,Delhi,2025-03-29,26-35,Silver
C03828,Hyderabad,2024-08-10,46-60,Silver
C03829,Chennai,2025-07-31,18-25,Gold
C03830,Delhi,2024-11-28,46-60,Gold
C03831,Delhi,2025-11-10,26-35,Silver
C03832,Chennai,2025-05-19,26-35,Gold
C03833,Mumbai,2026-03-12,26-35,Gold
C03834,Delhi,2024-08-27,18-25,Platinum
C03835,Bangalore,2026-02-12,26-35,Gold
C03836,Mumbai,2024-10-13,18-25,Gold
C03837,Delhi,2024-08-20,46-60,Silver
C03838,Hyderabad,2025-06-22,26-35,Silver
C03839,Hyderabad,2025-11-01,26-35,Silver
C03840,Hyderabad,2024-10-24,18-25,Gold
C03841,Chennai,2025-04-14,26-35,Silver
C03842,Chennai,2024-07-09,36-45,Silver
C03843,Delhi,2024-06-05,46-60,Gold
C03844,Bangalore,2024-09-28,26-35,Silver
C03845,Mumbai,2025-03-23,18-25,Silver
C03846,Chennai,2025-04-28,46-60,Silver
C03847,Bangalore,2025-12-17,46-60,Silver
C03848,Bangalore,2024-09-04,46-60,Silver
C03849,Mumbai,2025-02-05,46-60,Gold
C03850,Mumbai,2024-11-02,26-35,Silver
C03851,Mumbai,2026-03-04,26-35,Silver
C03852,Delhi,2025-04-07,46-60,Silver
C03853,Bangalore,2025-05-03,36-45,Silver
C03854,Chennai,2026-04-03,26-35,Gold
C03855,Chennai,2025-11-05,18-25,Silver
C03856,Mumbai,2024-11-07,26-35,Silver
C03857,Delhi,2026-01-20,46-60,Gold
C03858,Mumbai,2025-12-03,26-35,Gold
C03859,Delhi,2024-05-27,18-25,Gold
C03860,Delhi,2025-08-24,18-25,Gold
C03861,Bangalore,2025-12-07,26-35,Silver
C03862,Bangalore,2026-01-31,18-25,Platinum
C03863,Mumbai,2026-02-23,46-60,Silver
C03864,Bangalore,2024-08-28,26-35,Gold
C03865,Bangalore,2026-04-29,36-45,Gold
C03866,Hyderabad,2024-08-02,18-25,Gold
C03867,Mumbai,2025-04-22,26-35,Silver
C03868,Hyderabad,2025-04-19,18-25,Gold
C03869,Hyderabad,2024-08-13,46-60,Silver
C03870,Bangalore,2025-07-28,26-35,Silver
C03871,Mumbai,2025-08-02,36-45,Gold
C03872,Bangalore,2024-09-06,18-25,Gold
C03873,Bangalore,2024-07-03,46-60,Silver
C03874,Hyderabad,2024-09-15,18-25,Silver
C03875,Chennai,2025-09-02,26-35,Gold
C03876,Bangalore,2024-06-26,46-60,Silver
C03877,Chennai,2025-01-13,26-35,Gold
C03878,Hyderabad,2024-06-14,46-60,Gold
C03879,Bangalore,2026-01-22,26-35,Silver
C03880,Delhi,2026-03-18,46-60,Silver
C03881,Mumbai,2024-08-17,26-35,Silver
C03882,Bangalore,2025-11-21,46-60,Silver
C03883,Bangalore,2025-09-07,26-35,Silver
C03884,Mumbai,2025-01-11,18-25,Silver
C03885,Hyderabad,2025-11-18,18-25,Silver
C03886,Delhi,2025-08-06,26-35,Silver
C03887,Chennai,2025-02-23,18-25,Gold
C03888,Bangalore,2025-01-20,18-25,Silver
C03889,Chennai,2025-05-27,36-45,Silver
C03890,Mumbai,2025-12-10,18-25,Gold
C03891,Hyderabad,2025-12-12,26-35,Silver
C03892,Bangalore,2025-10-09,18-25,Platinum
C03893,Chennai,2025-09-27,18-25,Silver
C03894,Bangalore,2025-02-21,46-60,Silver
C03895,Chennai,2026-03-25,18-25,Gold
C03896,Mumbai,2025-07-31,18-25,Gold
C03897,Hyderabad,2025-03-27,18-25,Silver
C03898,Delhi,2026-04-21,26-35,Silver
C03899,Mumbai,2025-08-27,36-45,Gold
C03900,Delhi,2024-06-14,36-45,Gold
C03901,Delhi,2024-05-19,46-60,Silver
C03902,Chennai,2025-08-26,18-25,Gold
C03903,Chennai,2024-12-23,26-35,Silver
C03904,Hyderabad,2026-02-19,26-35,Silver
C03905,Hyderabad,2024-09-12,36-45,Gold
C03906,Hyderabad,2024-11-21,26-35,Gold
C03907,Hyderabad,2025-07-28,46-60,Gold
C03908,Hyderabad,2025-08-25,26-35,Silver
C03909,Mumbai,2025-06-22,26-35,Silver
C03910,Mumbai,2026-04-11,46-60,Silver
C03911,Bangalore,2025-04-28,18-25,Gold
C03912,Hyderabad,2024-12-12,46-60,Silver
C03913,Hyderabad,2025-05-14,36-45,Platinum
C03914,Hyderabad,2024-06-30,18-25,Gold
C03915,Hyderabad,2025-12-01,26-35,Gold
C03916,Hyderabad,2025-04-08,36-45,Silver
C03917,Mumbai,2024-11-24,36-45,Silver
C03918,Delhi,2025-05-14,36-45,Gold
C03919,Chennai,2025-07-12,46-60,Silver
C03920,Bangalore,2026-03-26,18-25,Platinum
C03921,Chennai,2025-01-07,36-45,Gold
C03922,Hyderabad,2025-12-21,36-45,Silver
C03923,Bangalore,2025-09-25,26-35,Gold
C03924,Delhi,2024-11-22,46-60,Silver
C03925,Chennai,2025-06-18,46-60,Platinum
C03926,Bangalore,2025-10-15,46-60,Silver
C03927,Delhi,2025-05-16,18-25,Platinum
C03928,Chennai,2026-05-11,36-45,Gold
C03929,Delhi,2025-12-24,18-25,Platinum
C03930,Bangalore,2026-03-13,18-25,Silver
C03931,Bangalore,2026-03-15,46-60,Silver
C03932,Bangalore,2024-11-01,26-35,Platinum
C03933,Mumbai,2025-07-27,26-35,Silver
C03934,Chennai,2025-12-13,36-45,Platinum
C03935,Hyderabad,2024-09-30,46-60,Silver
C03936,Chennai,2025-07-15,46-60,Silver
C03937,Chennai,2025-12-22,26-35,Gold
C03938,Hyderabad,2025-09-07,18-25,Gold
C03939,Delhi,2024-10-08,18-25,Silver
C03940,Chennai,2025-07-29,26-35,Gold
C03941,Chennai,2026-03-31,46-60,Silver
C03942,Bangalore,2024-09-14,36-45,Gold
C03943,Hyderabad,2025-07-04,36-45,Gold
C03944,Chennai,2025-11-21,18-25,Silver
C03945,Delhi,2025-08-04,36-45,Gold
C03946,Hyderabad,2025-05-08,36-45,Platinum
C03947,Hyderabad,2026-04-15,36-45,Gold
C03948,Mumbai,2026-02-22,46-60,Silver
C03949,Bangalore,2025-08-10,26-35,Silver
C03950,Bangalore,2025-02-20,26-35,Silver
C03951,Delhi,2025-08-08,26-35,Silver
C03952,Mumbai,2024-08-30,26-35,Silver
C03953,Chennai,2024-12-11,26-35,Gold
C03954,Bangalore,2025-05-28,36-45,Gold
C03955,Chennai,2025-06-25,46-60,Silver
C03956,Delhi,2026-04-13,18-25,Silver
C03957,Hyderabad,2025-03-08,36-45,Platinum
C03958,Chennai,2026-04-18,26-35,Gold
C03959,Hyderabad,2025-01-17,26-35,Platinum
C03960,Hyderabad,2024-06-05,46-60,Gold
C03961,Mumbai,2026-03-16,26-35,Silver
C03962,Chennai,2024-05-16,36-45,Platinum
C03963,Bangalore,2024-10-08,36-45,Silver
C03964,Mumbai,2024-05-29,36-45,Silver
C03965,Delhi,2026-04-05,18-25,Gold
C03966,Delhi,2026-03-26,36-45,Silver
C03967,Bangalore,2025-03-30,26-35,Silver
C03968,Delhi,2025-12-14,46-60,Silver
C03969,Bangalore,2025-03-27,26-35,Platinum
C03970,Hyderabad,2025-06-02,36-45,Gold
C03971,Hyderabad,2026-05-11,46-60,Silver
C03972,Delhi,2026-03-03,36-45,Silver
C03973,Chennai,2025-09-21,46-60,Silver
C03974,Mumbai,2026-02-09,18-25,Silver
C03975,Hyderabad,2024-11-16,46-60,Silver
C03976,Bangalore,2025-11-05,18-25,Silver
C03977,Mumbai,2025-11-18,46-60,Silver
C03978,Chennai,2026-04-01,26-35,Gold
C03979,Chennai,2024-10-25,46-60,Gold
C03980,Hyderabad,2025-06-22,36-45,Gold
C03981,Delhi,2025-03-26,36-45,Platinum
C03982,Hyderabad,2024-11-24,46-60,Silver
C03983,Delhi,2026-04-13,18-25,Silver
C03984,Bangalore,2025-08-16,18-25,Gold
C03985,Delhi,2024-10-15,46-60,Silver
C03986,Bangalore,2025-09-08,46-60,Gold
C03987,Delhi,2025-04-08,18-25,Platinum
C03988,Chennai,2025-05-30,36-45,Silver
C03989,Mumbai,2025-09-04,18-25,Gold
C03990,Bangalore,2025-01-26,46-60,Silver
C03991,Chennai,2026-04-07,18-25,Silver
C03992,Mumbai,2024-09-08,46-60,Silver
C03993,Mumbai,2025-11-21,46-60,Silver
C03994,Mumbai,2025-05-14,18-25,Platinum
C03995,Hyderabad,2024-10-19,46-60,Silver
C03996,Hyderabad,2025-08-21,26-35,Silver
C03997,Hyderabad,2024-07-20,26-35,Silver
C03998,Mumbai,2024-09-16,46-60,Platinum
C03999,Mumbai,2025-10-27,26-35,Silver
C04000,Delhi,2025-01-23,36-45,Gold
C04001,Delhi,2025-11-05,46-60,Silver
C04002,Mumbai,2025-07-02,36-45,Silver
C04003,Delhi,2025-05-16,46-60,Gold
C04004,Mumbai,2026-05-14,36-45,Gold
C04005,Chennai,2024-08-17,36-45,Silver
C04006,Bangalore,2024-07-17,36-45,Silver
C04007,Delhi,2024-11-30,18-25,Gold
C04008,Bangalore,2024-05-22,46-60,Gold
C04009,Hyderabad,2025-10-30,18-25,Silver
C04010,Mumbai,2026-03-13,36-45,Silver
C04011,Chennai,2025-02-06,36-45,Gold
C04012,Delhi,2024-05-31,36-45,Silver
C04013,Chennai,2024-09-21,26-35,Silver
C04014,Hyderabad,2024-10-30,36-45,Silver
C04015,Bangalore,2025-10-04,46-60,Silver
C04016,Hyderabad,2025-07-30,46-60,Gold
C04017,Bangalore,2025-01-24,18-25,Gold
C04018,Chennai,2024-05-29,46-60,Silver
C04019,Hyderabad,2025-08-21,36-45,Gold
C04020,Hyderabad,2025-05-21,26-35,Silver
C04021,Chennai,2025-03-01,46-60,Gold
C04022,Hyderabad,2025-10-11,18-25,Silver
C04023,Chennai,2024-12-27,46-60,Platinum
C04024,Delhi,2025-09-16,26-35,Silver
C04025,Bangalore,2026-01-03,26-35,Silver
C04026,Delhi,2025-11-03,46-60,Gold
C04027,Delhi,2024-12-23,46-60,Gold
C04028,Bangalore,2025-01-03,18-25,Silver
C04029,Hyderabad,2024-08-21,26-35,Silver
C04030,Hyderabad,2026-01-17,18-25,Silver
C04031,Hyderabad,2025-09-13,26-35,Platinum
C04032,Bangalore,2025-04-05,36-45,Silver
C04033,Delhi,2026-04-29,18-25,Silver
C04034,Delhi,2024-09-28,36-45,Gold
C04035,Chennai,2025-07-23,46-60,Gold
C04036,Hyderabad,2025-05-27,46-60,Silver
C04037,Mumbai,2025-01-17,36-45,Gold
C04038,Hyderabad,2025-04-04,36-45,Silver
C04039,Delhi,2025-06-23,26-35,Gold
C04040,Hyderabad,2024-10-23,36-45,Silver
C04041,Chennai,2026-05-07,36-45,Silver
C04042,Bangalore,2024-07-27,18-25,Platinum
C04043,Delhi,2024-07-13,36-45,Gold
C04044,Delhi,2025-01-12,26-35,Silver
C04045,Bangalore,2025-02-20,36-45,Gold
C04046,Mumbai,2025-07-11,36-45,Gold
C04047,Hyderabad,2026-02-28,36-45,Gold
C04048,Bangalore,2024-12-21,26-35,Silver
C04049,Hyderabad,2026-04-01,36-45,Silver
C04050,Chennai,2025-03-14,18-25,Gold
C04051,Delhi,2026-04-10,46-60,Gold
C04052,Chennai,2024-12-30,36-45,Gold
C04053,Hyderabad,2025-01-09,36-45,Silver
C04054,Mumbai,2026-01-28,26-35,Silver
C04055,Hyderabad,2025-04-27,26-35,Silver
C04056,Delhi,2024-07-25,26-35,Silver
C04057,Mumbai,2026-03-25,26-35,Silver
C04058,Chennai,2025-02-26,18-25,Silver
C04059,Delhi,2024-10-24,26-35,Silver
C04060,Chennai,2026-03-16,26-35,Silver
C04061,Hyderabad,2025-03-13,36-45,Silver
C04062,Bangalore,2026-04-27,18-25,Gold
C04063,Hyderabad,2024-06-13,46-60,Silver
C04064,Delhi,2026-03-01,36-45,Platinum
C04065,Delhi,2024-11-08,26-35,Silver
C04066,Bangalore,2025-10-08,26-35,Platinum
C04067,Chennai,2025-07-04,18-25,Gold
C04068,Mumbai,2024-07-29,36-45,Silver
C04069,Bangalore,2025-05-13,26-35,Silver
C04070,Bangalore,2025-06-06,26-35,Gold
C04071,Delhi,2025-09-08,26-35,Silver
C04072,Hyderabad,2024-08-22,46-60,Silver
C04073,Mumbai,2024-07-23,46-60,Silver
C04074,Bangalore,2024-12-28,26-35,Silver
C04075,Hyderabad,2025-07-04,18-25,Silver
C04076,Chennai,2024-12-01,18-25,Silver
C04077,Mumbai,2025-01-29,46-60,Platinum
C04078,Delhi,2024-12-23,26-35,Silver
C04079,Chennai,2026-04-12,36-45,Gold
C04080,Mumbai,2024-12-29,26-35,Gold
C04081,Bangalore,2024-11-07,46-60,Silver
C04082,Bangalore,2025-06-12,46-60,Silver
C04083,Mumbai,2024-12-31,18-25,Silver
C04084,Mumbai,2025-07-13,26-35,Gold
C04085,Chennai,2024-09-28,36-45,Gold
C04086,Mumbai,2026-02-23,18-25,Gold
C04087,Mumbai,2024-08-25,46-60,Gold
C04088,Chennai,2025-08-13,36-45,Gold
C04089,Mumbai,2025-11-07,46-60,Silver
C04090,Chennai,2024-07-19,18-25,Silver
C04091,Chennai,2025-03-27,18-25,Silver
C04092,Delhi,2025-05-25,36-45,Gold
C04093,Chennai,2024-10-06,18-25,Silver
C04094,Mumbai,2024-11-22,18-25,Silver
C04095,Mumbai,2026-01-05,26-35,Gold
C04096,Mumbai,2025-09-01,18-25,Silver
C04097,Bangalore,2025-07-09,18-25,Gold
C04098,Chennai,2026-03-08,18-25,Silver
C04099,Hyderabad,2025-03-18,26-35,Gold
C04100,Hyderabad,2025-02-02,18-25,Platinum
C04101,Delhi,2024-10-01,36-45,Silver
C04102,Mumbai,2024-11-16,46-60,Platinum
C04103,Bangalore,2026-01-05,46-60,Silver
C04104,Chennai,2026-04-06,18-25,Gold
C04105,Bangalore,2025-11-04,36-45,Platinum
C04106,Mumbai,2024-11-29,26-35,Silver
C04107,Mumbai,2025-05-04,26-35,Platinum
C04108,Mumbai,2024-12-11,18-25,Silver
C04109,Chennai,2025-09-05,36-45,Silver
C04110,Chennai,2025-09-20,18-25,Platinum
C04111,Hyderabad,2026-05-14,36-45,Silver
C04112,Mumbai,2025-12-12,46-60,Silver
C04113,Bangalore,2025-03-31,18-25,Gold
C04114,Bangalore,2024-06-23,26-35,Silver
C04115,Delhi,2024-06-10,46-60,Silver
C04116,Delhi,2024-12-21,18-25,Gold
C04117,Hyderabad,2025-03-16,18-25,Gold
C04118,Hyderabad,2025-03-24,26-35,Silver
C04119,Hyderabad,2025-03-17,36-45,Silver
C04120,Chennai,2024-10-15,18-25,Gold
C04121,Bangalore,2026-04-03,36-45,Silver
C04122,Mumbai,2025-05-28,36-45,Silver
C04123,Hyderabad,2024-08-03,46-60,Gold
C04124,Bangalore,2024-05-16,36-45,Gold
C04125,Bangalore,2025-12-29,18-25,Platinum
C04126,Bangalore,2024-10-25,46-60,Silver
C04127,Delhi,2025-06-30,26-35,Silver
C04128,Delhi,2026-04-02,18-25,Silver
C04129,Bangalore,2024-11-14,26-35,Silver
C04130,Mumbai,2026-05-14,26-35,Silver
C04131,Hyderabad,2024-11-05,26-35,Silver
C04132,Delhi,2024-06-10,36-45,Gold
C04133,Bangalore,2025-09-16,26-35,Gold
C04134,Mumbai,2025-02-19,36-45,Silver
C04135,Chennai,2026-02-24,26-35,Gold
C04136,Bangalore,2024-11-19,46-60,Silver
C04137,Bangalore,2025-10-19,36-45,Gold
C04138,Hyderabad,2025-11-12,26-35,Platinum
C04139,Chennai,2024-09-18,36-45,Silver
C04140,Hyderabad,2024-07-05,26-35,Gold
C04141,Chennai,2025-05-22,18-25,Silver
C04142,Mumbai,2025-10-02,36-45,Gold
C04143,Hyderabad,2024-07-13,26-35,Gold
C04144,Hyderabad,2025-06-19,36-45,Gold
C04145,Hyderabad,2024-08-16,26-35,Silver
C04146,Delhi,2025-08-29,26-35,Gold
C04147,Chennai,2025-11-08,18-25,Silver
C04148,Bangalore,2025-06-24,36-45,Silver
C04149,Bangalore,2026-04-28,36-45,Platinum
C04150,Chennai,2024-11-10,46-60,Gold
C04151,Mumbai,2025-07-09,36-45,Platinum
C04152,Delhi,2024-10-03,46-60,Silver
C04153,Chennai,2024-06-02,36-45,Silver
C04154,Delhi,2026-04-18,18-25,Silver
C04155,Hyderabad,2026-03-20,46-60,Gold
C04156,Chennai,2024-05-16,46-60,Silver
C04157,Bangalore,2025-01-14,18-25,Silver
C04158,Bangalore,2024-11-10,36-45,Platinum
C04159,Hyderabad,2025-06-19,36-45,Silver
C04160,Chennai,2025-12-13,18-25,Silver
C04161,Bangalore,2026-02-16,46-60,Platinum
C04162,Mumbai,2024-11-20,18-25,Gold
C04163,Bangalore,2026-01-16,18-25,Silver
C04164,Mumbai,2025-09-25,46-60,Silver
C04165,Hyderabad,2025-08-30,46-60,Silver
C04166,Mumbai,2025-01-14,36-45,Silver
C04167,Hyderabad,2024-11-27,18-25,Silver
C04168,Delhi,2025-12-30,18-25,Platinum
C04169,Hyderabad,2025-05-29,36-45,Silver
C04170,Bangalore,2025-02-03,36-45,Silver
C04171,Chennai,2024-09-05,46-60,Silver
C04172,Delhi,2025-04-01,18-25,Silver
C04173,Chennai,2025-05-27,18-25,Gold
C04174,Chennai,2024-10-11,18-25,Silver
C04175,Delhi,2025-12-18,26-35,Platinum
C04176,Hyderabad,2024-10-04,18-25,Gold
C04177,Hyderabad,2026-01-23,36-45,Silver
C04178,Chennai,2026-03-23,46-60,Platinum
C04179,Chennai,2025-10-11,26-35,Silver
C04180,Chennai,2025-11-30,26-35,Gold
C04181,Mumbai,2025-10-19,26-35,Silver
C04182,Bangalore,2024-08-23,18-25,Gold
C04183,Bangalore,2026-03-17,36-45,Silver
C04184,Bangalore,2026-01-04,26-35,Silver
C04185,Hyderabad,2025-06-19,18-25,Platinum
C04186,Chennai,2024-09-03,46-60,Platinum
C04187,Delhi,2024-08-27,18-25,Gold
C04188,Chennai,2025-09-25,46-60,Silver
C04189,Bangalore,2026-03-21,46-60,Gold
C04190,Mumbai,2024-07-07,18-25,Gold
C04191,Chennai,2025-06-22,46-60,Gold
C04192,Bangalore,2024-12-17,18-25,Silver
C04193,Mumbai,2025-01-24,36-45,Silver
C04194,Hyderabad,2025-02-28,18-25,Silver
C04195,Mumbai,2025-05-31,46-60,Silver
C04196,Bangalore,2025-01-25,26-35,Silver
C04197,Hyderabad,2024-06-17,36-45,Platinum
C04198,Delhi,2024-06-02,36-45,Gold
C04199,Delhi,2026-04-16,36-45,Silver
C04200,Mumbai,2024-08-12,46-60,Gold
C04201,Bangalore,2024-10-03,46-60,Platinum
C04202,Chennai,2025-02-20,46-60,Silver
C04203,Delhi,2024-11-27,46-60,Silver
C04204,Chennai,2025-07-31,36-45,Silver
C04205,Bangalore,2024-07-16,26-35,Silver
C04206,Mumbai,2025-08-17,36-45,Gold
C04207,Mumbai,2024-06-16,36-45,Silver
C04208,Chennai,2025-08-19,26-35,Silver
C04209,Delhi,2024-07-11,36-45,Platinum
C04210,Mumbai,2025-09-27,46-60,Gold
C04211,Chennai,2025-12-26,46-60,Gold
C04212,Bangalore,2026-03-22,18-25,Silver
C04213,Mumbai,2024-10-11,46-60,Gold
C04214,Mumbai,2024-10-21,36-45,Gold
C04215,Bangalore,2025-01-18,46-60,Gold
C04216,Delhi,2024-08-05,36-45,Silver
C04217,Bangalore,2025-09-25,36-45,Silver
C04218,Mumbai,2025-08-22,26-35,Silver
C04219,Mumbai,2024-09-22,46-60,Silver
C04220,Chennai,2024-11-02,36-45,Silver
C04221,Bangalore,2025-04-21,36-45,Silver
C04222,Chennai,2025-09-10,46-60,Silver
C04223,Mumbai,2024-09-30,36-45,Silver
C04224,Bangalore,2026-02-05,36-45,Silver
C04225,Delhi,2024-07-23,46-60,Silver
C04226,Chennai,2025-04-22,46-60,Gold
C04227,Hyderabad,2025-11-21,18-25,Silver
C04228,Mumbai,2025-05-23,18-25,Gold
C04229,Hyderabad,2025-05-20,36-45,Platinum
C04230,Chennai,2025-08-21,26-35,Gold
C04231,Delhi,2026-04-14,46-60,Gold
C04232,Hyderabad,2024-11-19,36-45,Silver
C04233,Chennai,2025-11-09,26-35,Platinum
C04234,Delhi,2025-03-14,26-35,Silver
C04235,Hyderabad,2025-04-22,26-35,Silver
C04236,Delhi,2026-01-14,26-35,Silver
C04237,Chennai,2026-04-23,36-45,Silver
C04238,Chennai,2024-12-06,26-35,Platinum
C04239,Chennai,2025-03-16,18-25,Platinum
C04240,Bangalore,2025-02-20,26-35,Gold
C04241,Mumbai,2025-02-15,18-25,Silver
C04242,Hyderabad,2024-09-14,26-35,Silver
C04243,Hyderabad,2026-01-01,18-25,Gold
C04244,Bangalore,2024-08-05,36-45,Silver
C04245,Chennai,2024-07-16,46-60,Silver
C04246,Mumbai,2026-03-12,36-45,Gold
C04247,Hyderabad,2025-12-13,26-35,Silver
C04248,Bangalore,2025-11-26,46-60,Silver
C04249,Mumbai,2025-04-11,26-35,Silver
C04250,Hyderabad,2024-08-31,26-35,Platinum
C04251,Delhi,2024-06-18,36-45,Gold
C04252,Delhi,2024-06-22,46-60,Silver
C04253,Chennai,2024-05-25,36-45,Platinum
C04254,Mumbai,2025-07-17,26-35,Silver
C04255,Bangalore,2024-07-06,26-35,Silver
C04256,Delhi,2025-01-25,26-35,Silver
C04257,Bangalore,2025-12-14,36-45,Silver
C04258,Delhi,2025-04-05,46-60,Silver
C04259,Mumbai,2025-07-12,26-35,Silver
C04260,Hyderabad,2025-10-07,36-45,Gold
C04261,Hyderabad,2026-04-15,26-35,Silver
C04262,Delhi,2024-09-10,18-25,Gold
C04263,Chennai,2024-08-23,26-35,Silver
C04264,Bangalore,2025-05-30,46-60,Silver
C04265,Delhi,2026-03-23,46-60,Silver
C04266,Delhi,2026-03-08,26-35,Silver
C04267,Chennai,2026-01-15,46-60,Silver
C04268,Delhi,2024-08-06,18-25,Platinum
C04269,Delhi,2025-06-23,46-60,Gold
C04270,Delhi,2024-07-15,18-25,Silver
C04271,Delhi,2025-10-12,36-45,Gold
C04272,Bangalore,2025-05-26,36-45,Silver
C04273,Delhi,2024-09-08,26-35,Platinum
C04274,Hyderabad,2024-10-02,46-60,Silver
C04275,Hyderabad,2025-04-29,46-60,Silver
C04276,Bangalore,2026-02-26,26-35,Gold
C04277,Delhi,2024-10-10,46-60,Silver
C04278,Delhi,2024-08-05,46-60,Silver
C04279,Chennai,2026-04-27,46-60,Silver
C04280,Bangalore,2025-11-20,18-25,Platinum
C04281,Mumbai,2026-01-09,46-60,Gold
C04282,Mumbai,2025-03-30,18-25,Gold
C04283,Mumbai,2025-11-16,36-45,Platinum
C04284,Delhi,2025-12-22,18-25,Gold
C04285,Hyderabad,2025-07-07,26-35,Gold
C04286,Hyderabad,2025-11-15,26-35,Silver
C04287,Bangalore,2024-07-16,18-25,Gold
C04288,Hyderabad,2025-04-16,46-60,Silver
C04289,Delhi,2026-01-15,36-45,Gold
C04290,Mumbai,2024-10-20,18-25,Platinum
C04291,Bangalore,2026-02-19,46-60,Silver
C04292,Chennai,2025-01-22,46-60,Silver
C04293,Chennai,2025-06-30,46-60,Gold
C04294,Delhi,2025-02-09,36-45,Platinum
C04295,Bangalore,2024-07-05,26-35,Gold
C04296,Bangalore,2026-01-04,18-25,Silver
C04297,Hyderabad,2024-09-06,46-60,Silver
C04298,Delhi,2024-12-13,46-60,Silver
C04299,Chennai,2025-03-10,18-25,Platinum
C04300,Hyderabad,2025-01-16,46-60,Gold
C04301,Hyderabad,2025-01-31,36-45,Silver
C04302,Bangalore,2025-09-01,46-60,Silver
C04303,Chennai,2025-06-24,46-60,Silver
C04304,Bangalore,2024-10-03,18-25,Silver
C04305,Delhi,2024-06-30,36-45,Silver
C04306,Chennai,2025-03-13,36-45,Silver
C04307,Hyderabad,2024-10-11,26-35,Silver
C04308,Hyderabad,2024-08-12,26-35,Gold
C04309,Chennai,2025-10-15,36-45,Silver
C04310,Hyderabad,2024-10-26,18-25,Silver
C04311,Mumbai,2026-03-20,46-60,Silver
C04312,Chennai,2025-06-28,46-60,Gold
C04313,Hyderabad,2025-07-18,26-35,Silver
C04314,Mumbai,2025-09-29,18-25,Silver
C04315,Chennai,2024-10-28,36-45,Silver
C04316,Delhi,2025-08-29,26-35,Silver
C04317,Mumbai,2025-03-20,46-60,Silver
C04318,Hyderabad,2025-01-15,36-45,Silver
C04319,Hyderabad,2025-12-09,36-45,Silver
C04320,Bangalore,2025-08-21,18-25,Silver
C04321,Bangalore,2025-08-30,18-25,Gold
C04322,Chennai,2025-01-04,18-25,Gold
C04323,Chennai,2025-09-03,36-45,Silver
C04324,Mumbai,2024-07-23,18-25,Silver
C04325,Delhi,2024-07-16,26-35,Silver
C04326,Delhi,2024-10-06,46-60,Silver
C04327,Mumbai,2024-06-09,46-60,Silver
C04328,Bangalore,2026-04-16,26-35,Silver
C04329,Bangalore,2025-03-14,46-60,Silver
C04330,Hyderabad,2025-04-06,46-60,Silver
C04331,Bangalore,2024-10-11,46-60,Silver
C04332,Hyderabad,2025-02-22,26-35,Silver
C04333,Delhi,2026-01-21,36-45,Platinum
C04334,Delhi,2024-12-30,46-60,Silver
C04335,Chennai,2025-04-25,46-60,Gold
C04336,Delhi,2026-03-27,46-60,Silver
C04337,Mumbai,2024-06-05,36-45,Silver
C04338,Mumbai,2025-10-22,36-45,Silver
C04339,Mumbai,2026-01-04,18-25,Platinum
C04340,Bangalore,2024-11-02,46-60,Gold
C04341,Mumbai,2025-02-27,46-60,Silver
C04342,Chennai,2025-03-03,46-60,Gold
C04343,Bangalore,2025-01-25,18-25,Silver
C04344,Bangalore,2026-04-23,36-45,Platinum
C04345,Chennai,2025-09-12,18-25,Silver
C04346,Chennai,2025-04-27,46-60,Silver
C04347,Delhi,2024-11-23,46-60,Silver
C04348,Delhi,2024-06-06,18-25,Platinum
C04349,Mumbai,2024-11-28,26-35,Silver
C04350,Hyderabad,2025-11-16,36-45,Silver
C04351,Chennai,2025-08-20,26-35,Gold
C04352,Hyderabad,2026-03-07,26-35,Silver
C04353,Bangalore,2025-03-20,26-35,Silver
C04354,Hyderabad,2025-07-14,26-35,Gold
C04355,Mumbai,2025-09-01,18-25,Gold
C04356,Mumbai,2026-02-27,36-45,Gold
C04357,Bangalore,2025-09-29,36-45,Silver
C04358,Chennai,2025-07-25,36-45,Silver
C04359,Hyderabad,2024-11-18,46-60,Gold
C04360,Hyderabad,2025-09-30,26-35,Silver
C04361,Delhi,2025-05-10,36-45,Platinum
C04362,Delhi,2024-07-11,26-35,Silver
C04363,Delhi,2025-10-02,36-45,Gold
C04364,Bangalore,2024-12-03,46-60,Silver
C04365,Hyderabad,2025-04-12,36-45,Platinum
C04366,Mumbai,2024-07-07,26-35,Gold
C04367,Chennai,2026-01-12,26-35,Gold
C04368,Mumbai,2024-05-29,26-35,Platinum
C04369,Hyderabad,2026-05-15,18-25,Silver
C04370,Chennai,2025-06-11,18-25,Silver
C04371,Hyderabad,2025-10-09,36-45,Silver
C04372,Mumbai,2025-01-15,26-35,Silver
C04373,Hyderabad,2024-09-18,26-35,Platinum
C04374,Hyderabad,2025-09-25,46-60,Platinum
C04375,Chennai,2025-07-31,18-25,Platinum
C04376,Chennai,2026-02-19,18-25,Gold
C04377,Mumbai,2024-05-16,26-35,Silver
C04378,Chennai,2024-08-21,18-25,Platinum
C04379,Delhi,2025-11-18,18-25,Platinum
C04380,Hyderabad,2024-06-02,26-35,Silver
C04381,Chennai,2024-10-14,36-45,Silver
C04382,Bangalore,2025-12-31,18-25,Gold
C04383,Delhi,2025-11-05,36-45,Silver
C04384,Delhi,2025-01-09,36-45,Silver
C04385,Mumbai,2024-11-05,18-25,Platinum
C04386,Hyderabad,2025-08-30,36-45,Platinum
C04387,Mumbai,2025-10-05,36-45,Platinum
C04388,Bangalore,2025-06-17,46-60,Silver
C04389,Delhi,2025-07-05,18-25,Silver
C04390,Delhi,2025-05-13,36-45,Silver
C04391,Delhi,2025-10-23,26-35,Silver
C04392,Mumbai,2026-04-24,36-45,Silver
C04393,Mumbai,2025-03-13,36-45,Silver
C04394,Chennai,2026-05-15,18-25,Gold
C04395,Chennai,2024-10-06,18-25,Gold
C04396,Bangalore,2025-01-12,18-25,Gold
C04397,Chennai,2026-03-03,46-60,Silver
C04398,Chennai,2025-10-17,36-45,Silver
C04399,Mumbai,2025-12-17,46-60,Silver
C04400,Chennai,2026-02-18,36-45,Silver
C04401,Hyderabad,2024-09-11,36-45,Silver
C04402,Hyderabad,2025-04-02,26-35,Silver
C04403,Mumbai,2026-04-29,36-45,Silver
C04404,Hyderabad,2025-03-22,36-45,Silver
C04405,Chennai,2024-10-28,26-35,Gold
C04406,Hyderabad,2025-09-10,18-25,Silver
C04407,Hyderabad,2026-04-17,26-35,Gold
C04408,Delhi,2026-03-21,18-25,Gold
C04409,Delhi,2025-03-09,36-45,Gold
C04410,Mumbai,2024-05-27,26-35,Silver
C04411,Hyderabad,2024-09-13,36-45,Platinum
C04412,Hyderabad,2024-11-15,26-35,Gold
C04413,Hyderabad,2025-03-13,36-45,Silver
C04414,Bangalore,2025-11-05,26-35,Silver
C04415,Bangalore,2024-08-14,26-35,Silver
C04416,Bangalore,2025-07-25,46-60,Silver
C04417,Mumbai,2025-03-22,36-45,Gold
C04418,Bangalore,2025-02-22,18-25,Silver
C04419,Bangalore,2026-02-08,46-60,Silver
C04420,Bangalore,2026-03-26,46-60,Platinum
C04421,Chennai,2026-02-26,46-60,Silver
C04422,Mumbai,2025-03-03,46-60,Gold
C04423,Hyderabad,2026-01-25,36-45,Gold
C04424,Mumbai,2026-04-09,18-25,Gold
C04425,Hyderabad,2026-03-08,26-35,Silver
C04426,Chennai,2025-09-06,26-35,Gold
C04427,Chennai,2024-11-05,18-25,Platinum
C04428,Mumbai,2024-07-07,26-35,Silver
C04429,Delhi,2024-09-14,18-25,Silver
C04430,Mumbai,2026-03-11,46-60,Silver
C04431,Bangalore,2025-11-08,36-45,Silver
C04432,Chennai,2024-08-24,26-35,Gold
C04433,Bangalore,2024-11-17,18-25,Silver
C04434,Hyderabad,2025-03-07,36-45,Gold
C04435,Delhi,2025-03-02,36-45,Silver
C04436,Mumbai,2026-03-06,18-25,Silver
C04437,Hyderabad,2025-02-19,18-25,Silver
C04438,Bangalore,2025-03-05,46-60,Silver
C04439,Mumbai,2026-04-02,26-35,Silver
C04440,Mumbai,2025-02-02,26-35,Silver
C04441,Delhi,2024-08-02,46-60,Silver
C04442,Delhi,2025-12-20,26-35,Platinum
C04443,Delhi,2024-07-30,26-35,Gold
C04444,Chennai,2024-12-13,18-25,Silver
C04445,Delhi,2025-02-08,36-45,Silver
C04446,Mumbai,2024-11-28,36-45,Silver
C04447,Bangalore,2024-11-03,26-35,Silver
C04448,Delhi,2024-12-04,36-45,Gold
C04449,Chennai,2026-04-02,36-45,Gold
C04450,Chennai,2025-01-05,26-35,Silver
C04451,Chennai,2024-09-22,26-35,Silver
C04452,Bangalore,2025-12-23,18-25,Silver
C04453,Bangalore,2025-11-09,36-45,Gold
C04454,Mumbai,2025-04-28,36-45,Silver
C04455,Mumbai,2024-08-09,46-60,Gold
C04456,Bangalore,2025-11-01,36-45,Silver
C04457,Chennai,2024-11-24,26-35,Gold
C04458,Chennai,2024-08-23,26-35,Silver
C04459,Chennai,2024-10-14,36-45,Silver
C04460,Bangalore,2026-05-02,36-45,Platinum
C04461,Mumbai,2024-11-09,36-45,Silver
C04462,Bangalore,2024-09-29,18-25,Silver
C04463,Mumbai,2025-11-04,36-45,Platinum
C04464,Delhi,2024-12-16,26-35,Platinum
C04465,Bangalore,2025-04-16,46-60,Platinum
C04466,Hyderabad,2025-02-04,46-60,Silver
C04467,Delhi,2025-10-03,36-45,Gold
C04468,Bangalore,2025-05-29,26-35,Gold
C04469,Chennai,2025-06-08,18-25,Silver
C04470,Mumbai,2024-11-16,46-60,Silver
C04471,Hyderabad,2024-09-23,18-25,Silver
C04472,Chennai,2025-06-23,46-60,Silver
C04473,Hyderabad,2025-02-09,18-25,Silver
C04474,Hyderabad,2025-09-19,18-25,Gold
C04475,Chennai,2024-10-20,18-25,Gold
C04476,Chennai,2026-05-02,46-60,Gold
C04477,Hyderabad,2025-11-02,18-25,Silver
C04478,Mumbai,2025-05-31,46-60,Silver
C04479,Delhi,2024-07-06,26-35,Silver
C04480,Hyderabad,2024-07-07,18-25,Platinum
C04481,Chennai,2025-10-08,26-35,Silver
C04482,Mumbai,2025-08-28,46-60,Silver
C04483,Chennai,2024-12-31,36-45,Silver
C04484,Mumbai,2024-06-13,36-45,Silver
C04485,Delhi,2025-04-18,26-35,Silver
C04486,Delhi,2025-11-03,18-25,Silver
C04487,Hyderabad,2024-12-20,26-35,Silver
C04488,Chennai,2025-11-27,26-35,Platinum
C04489,Bangalore,2024-08-04,26-35,Silver
C04490,Hyderabad,2025-05-14,18-25,Silver
C04491,Mumbai,2025-10-26,46-60,Platinum
C04492,Delhi,2026-04-19,36-45,Silver
C04493,Bangalore,2026-03-22,18-25,Gold
C04494,Chennai,2024-07-23,18-25,Gold
C04495,Mumbai,2025-11-23,46-60,Silver
C04496,Delhi,2025-10-02,18-25,Platinum
C04497,Chennai,2025-11-24,18-25,Silver
C04498,Bangalore,2025-08-27,26-35,Silver
C04499,Chennai,2026-04-21,26-35,Silver
C04500,Bangalore,2026-01-30,46-60,Platinum
C04501,Delhi,2024-10-05,18-25,Silver
C04502,Mumbai,2025-10-06,26-35,Silver
C04503,Delhi,2026-03-06,36-45,Silver
C04504,Delhi,2025-10-21,18-25,Gold
C04505,Hyderabad,2026-03-27,46-60,Silver
C04506,Delhi,2026-04-09,18-25,Gold
C04507,Delhi,2025-01-27,46-60,Gold
C04508,Hyderabad,2026-04-19,26-35,Silver
C04509,Chennai,2024-11-01,36-45,Silver
C04510,Mumbai,2026-04-29,46-60,Platinum
C04511,Delhi,2025-05-10,36-45,Silver
C04512,Mumbai,2025-08-20,46-60,Gold
C04513,Bangalore,2025-06-04,18-25,Platinum
C04514,Chennai,2026-02-12,36-45,Platinum
C04515,Chennai,2024-12-31,36-45,Gold
C04516,Mumbai,2025-07-22,18-25,Silver
C04517,Bangalore,2025-04-15,18-25,Platinum
C04518,Hyderabad,2026-01-04,36-45,Silver
C04519,Mumbai,2025-06-13,18-25,Silver
C04520,Mumbai,2026-03-06,36-45,Gold
C04521,Delhi,2025-11-10,46-60,Silver
C04522,Delhi,2025-05-02,46-60,Silver
C04523,Bangalore,2024-11-09,36-45,Silver
C04524,Mumbai,2025-09-24,46-60,Silver
C04525,Delhi,2025-11-03,36-45,Silver
C04526,Bangalore,2025-04-05,46-60,Platinum
C04527,Mumbai,2025-04-16,18-25,Platinum
C04528,Delhi,2025-03-25,26-35,Gold
C04529,Delhi,2026-04-15,18-25,Silver
C04530,Mumbai,2025-06-23,26-35,Silver
C04531,Delhi,2024-11-22,26-35,Silver
C04532,Chennai,2025-05-14,26-35,Silver
C04533,Mumbai,2025-02-25,26-35,Silver
C04534,Chennai,2024-11-13,46-60,Gold
C04535,Hyderabad,2024-07-23,46-60,Silver
C04536,Bangalore,2025-04-08,26-35,Platinum
C04537,Hyderabad,2025-08-07,36-45,Platinum
C04538,Hyderabad,2025-03-12,36-45,Silver
C04539,Bangalore,2026-04-26,46-60,Gold
C04540,Delhi,2026-03-27,18-25,Silver
C04541,Delhi,2024-07-16,18-25,Silver
C04542,Bangalore,2025-11-10,46-60,Gold
C04543,Mumbai,2024-11-07,18-25,Silver
C04544,Bangalore,2024-09-10,26-35,Gold
C04545,Mumbai,2025-02-19,18-25,Silver
C04546,Mumbai,2024-11-30,46-60,Silver
C04547,Delhi,2024-12-18,26-35,Silver
C04548,Chennai,2025-11-06,46-60,Silver
C04549,Chennai,2026-03-16,36-45,Silver
C04550,Delhi,2025-05-21,36-45,Silver
C04551,Mumbai,2025-11-30,26-35,Platinum
C04552,Hyderabad,2024-05-23,26-35,Gold
C04553,Bangalore,2025-08-03,18-25,Silver
C04554,Bangalore,2024-06-30,18-25,Gold
C04555,Hyderabad,2025-08-11,46-60,Silver
C04556,Mumbai,2025-10-20,18-25,Silver
C04557,Hyderabad,2025-06-02,26-35,Platinum
C04558,Delhi,2024-11-19,26-35,Platinum
C04559,Bangalore,2024-11-11,18-25,Platinum
C04560,Mumbai,2024-08-06,26-35,Platinum
C04561,Chennai,2024-12-10,18-25,Platinum
C04562,Hyderabad,2025-02-14,18-25,Silver
C04563,Bangalore,2024-11-22,18-25,Platinum
C04564,Chennai,2025-09-01,26-35,Gold
C04565,Hyderabad,2025-07-03,26-35,Gold
C04566,Mumbai,2024-11-20,18-25,Silver
C04567,Delhi,2024-07-27,46-60,Gold
C04568,Bangalore,2026-04-06,46-60,Gold
C04569,Hyderabad,2025-02-11,36-45,Silver
C04570,Bangalore,2026-05-07,46-60,Gold
C04571,Mumbai,2024-10-19,26-35,Silver
C04572,Hyderabad,2024-10-24,36-45,Silver
C04573,Delhi,2025-02-14,18-25,Silver
C04574,Hyderabad,2025-09-10,26-35,Gold
C04575,Mumbai,2025-03-26,46-60,Silver
C04576,Delhi,2024-10-07,36-45,Gold
C04577,Mumbai,2025-09-05,26-35,Platinum
C04578,Chennai,2025-12-23,36-45,Gold
C04579,Bangalore,2026-05-07,46-60,Silver
C04580,Delhi,2024-06-05,46-60,Silver
C04581,Mumbai,2026-03-24,26-35,Silver
C04582,Hyderabad,2025-08-26,46-60,Silver
C04583,Delhi,2025-01-29,26-35,Silver
C04584,Bangalore,2025-01-14,26-35,Silver
C04585,Bangalore,2024-08-29,36-45,Silver
C04586,Bangalore,2024-10-17,26-35,Silver
C04587,Mumbai,2025-07-16,36-45,Platinum
C04588,Chennai,2025-08-24,26-35,Silver
C04589,Hyderabad,2024-10-20,46-60,Silver
C04590,Bangalore,2026-01-05,18-25,Silver
C04591,Hyderabad,2024-11-04,26-35,Silver
C04592,Hyderabad,2024-07-02,18-25,Silver
C04593,Bangalore,2024-10-20,36-45,Silver
C04594,Hyderabad,2025-11-06,26-35,Silver
C04595,Bangalore,2025-07-27,46-60,Gold
C04596,Delhi,2025-06-05,46-60,Silver
C04597,Delhi,2025-06-01,36-45,Gold
C04598,Mumbai,2025-10-20,26-35,Platinum
C04599,Delhi,2025-08-06,36-45,Silver
C04600,Mumbai,2025-12-16,26-35,Silver
C04601,Mumbai,2024-06-13,18-25,Silver
C04602,Chennai,2026-02-09,18-25,Silver
C04603,Mumbai,2025-07-13,36-45,Platinum
C04604,Delhi,2026-03-29,26-35,Silver
C04605,Chennai,2025-02-19,46-60,Silver
C04606,Delhi,2026-02-04,26-35,Gold
C04607,Hyderabad,2024-07-23,18-25,Gold
C04608,Delhi,2025-01-16,26-35,Gold
C04609,Mumbai,2026-03-12,46-60,Gold
C04610,Delhi,2025-06-16,36-45,Gold
C04611,Hyderabad,2025-01-10,18-25,Gold
C04612,Mumbai,2025-02-23,26-35,Gold
C04613,Mumbai,2026-04-06,46-60,Silver
C04614,Chennai,2025-10-08,36-45,Silver
C04615,Mumbai,2026-04-23,36-45,Silver
C04616,Hyderabad,2025-12-11,26-35,Gold
C04617,Hyderabad,2025-02-18,36-45,Silver
C04618,Mumbai,2025-12-26,18-25,Silver
C04619,Hyderabad,2026-02-17,46-60,Silver
C04620,Delhi,2026-05-09,18-25,Silver
C04621,Delhi,2026-02-04,18-25,Silver
C04622,Mumbai,2025-08-28,26-35,Gold
C04623,Mumbai,2025-05-29,18-25,Silver
C04624,Mumbai,2026-01-18,46-60,Silver
C04625,Bangalore,2024-07-10,36-45,Gold
C04626,Chennai,2025-06-07,26-35,Gold
C04627,Hyderabad,2025-03-05,26-35,Gold
C04628,Hyderabad,2024-08-23,46-60,Gold
C04629,Mumbai,2024-06-05,26-35,Gold
C04630,Delhi,2025-10-19,26-35,Silver
C04631,Hyderabad,2025-05-14,26-35,Silver
C04632,Chennai,2024-05-18,18-25,Gold
C04633,Chennai,2026-02-19,36-45,Silver
C04634,Hyderabad,2026-01-26,46-60,Silver
C04635,Delhi,2026-04-04,36-45,Gold
C04636,Hyderabad,2026-02-26,36-45,Gold
C04637,Delhi,2024-05-30,18-25,Gold
C04638,Mumbai,2024-09-29,46-60,Silver
C04639,Mumbai,2024-09-07,18-25,Platinum
C04640,Chennai,2025-06-19,46-60,Gold
C04641,Bangalore,2025-09-14,46-60,Platinum
C04642,Chennai,2026-04-27,46-60,Platinum
C04643,Bangalore,2025-06-22,46-60,Gold
C04644,Chennai,2025-03-09,26-35,Silver
C04645,Mumbai,2025-10-14,26-35,Silver
C04646,Chennai,2025-04-27,36-45,Silver
C04647,Chennai,2024-08-24,36-45,Silver
C04648,Delhi,2024-11-28,36-45,Silver
C04649,Delhi,2026-02-24,18-25,Gold
C04650,Chennai,2024-06-01,46-60,Silver
C04651,Chennai,2026-04-09,18-25,Gold
C04652,Hyderabad,2025-10-17,46-60,Silver
C04653,Chennai,2024-10-19,36-45,Silver
C04654,Chennai,2026-03-03,26-35,Silver
C04655,Delhi,2025-03-21,26-35,Gold
C04656,Bangalore,2026-03-20,36-45,Silver
C04657,Delhi,2025-11-12,36-45,Gold
C04658,Hyderabad,2026-03-30,36-45,Gold
C04659,Hyderabad,2024-11-14,36-45,Gold
C04660,Chennai,2024-10-15,18-25,Silver
C04661,Bangalore,2024-11-02,26-35,Platinum
C04662,Chennai,2025-12-26,46-60,Silver
C04663,Delhi,2025-03-15,46-60,Platinum
C04664,Hyderabad,2025-08-09,18-25,Silver
C04665,Mumbai,2025-05-11,36-45,Silver
C04666,Chennai,2025-12-20,36-45,Platinum
C04667,Chennai,2025-04-21,26-35,Silver
C04668,Mumbai,2025-08-24,26-35,Silver
C04669,Bangalore,2025-07-17,26-35,Silver
C04670,Chennai,2025-08-06,36-45,Silver
C04671,Delhi,2025-03-29,26-35,Silver
C04672,Mumbai,2024-11-14,46-60,Silver
C04673,Chennai,2025-02-13,26-35,Silver
C04674,Mumbai,2025-07-13,36-45,Silver
C04675,Chennai,2024-05-29,26-35,Silver
C04676,Bangalore,2024-09-10,36-45,Gold
C04677,Mumbai,2026-01-20,26-35,Silver
C04678,Delhi,2026-04-27,46-60,Silver
C04679,Delhi,2025-08-24,18-25,Silver
C04680,Hyderabad,2025-04-22,36-45,Gold
C04681,Hyderabad,2024-10-29,36-45,Platinum
C04682,Hyderabad,2024-09-26,26-35,Gold
C04683,Hyderabad,2025-09-06,18-25,Gold
C04684,Hyderabad,2024-08-20,26-35,Silver
C04685,Bangalore,2024-09-05,26-35,Silver
C04686,Mumbai,2024-12-01,26-35,Gold
C04687,Hyderabad,2025-01-13,46-60,Gold
C04688,Mumbai,2026-05-02,36-45,Platinum
C04689,Chennai,2025-07-17,18-25,Silver
C04690,Delhi,2025-04-18,26-35,Silver
C04691,Bangalore,2026-03-24,26-35,Gold
C04692,Bangalore,2025-01-31,36-45,Gold
C04693,Bangalore,2025-08-26,18-25,Silver
C04694,Delhi,2025-08-05,18-25,Platinum
C04695,Delhi,2024-11-22,26-35,Silver
C04696,Chennai,2025-04-17,46-60,Gold
C04697,Hyderabad,2025-06-02,26-35,Silver
C04698,Delhi,2025-06-16,46-60,Silver
C04699,Delhi,2025-07-29,18-25,Gold
C04700,Delhi,2025-04-29,26-35,Silver
C04701,Chennai,2026-01-08,18-25,Silver
C04702,Delhi,2024-12-03,18-25,Platinum
C04703,Hyderabad,2024-12-11,36-45,Silver
C04704,Mumbai,2025-06-09,46-60,Gold
C04705,Bangalore,2024-11-02,36-45,Platinum
C04706,Bangalore,2025-11-19,18-25,Silver
C04707,Chennai,2024-09-13,26-35,Gold
C04708,Mumbai,2026-04-20,18-25,Silver
C04709,Chennai,2024-09-19,18-25,Silver
C04710,Delhi,2025-03-12,26-35,Gold
C04711,Chennai,2026-01-19,18-25,Gold
C04712,Chennai,2024-08-27,36-45,Silver
C04713,Delhi,2024-08-05,36-45,Silver
C04714,Chennai,2025-02-22,18-25,Gold
C04715,Chennai,2025-04-24,26-35,Gold
C04716,Delhi,2024-11-23,46-60,Gold
C04717,Hyderabad,2025-03-21,36-45,Silver
C04718,Bangalore,2025-12-16,36-45,Platinum
C04719,Chennai,2025-12-06,46-60,Silver
C04720,Bangalore,2025-12-08,36-45,Silver
C04721,Delhi,2025-09-29,26-35,Silver
C04722,Bangalore,2025-04-08,26-35,Silver
C04723,Chennai,2025-02-23,18-25,Gold
C04724,Chennai,2024-12-12,46-60,Silver
C04725,Delhi,2025-03-26,18-25,Platinum
C04726,Chennai,2026-04-26,18-25,Silver
C04727,Mumbai,2025-06-19,46-60,Platinum
C04728,Bangalore,2025-09-01,18-25,Gold
C04729,Mumbai,2025-04-20,46-60,Silver
C04730,Chennai,2025-12-01,26-35,Silver
C04731,Hyderabad,2026-04-14,26-35,Gold
C04732,Delhi,2025-08-17,18-25,Silver
C04733,Chennai,2024-06-29,18-25,Platinum
C04734,Mumbai,2025-09-29,26-35,Silver
C04735,Chennai,2025-09-15,36-45,Silver
C04736,Delhi,2024-08-01,36-45,Platinum
C04737,Mumbai,2024-10-23,18-25,Silver
C04738,Bangalore,2024-10-16,26-35,Silver
C04739,Chennai,2026-02-17,46-60,Silver
C04740,Bangalore,2025-12-22,46-60,Gold
C04741,Bangalore,2025-10-26,36-45,Silver
C04742,Delhi,2026-02-08,46-60,Silver
C04743,Mumbai,2026-01-12,36-45,Gold
C04744,Hyderabad,2025-11-13,46-60,Silver
C04745,Delhi,2026-04-07,36-45,Gold
C04746,Hyderabad,2024-10-09,36-45,Silver
C04747,Hyderabad,2024-08-23,26-35,Silver
C04748,Delhi,2025-02-19,36-45,Silver
C04749,Mumbai,2024-11-20,36-45,Silver
C04750,Chennai,2025-12-12,18-25,Silver
C04751,Mumbai,2025-07-15,36-45,Silver
C04752,Bangalore,2025-08-24,26-35,Gold
C04753,Mumbai,2026-01-09,26-35,Silver
C04754,Mumbai,2024-11-07,26-35,Gold
C04755,Chennai,2024-09-22,46-60,Platinum
C04756,Chennai,2024-12-13,46-60,Gold
C04757,Delhi,2025-05-16,46-60,Platinum
C04758,Chennai,2024-08-12,46-60,Gold
C04759,Mumbai,2024-11-27,18-25,Silver
C04760,Bangalore,2025-07-20,36-45,Silver
C04761,Mumbai,2025-08-14,26-35,Platinum
C04762,Bangalore,2025-03-03,18-25,Silver
C04763,Delhi,2025-06-10,26-35,Gold
C04764,Mumbai,2025-02-05,26-35,Platinum
C04765,Mumbai,2025-06-16,46-60,Silver
C04766,Mumbai,2025-01-16,36-45,Silver
C04767,Delhi,2024-10-20,46-60,Platinum
C04768,Delhi,2025-08-30,18-25,Silver
C04769,Bangalore,2026-04-20,18-25,Silver
C04770,Delhi,2026-01-19,36-45,Silver
C04771,Mumbai,2025-09-07,18-25,Gold
C04772,Chennai,2025-05-25,36-45,Silver
C04773,Delhi,2025-03-03,46-60,Silver
C04774,Mumbai,2025-06-26,36-45,Gold
C04775,Chennai,2024-12-31,36-45,Gold
C04776,Chennai,2024-09-15,26-35,Platinum
C04777,Chennai,2025-04-22,46-60,Platinum
C04778,Delhi,2025-10-05,36-45,Silver
C04779,Mumbai,2026-04-16,26-35,Platinum
C04780,Bangalore,2024-12-22,18-25,Gold
C04781,Chennai,2025-02-27,46-60,Gold
C04782,Mumbai,2024-10-04,46-60,Gold
C04783,Bangalore,2024-07-19,46-60,Silver
C04784,Hyderabad,2024-12-30,36-45,Silver
C04785,Mumbai,2025-07-09,46-60,Silver
C04786,Mumbai,2025-07-22,46-60,Platinum
C04787,Bangalore,2025-05-03,18-25,Platinum
C04788,Hyderabad,2025-10-06,18-25,Silver
C04789,Chennai,2024-06-22,36-45,Silver
C04790,Mumbai,2025-09-24,18-25,Silver
C04791,Chennai,2025-11-06,26-35,Silver
C04792,Chennai,2025-01-19,46-60,Silver
C04793,Mumbai,2024-08-29,26-35,Silver
C04794,Chennai,2024-08-05,18-25,Gold
C04795,Hyderabad,2026-03-15,36-45,Silver
C04796,Mumbai,2025-07-08,36-45,Silver
C04797,Hyderabad,2024-08-29,18-25,Silver
C04798,Chennai,2025-01-10,26-35,Silver
C04799,Chennai,2026-02-27,26-35,Gold
C04800,Mumbai,2025-06-19,26-35,Silver
C04801,Delhi,2026-02-10,36-45,Silver
C04802,Chennai,2025-09-28,36-45,Gold
C04803,Hyderabad,2024-10-06,46-60,Silver
C04804,Delhi,2024-12-03,36-45,Gold
C04805,Bangalore,2025-01-14,36-45,Platinum
C04806,Mumbai,2024-10-10,26-35,Silver
C04807,Mumbai,2025-06-19,46-60,Silver
C04808,Chennai,2025-03-28,46-60,Silver
C04809,Chennai,2025-06-27,26-35,Gold
C04810,Delhi,2025-08-23,18-25,Silver
C04811,Bangalore,2026-03-10,26-35,Silver
C04812,Mumbai,2024-11-30,46-60,Silver
C04813,Chennai,2026-02-19,46-60,Silver
C04814,Mumbai,2024-09-25,26-35,Gold
C04815,Chennai,2025-02-13,46-60,Silver
C04816,Delhi,2025-08-31,46-60,Gold
C04817,Bangalore,2025-12-29,18-25,Silver
C04818,Bangalore,2024-05-31,36-45,Gold
C04819,Hyderabad,2024-07-04,26-35,Silver
C04820,Hyderabad,2025-10-11,36-45,Gold
C04821,Mumbai,2025-09-20,36-45,Silver
C04822,Mumbai,2024-06-12,26-35,Silver
C04823,Bangalore,2025-08-06,26-35,Silver
C04824,Bangalore,2024-12-25,26-35,Platinum
C04825,Mumbai,2025-05-21,46-60,Silver
C04826,Delhi,2026-04-09,46-60,Platinum
C04827,Hyderabad,2024-12-18,36-45,Silver
C04828,Mumbai,2024-09-14,18-25,Silver
C04829,Mumbai,2025-06-21,18-25,Silver
C04830,Mumbai,2026-02-10,46-60,Gold
C04831,Bangalore,2025-10-06,26-35,Silver
C04832,Mumbai,2025-09-14,46-60,Silver
C04833,Hyderabad,2026-05-04,46-60,Silver
C04834,Bangalore,2026-01-03,26-35,Silver
C04835,Bangalore,2024-07-27,18-25,Silver
C04836,Bangalore,2026-02-12,36-45,Silver
C04837,Delhi,2024-09-10,18-25,Silver
C04838,Delhi,2024-10-10,46-60,Silver
C04839,Bangalore,2026-05-04,26-35,Silver
C04840,Hyderabad,2025-12-25,26-35,Gold
C04841,Delhi,2025-04-09,18-25,Gold
C04842,Bangalore,2024-09-13,26-35,Silver
C04843,Mumbai,2025-08-06,46-60,Platinum
C04844,Hyderabad,2024-12-27,46-60,Silver
C04845,Mumbai,2024-08-04,18-25,Gold
C04846,Hyderabad,2026-02-02,18-25,Gold
C04847,Mumbai,2025-10-15,26-35,Silver
C04848,Hyderabad,2025-11-01,46-60,Platinum
C04849,Bangalore,2024-06-03,36-45,Gold
C04850,Chennai,2025-08-03,26-35,Silver
C04851,Mumbai,2025-10-10,46-60,Silver
C04852,Mumbai,2025-02-04,36-45,Gold
C04853,Delhi,2026-01-22,18-25,Silver
C04854,Chennai,2025-03-12,18-25,Silver
C04855,Delhi,2025-03-24,46-60,Silver
C04856,Chennai,2025-03-29,18-25,Silver
C04857,Chennai,2024-12-18,18-25,Silver
C04858,Hyderabad,2025-08-22,36-45,Platinum
C04859,Bangalore,2024-10-11,36-45,Gold
C04860,Bangalore,2026-01-27,46-60,Silver
C04861,Mumbai,2025-07-22,36-45,Silver
C04862,Bangalore,2024-06-26,36-45,Gold
C04863,Hyderabad,2025-06-27,26-35,Silver
C04864,Mumbai,2025-09-20,18-25,Silver
C04865,Hyderabad,2025-11-07,26-35,Gold
C04866,Chennai,2025-10-21,18-25,Gold
C04867,Hyderabad,2026-04-04,46-60,Platinum
C04868,Delhi,2025-04-12,36-45,Silver
C04869,Bangalore,2025-01-29,18-25,Silver
C04870,Bangalore,2025-04-23,18-25,Silver
C04871,Hyderabad,2026-01-05,18-25,Gold
C04872,Bangalore,2025-04-01,18-25,Gold
C04873,Mumbai,2024-06-10,46-60,Silver
C04874,Bangalore,2025-12-09,46-60,Gold
C04875,Delhi,2026-04-02,18-25,Silver
C04876,Bangalore,2025-12-24,46-60,Platinum
C04877,Hyderabad,2025-10-21,26-35,Silver
C04878,Delhi,2025-03-25,46-60,Silver
C04879,Bangalore,2024-08-13,46-60,Silver
C04880,Mumbai,2026-02-18,46-60,Platinum
C04881,Bangalore,2024-09-19,26-35,Platinum
C04882,Chennai,2025-04-16,18-25,Gold
C04883,Bangalore,2025-01-21,46-60,Gold
C04884,Hyderabad,2026-01-07,36-45,Silver
C04885,Bangalore,2025-09-03,46-60,Platinum
C04886,Mumbai,2026-05-05,46-60,Silver
C04887,Chennai,2024-08-19,46-60,Silver
C04888,Chennai,2025-05-15,36-45,Silver
C04889,Hyderabad,2025-08-12,18-25,Silver
C04890,Chennai,2025-07-09,26-35,Platinum
C04891,Chennai,2026-04-24,26-35,Gold
C04892,Bangalore,2025-12-23,46-60,Gold
C04893,Chennai,2026-04-06,36-45,Silver
C04894,Bangalore,2024-07-19,36-45,Gold
C04895,Delhi,2024-05-27,18-25,Silver
C04896,Delhi,2024-12-15,18-25,Silver
C04897,Delhi,2025-12-23,36-45,Silver
C04898,Mumbai,2025-03-29,36-45,Silver
C04899,Delhi,2025-07-31,36-45,Gold
C04900,Hyderabad,2025-05-13,26-35,Silver
C04901,Delhi,2025-01-26,26-35,Silver
C04902,Chennai,2026-03-01,26-35,Silver
C04903,Hyderabad,2024-08-05,36-45,Gold
C04904,Mumbai,2024-11-20,46-60,Gold
C04905,Mumbai,2025-10-10,46-60,Gold
C04906,Mumbai,2024-08-26,18-25,Silver
C04907,Delhi,2025-04-22,36-45,Gold
C04908,Chennai,2025-03-24,36-45,Platinum
C04909,Chennai,2026-04-09,36-45,Silver
C04910,Delhi,2025-09-07,46-60,Silver
C04911,Mumbai,2025-03-10,36-45,Silver
C04912,Mumbai,2024-12-20,26-35,Silver
C04913,Chennai,2025-02-24,26-35,Gold
C04914,Bangalore,2025-05-21,46-60,Silver
C04915,Hyderabad,2025-10-07,36-45,Gold
C04916,Hyderabad,2025-07-16,36-45,Silver
C04917,Delhi,2025-10-14,18-25,Gold
C04918,Bangalore,2024-05-23,36-45,Silver
C04919,Bangalore,2024-10-17,18-25,Gold
C04920,Hyderabad,2026-02-20,36-45,Platinum
C04921,Chennai,2025-05-31,46-60,Silver
C04922,Bangalore,2025-09-22,18-25,Gold
C04923,Chennai,2026-03-25,36-45,Silver
C04924,Delhi,2024-09-10,46-60,Gold
C04925,Bangalore,2024-09-25,26-35,Platinum
C04926,Mumbai,2025-10-26,18-25,Silver
C04927,Delhi,2025-08-27,46-60,Silver
C04928,Delhi,2025-03-07,26-35,Gold
C04929,Bangalore,2024-07-26,26-35,Silver
C04930,Delhi,2025-02-08,18-25,Gold
C04931,Hyderabad,2025-03-25,36-45,Silver
C04932,Chennai,2025-06-06,36-45,Silver
C04933,Delhi,2025-10-07,46-60,Gold
C04934,Mumbai,2024-11-30,46-60,Silver
C04935,Mumbai,2025-07-28,18-25,Gold
C04936,Delhi,2024-06-14,36-45,Gold
C04937,Hyderabad,2025-12-20,18-25,Silver
C04938,Delhi,2026-03-30,18-25,Gold
C04939,Hyderabad,2024-11-18,36-45,Gold
C04940,Mumbai,2024-12-08,36-45,Silver
C04941,Bangalore,2025-01-16,46-60,Silver
C04942,Mumbai,2026-03-17,36-45,Gold
C04943,Hyderabad,2024-06-12,26-35,Platinum
C04944,Bangalore,2025-07-28,46-60,Gold
C04945,Chennai,2024-09-17,26-35,Silver
C04946,Chennai,2026-03-26,26-35,Silver
C04947,Chennai,2025-02-26,46-60,Silver
C04948,Mumbai,2024-05-31,36-45,Platinum
C04949,Bangalore,2024-07-01,18-25,Silver
C04950,Hyderabad,2025-11-26,36-45,Silver
C04951,Hyderabad,2026-01-16,36-45,Silver
C04952,Chennai,2024-10-28,46-60,Silver
C04953,Mumbai,2024-06-06,26-35,Silver
C04954,Chennai,2024-07-13,26-35,Platinum
C04955,Mumbai,2024-12-07,18-25,Silver
C04956,Hyderabad,2025-05-13,26-35,Gold
C04957,Mumbai,2025-12-30,36-45,Platinum
C04958,Bangalore,2025-07-02,46-60,Silver
C04959,Delhi,2025-05-04,46-60,Silver
C04960,Bangalore,2024-07-10,18-25,Silver
C04961,Mumbai,2025-07-24,46-60,Silver
C04962,Mumbai,2025-08-13,36-45,Silver
C04963,Chennai,2026-01-17,18-25,Silver
C04964,Mumbai,2025-01-27,46-60,Gold
C04965,Mumbai,2025-05-25,36-45,Gold
C04966,Chennai,2024-12-29,46-60,Platinum
C04967,Chennai,2024-07-08,46-60,Silver
C04968,Mumbai,2025-01-15,18-25,Silver
C04969,Bangalore,2024-08-31,36-45,Silver
C04970,Mumbai,2025-10-07,46-60,Silver
C04971,Chennai,2024-12-24,46-60,Silver
C04972,Delhi,2024-10-09,46-60,Silver
C04973,Bangalore,2025-05-15,36-45,Silver
C04974,Bangalore,2026-02-27,46-60,Gold
C04975,Mumbai,2025-05-13,18-25,Gold
C04976,Chennai,2025-01-19,36-45,Silver
C04977,Bangalore,2025-01-11,46-60,Gold
C04978,Chennai,2025-11-18,18-25,Gold
C04979,Chennai,2026-01-07,46-60,Silver
C04980,Delhi,2025-05-10,46-60,Silver
C04981,Hyderabad,2026-01-05,18-25,Gold
C04982,Delhi,2025-04-23,36-45,Platinum
C04983,Chennai,2026-03-22,36-45,Platinum
C04984,Mumbai,2025-07-12,46-60,Gold
C04985,Bangalore,2025-04-05,36-45,Silver
C04986,Chennai,2024-08-23,46-60,Gold
C04987,Chennai,2026-01-02,46-60,Gold
C04988,Delhi,2025-04-09,18-25,Silver
C04989,Chennai,2026-03-05,46-60,Gold
C04990,Bangalore,2025-10-28,18-25,Gold
C04991,Delhi,2025-12-16,36-45,Silver
C04992,Mumbai,2024-11-05,36-45,Silver
C04993,Chennai,2025-05-23,26-35,Gold
C04994,Mumbai,2024-11-22,26-35,Platinum
C04995,Chennai,2024-06-18,36-45,Silver
C04996,Mumbai,2026-01-23,46-60,Silver
C04997,Delhi,2025-01-23,46-60,Gold
C04998,Delhi,2025-12-26,18-25,Silver
C04999,Delhi,2025-05-12,26-35,Silver
C05000,Hyderabad,2026-03-07,46-60,Silver
C05001,Delhi,2025-10-02,36-45,Silver
C05002,Delhi,2025-10-02,46-60,Platinum
C05003,Hyderabad,2024-10-30,18-25,Gold
C05004,Chennai,2025-02-01,46-60,Gold
C05005,Delhi,2025-08-18,26-35,Gold
C05006,Bangalore,2025-09-12,26-35,Gold
C05007,Bangalore,2024-08-08,46-60,Silver
C05008,Mumbai,2024-09-02,26-35,Silver
C05009,Chennai,2024-12-27,36-45,Gold
C05010,Delhi,2025-08-21,18-25,Silver
C05011,Bangalore,2025-08-19,46-60,Gold
C05012,Chennai,2026-01-19,18-25,Silver
C05013,Mumbai,2025-11-14,26-35,Silver
C05014,Bangalore,2025-09-19,46-60,Silver
C05015,Delhi,2025-04-19,26-35,Gold
C05016,Mumbai,2024-09-26,18-25,Platinum
C05017,Hyderabad,2024-05-16,18-25,Gold
C05018,Chennai,2024-10-20,36-45,Silver
C05019,Bangalore,2024-12-12,26-35,Silver
C05020,Chennai,2026-04-08,26-35,Silver
C05021,Bangalore,2024-09-25,36-45,Silver
C05022,Mumbai,2024-09-01,46-60,Silver
C05023,Hyderabad,2024-11-11,18-25,Silver
C05024,Hyderabad,2024-08-13,18-25,Gold
C05025,Mumbai,2024-05-18,26-35,Silver
C05026,Chennai,2025-07-24,18-25,Silver
C05027,Mumbai,2024-07-10,36-45,Silver
C05028,Bangalore,2024-08-15,18-25,Silver
C05029,Chennai,2025-11-18,46-60,Silver
C05030,Delhi,2026-05-09,36-45,Silver
C05031,Bangalore,2024-09-12,46-60,Silver
C05032,Mumbai,2024-12-05,46-60,Platinum
C05033,Hyderabad,2025-06-25,36-45,Silver
C05034,Hyderabad,2025-03-03,46-60,Silver
C05035,Delhi,2025-07-28,26-35,Platinum
C05036,Hyderabad,2025-12-21,26-35,Gold
C05037,Mumbai,2025-11-27,36-45,Gold
C05038,Hyderabad,2025-01-16,46-60,Silver
C05039,Mumbai,2025-04-01,26-35,Gold
C05040,Chennai,2024-12-19,18-25,Gold
C05041,Delhi,2025-04-22,26-35,Silver
C05042,Bangalore,2024-10-08,26-35,Gold
C05043,Mumbai,2025-03-11,46-60,Gold
C05044,Bangalore,2025-09-07,26-35,Silver
C05045,Bangalore,2024-12-31,36-45,Gold
C05046,Delhi,2025-11-26,18-25,Silver
C05047,Bangalore,2024-09-01,36-45,Silver
C05048,Chennai,2024-05-18,26-35,Silver
C05049,Mumbai,2024-06-13,26-35,Gold
C05050,Chennai,2025-02-06,18-25,Gold
C05051,Bangalore,2025-06-30,26-35,Gold
C05052,Bangalore,2025-09-27,36-45,Silver
C05053,Chennai,2025-11-03,18-25,Gold
C05054,Hyderabad,2025-10-11,18-25,Platinum
C05055,Mumbai,2026-03-27,36-45,Platinum
C05056,Hyderabad,2025-12-01,26-35,Silver
C05057,Hyderabad,2025-03-16,18-25,Silver
C05058,Chennai,2025-09-25,46-60,Silver
C05059,Mumbai,2024-11-19,36-45,Gold
C05060,Hyderabad,2024-07-19,18-25,Gold
C05061,Delhi,2024-06-08,18-25,Silver
C05062,Bangalore,2024-08-23,18-25,Silver
C05063,Bangalore,2025-11-18,18-25,Silver
C05064,Delhi,2026-01-06,18-25,Silver
C05065,Hyderabad,2025-05-18,46-60,Silver
C05066,Chennai,2025-09-20,26-35,Silver
C05067,Chennai,2025-06-26,36-45,Platinum
C05068,Mumbai,2025-05-16,18-25,Gold
C05069,Hyderabad,2025-03-26,36-45,Platinum
C05070,Mumbai,2025-08-19,26-35,Silver
C05071,Hyderabad,2026-03-13,26-35,Gold
C05072,Delhi,2024-10-03,26-35,Silver
C05073,Chennai,2024-09-26,36-45,Platinum
C05074,Bangalore,2025-05-03,26-35,Silver
C05075,Chennai,2024-12-31,46-60,Platinum
C05076,Bangalore,2025-04-26,18-25,Silver
C05077,Delhi,2026-02-10,26-35,Silver
C05078,Delhi,2024-05-17,18-25,Silver
C05079,Mumbai,2024-12-29,26-35,Silver
C05080,Bangalore,2024-07-24,18-25,Gold
C05081,Bangalore,2025-06-05,26-35,Silver
C05082,Delhi,2024-09-06,18-25,Silver
C05083,Bangalore,2024-10-17,18-25,Gold
C05084,Delhi,2024-12-31,36-45,Silver
C05085,Chennai,2026-02-09,46-60,Gold
C05086,Delhi,2025-09-15,18-25,Silver
C05087,Mumbai,2024-11-23,46-60,Silver
C05088,Bangalore,2024-08-25,18-25,Gold
C05089,Chennai,2024-12-19,36-45,Silver
C05090,Bangalore,2024-06-26,36-45,Silver
C05091,Delhi,2025-07-13,18-25,Gold
C05092,Mumbai,2026-02-04,46-60,Silver
C05093,Hyderabad,2024-08-11,46-60,Silver
C05094,Hyderabad,2024-06-06,46-60,Silver
C05095,Mumbai,2024-10-11,36-45,Silver
C05096,Delhi,2026-01-04,26-35,Gold
C05097,Mumbai,2025-03-13,26-35,Silver
C05098,Chennai,2025-08-31,36-45,Silver
C05099,Chennai,2025-09-09,18-25,Silver
C05100,Chennai,2026-02-10,46-60,Silver
C05101,Delhi,2026-01-02,36-45,Platinum
C05102,Chennai,2025-01-15,46-60,Silver
C05103,Mumbai,2026-04-10,18-25,Silver
C05104,Bangalore,2024-11-01,36-45,Silver
C05105,Delhi,2025-11-03,18-25,Silver
C05106,Bangalore,2024-09-30,36-45,Gold
C05107,Hyderabad,2026-02-05,26-35,Silver
C05108,Chennai,2025-04-17,36-45,Silver
C05109,Mumbai,2026-02-26,26-35,Gold
C05110,Hyderabad,2024-08-06,46-60,Silver
C05111,Chennai,2024-06-02,18-25,Silver
C05112,Delhi,2024-12-18,36-45,Gold
C05113,Hyderabad,2026-03-19,46-60,Gold
C05114,Mumbai,2025-12-24,46-60,Silver
C05115,Delhi,2024-11-07,18-25,Silver
C05116,Bangalore,2024-07-07,46-60,Silver
C05117,Hyderabad,2025-12-17,46-60,Gold
C05118,Bangalore,2025-05-16,36-45,Gold
C05119,Chennai,2024-05-30,36-45,Silver
C05120,Mumbai,2025-12-20,18-25,Silver
C05121,Mumbai,2026-02-23,18-25,Platinum
C05122,Bangalore,2026-01-31,36-45,Silver
C05123,Hyderabad,2025-02-14,18-25,Silver
C05124,Bangalore,2025-04-25,26-35,Silver
C05125,Hyderabad,2024-08-20,46-60,Silver
C05126,Mumbai,2025-12-26,18-25,Platinum
C05127,Bangalore,2024-11-02,46-60,Silver
C05128,Hyderabad,2024-06-12,46-60,Silver
C05129,Chennai,2024-10-24,26-35,Gold
C05130,Mumbai,2025-12-22,18-25,Silver
C05131,Mumbai,2026-04-25,36-45,Gold
C05132,Hyderabad,2026-05-08,36-45,Silver
C05133,Chennai,2025-05-21,46-60,Silver
C05134,Bangalore,2025-10-04,18-25,Silver
C05135,Delhi,2026-02-05,46-60,Silver
C05136,Chennai,2024-11-01,26-35,Silver
C05137,Bangalore,2024-07-30,26-35,Silver
C05138,Bangalore,2025-05-13,36-45,Silver
C05139,Chennai,2024-08-25,18-25,Gold
C05140,Delhi,2026-04-18,46-60,Silver
C05141,Bangalore,2024-09-09,18-25,Silver
C05142,Chennai,2026-05-14,26-35,Silver
C05143,Delhi,2024-08-11,26-35,Gold
C05144,Bangalore,2024-05-16,26-35,Silver
C05145,Chennai,2025-11-29,46-60,Silver
C05146,Delhi,2025-10-02,26-35,Platinum
C05147,Mumbai,2025-04-02,26-35,Gold
C05148,Bangalore,2026-01-07,26-35,Platinum
C05149,Bangalore,2025-10-09,26-35,Silver
C05150,Chennai,2024-12-09,18-25,Silver
C05151,Delhi,2025-01-27,26-35,Silver
C05152,Mumbai,2025-10-17,46-60,Silver
C05153,Delhi,2024-10-20,36-45,Silver
C05154,Delhi,2024-06-15,18-25,Silver
C05155,Hyderabad,2026-05-12,46-60,Silver
C05156,Bangalore,2025-09-29,36-45,Gold
C05157,Mumbai,2026-03-21,46-60,Silver
C05158,Chennai,2026-01-14,46-60,Gold
C05159,Mumbai,2025-02-19,26-35,Silver
C05160,Delhi,2024-06-02,26-35,Silver
C05161,Mumbai,2025-05-11,18-25,Gold
C05162,Chennai,2024-08-10,18-25,Silver
C05163,Hyderabad,2025-03-14,46-60,Gold
C05164,Delhi,2024-12-22,36-45,Silver
C05165,Hyderabad,2024-07-23,46-60,Platinum
C05166,Delhi,2026-01-29,36-45,Platinum
C05167,Chennai,2025-11-20,36-45,Gold
C05168,Hyderabad,2025-03-16,18-25,Silver
C05169,Hyderabad,2024-09-12,36-45,Platinum
C05170,Hyderabad,2026-04-18,26-35,Silver
C05171,Mumbai,2025-11-11,18-25,Gold
C05172,Delhi,2024-07-31,36-45,Silver
C05173,Delhi,2026-01-05,18-25,Silver
C05174,Bangalore,2025-10-29,26-35,Silver
C05175,Hyderabad,2024-06-30,46-60,Gold
C05176,Mumbai,2024-07-30,46-60,Silver
C05177,Delhi,2024-07-22,18-25,Silver
C05178,Mumbai,2025-05-20,46-60,Silver
C05179,Mumbai,2025-04-08,18-25,Gold
C05180,Mumbai,2024-06-13,18-25,Platinum
C05181,Chennai,2025-04-06,26-35,Silver
C05182,Bangalore,2024-11-16,46-60,Silver
C05183,Hyderabad,2025-06-05,18-25,Gold
C05184,Delhi,2024-10-05,36-45,Gold
C05185,Hyderabad,2024-12-24,46-60,Gold
C05186,Delhi,2025-12-15,18-25,Silver
C05187,Mumbai,2026-01-31,46-60,Silver
C05188,Mumbai,2025-11-18,36-45,Silver
C05189,Chennai,2025-01-13,36-45,Silver
C05190,Hyderabad,2026-03-29,18-25,Silver
C05191,Delhi,2025-11-13,26-35,Gold
C05192,Chennai,2025-03-11,18-25,Silver
C05193,Hyderabad,2024-06-09,18-25,Silver
C05194,Chennai,2025-09-23,36-45,Silver
C05195,Delhi,2025-09-02,46-60,Silver
C05196,Chennai,2025-08-27,26-35,Platinum
C05197,Chennai,2025-01-26,36-45,Silver
C05198,Bangalore,2025-05-26,18-25,Silver
C05199,Delhi,2026-04-30,26-35,Platinum
C05200,Chennai,2026-04-20,26-35,Gold
C05201,Mumbai,2025-12-02,18-25,Platinum
C05202,Chennai,2025-04-07,26-35,Silver
C05203,Bangalore,2024-11-28,36-45,Silver
C05204,Chennai,2025-06-28,36-45,Silver
C05205,Delhi,2026-03-13,46-60,Gold
C05206,Chennai,2024-10-15,26-35,Silver
C05207,Bangalore,2025-10-02,26-35,Platinum
C05208,Hyderabad,2025-04-08,26-35,Gold
C05209,Mumbai,2026-03-06,36-45,Gold
C05210,Chennai,2024-06-17,36-45,Gold
C05211,Delhi,2024-10-03,46-60,Silver
C05212,Mumbai,2025-11-22,18-25,Silver
C05213,Mumbai,2026-03-04,36-45,Silver
C05214,Hyderabad,2025-07-26,36-45,Silver
C05215,Bangalore,2025-09-13,26-35,Silver
C05216,Mumbai,2025-03-11,26-35,Silver
C05217,Delhi,2025-06-04,18-25,Silver
C05218,Mumbai,2024-10-01,26-35,Gold
C05219,Bangalore,2025-04-02,26-35,Gold
C05220,Bangalore,2025-01-13,18-25,Platinum
C05221,Chennai,2024-08-21,36-45,Silver
C05222,Bangalore,2025-04-05,26-35,Silver
C05223,Mumbai,2025-12-16,26-35,Silver
C05224,Delhi,2026-03-02,26-35,Silver
C05225,Chennai,2024-06-27,18-25,Gold
C05226,Mumbai,2025-02-28,36-45,Silver
C05227,Bangalore,2025-02-15,36-45,Silver
C05228,Mumbai,2025-06-01,26-35,Silver
C05229,Chennai,2024-06-15,18-25,Silver
C05230,Chennai,2024-07-10,18-25,Gold
C05231,Chennai,2026-03-11,18-25,Gold
C05232,Bangalore,2024-06-09,26-35,Silver
C05233,Bangalore,2025-11-14,36-45,Silver
C05234,Hyderabad,2026-01-12,18-25,Silver
C05235,Hyderabad,2025-09-10,46-60,Silver
C05236,Chennai,2025-03-20,36-45,Silver
C05237,Delhi,2025-04-15,26-35,Gold
C05238,Chennai,2025-03-14,46-60,Silver
C05239,Hyderabad,2026-01-29,18-25,Silver
C05240,Delhi,2024-12-26,46-60,Silver
C05241,Bangalore,2025-05-22,36-45,Silver
C05242,Delhi,2025-03-02,36-45,Silver
C05243,Delhi,2026-04-30,26-35,Silver
C05244,Delhi,2024-05-26,46-60,Silver
C05245,Chennai,2025-06-02,18-25,Gold
C05246,Chennai,2025-03-04,46-60,Silver
C05247,Hyderabad,2024-09-11,18-25,Silver
C05248,Chennai,2025-04-30,46-60,Silver
C05249,Hyderabad,2025-12-27,46-60,Silver
C05250,Delhi,2025-12-24,18-25,Silver
C05251,Mumbai,2025-12-17,46-60,Gold
C05252,Hyderabad,2025-06-14,18-25,Gold
C05253,Delhi,2025-04-24,46-60,Platinum
C05254,Chennai,2025-07-12,46-60,Silver
C05255,Chennai,2025-06-29,26-35,Silver
C05256,Delhi,2024-06-04,46-60,Gold
C05257,Delhi,2026-01-01,26-35,Gold
C05258,Hyderabad,2025-11-27,46-60,Silver
C05259,Hyderabad,2024-11-03,18-25,Platinum
C05260,Delhi,2025-03-13,18-25,Gold
C05261,Mumbai,2026-02-13,26-35,Gold
C05262,Mumbai,2025-10-21,36-45,Silver
C05263,Chennai,2024-08-05,26-35,Gold
C05264,Chennai,2026-04-03,26-35,Silver
C05265,Hyderabad,2025-01-08,26-35,Gold
C05266,Delhi,2025-03-10,36-45,Gold
C05267,Chennai,2025-01-11,26-35,Silver
C05268,Chennai,2025-10-21,26-35,Silver
C05269,Hyderabad,2024-07-05,26-35,Platinum
C05270,Delhi,2025-08-11,26-35,Silver
C05271,Chennai,2025-02-16,26-35,Silver
C05272,Bangalore,2025-03-08,46-60,Gold
C05273,Chennai,2026-02-03,26-35,Silver
C05274,Chennai,2025-06-10,46-60,Platinum
C05275,Bangalore,2026-03-29,26-35,Gold
C05276,Delhi,2024-05-26,26-35,Silver
C05277,Hyderabad,2025-06-27,26-35,Gold
C05278,Delhi,2024-11-22,26-35,Silver
C05279,Bangalore,2025-03-17,18-25,Silver
C05280,Chennai,2026-02-26,46-60,Gold
C05281,Bangalore,2025-03-05,46-60,Gold
C05282,Hyderabad,2025-06-05,36-45,Gold
C05283,Bangalore,2024-08-05,26-35,Gold
C05284,Chennai,2026-03-29,46-60,Silver
C05285,Mumbai,2024-07-24,36-45,Silver
C05286,Delhi,2025-11-21,36-45,Gold
C05287,Delhi,2025-10-26,36-45,Gold
C05288,Mumbai,2025-12-24,18-25,Gold
C05289,Mumbai,2026-03-21,18-25,Gold
C05290,Delhi,2024-07-08,36-45,Gold
C05291,Chennai,2024-12-15,36-45,Gold
C05292,Delhi,2025-10-30,36-45,Gold
C05293,Mumbai,2025-09-20,46-60,Gold
C05294,Mumbai,2025-09-19,46-60,Gold
C05295,Mumbai,2025-09-23,36-45,Silver
C05296,Mumbai,2026-01-07,26-35,Silver
C05297,Bangalore,2026-03-03,36-45,Silver
C05298,Chennai,2025-03-30,36-45,Platinum
C05299,Chennai,2025-06-12,36-45,Silver
C05300,Hyderabad,2025-10-18,26-35,Gold
C05301,Bangalore,2024-06-19,18-25,Silver
C05302,Hyderabad,2024-07-22,18-25,Gold
C05303,Hyderabad,2025-10-20,36-45,Platinum
C05304,Delhi,2024-06-27,18-25,Silver
C05305,Chennai,2024-11-15,36-45,Silver
C05306,Hyderabad,2025-01-14,18-25,Silver
C05307,Mumbai,2025-12-19,46-60,Gold
C05308,Delhi,2024-08-26,36-45,Gold
C05309,Delhi,2025-04-11,26-35,Gold
C05310,Delhi,2024-08-16,46-60,Gold
C05311,Chennai,2026-04-02,26-35,Silver
C05312,Bangalore,2024-11-07,18-25,Silver
C05313,Mumbai,2026-04-03,36-45,Silver
C05314,Bangalore,2025-10-04,36-45,Silver
C05315,Mumbai,2024-11-23,46-60,Silver
C05316,Delhi,2024-07-31,36-45,Gold
C05317,Chennai,2025-06-22,36-45,Silver
C05318,Bangalore,2025-08-18,36-45,Silver
C05319,Bangalore,2025-05-16,26-35,Silver
C05320,Bangalore,2026-03-23,18-25,Gold
C05321,Hyderabad,2025-09-18,46-60,Silver
C05322,Chennai,2025-01-29,46-60,Silver
C05323,Bangalore,2024-10-21,18-25,Silver
C05324,Bangalore,2025-12-03,36-45,Silver
C05325,Chennai,2025-02-12,18-25,Gold
C05326,Hyderabad,2024-06-08,18-25,Silver
C05327,Hyderabad,2025-01-12,36-45,Platinum
C05328,Bangalore,2024-07-06,26-35,Gold
C05329,Hyderabad,2025-04-05,46-60,Silver
C05330,Chennai,2025-01-14,26-35,Gold
C05331,Chennai,2025-01-13,26-35,Silver
C05332,Mumbai,2026-02-14,18-25,Gold
C05333,Mumbai,2025-02-02,18-25,Gold
C05334,Hyderabad,2024-12-26,46-60,Silver
C05335,Hyderabad,2026-01-18,18-25,Silver
C05336,Mumbai,2026-02-28,18-25,Silver
C05337,Delhi,2024-11-04,26-35,Silver
C05338,Hyderabad,2026-01-15,18-25,Silver
C05339,Bangalore,2025-08-21,26-35,Silver
C05340,Bangalore,2025-08-06,46-60,Platinum
C05341,Delhi,2024-07-15,18-25,Silver
C05342,Chennai,2025-02-06,26-35,Platinum
C05343,Bangalore,2024-06-01,46-60,Silver
C05344,Chennai,2025-07-23,18-25,Gold
C05345,Hyderabad,2024-08-16,36-45,Silver
C05346,Hyderabad,2026-04-30,18-25,Platinum
C05347,Delhi,2024-06-20,36-45,Silver
C05348,Delhi,2025-10-19,46-60,Platinum
C05349,Bangalore,2025-09-03,26-35,Gold
C05350,Delhi,2025-04-03,46-60,Silver
C05351,Hyderabad,2024-12-22,46-60,Platinum
C05352,Delhi,2025-07-28,46-60,Silver
C05353,Delhi,2026-04-23,26-35,Gold
C05354,Hyderabad,2025-10-30,18-25,Gold
C05355,Mumbai,2025-07-19,36-45,Gold
C05356,Bangalore,2024-07-24,46-60,Gold
C05357,Delhi,2024-12-05,26-35,Silver
C05358,Hyderabad,2024-10-04,36-45,Silver
C05359,Mumbai,2024-11-27,26-35,Silver
C05360,Chennai,2025-08-10,26-35,Silver
C05361,Bangalore,2024-08-06,26-35,Gold
C05362,Hyderabad,2024-09-24,26-35,Platinum
C05363,Hyderabad,2024-06-07,26-35,Silver
C05364,Chennai,2026-01-15,36-45,Silver
C05365,Chennai,2024-12-08,36-45,Platinum
C05366,Bangalore,2026-05-16,26-35,Silver
C05367,Hyderabad,2025-08-11,46-60,Platinum
C05368,Mumbai,2024-06-26,36-45,Silver
C05369,Delhi,2025-03-09,18-25,Silver
C05370,Bangalore,2024-05-16,46-60,Silver
C05371,Chennai,2025-05-28,46-60,Gold
C05372,Chennai,2024-09-10,46-60,Gold
C05373,Mumbai,2024-12-10,26-35,Platinum
C05374,Bangalore,2026-05-14,18-25,Silver
C05375,Chennai,2025-07-16,18-25,Gold
C05376,Bangalore,2025-09-26,46-60,Platinum
C05377,Delhi,2025-12-19,36-45,Silver
C05378,Mumbai,2025-06-29,26-35,Gold
C05379,Mumbai,2025-08-15,36-45,Silver
C05380,Bangalore,2025-12-15,46-60,Gold
C05381,Hyderabad,2025-08-16,46-60,Gold
C05382,Chennai,2025-06-06,36-45,Gold
C05383,Chennai,2024-12-09,36-45,Silver
C05384,Delhi,2025-01-07,46-60,Platinum
C05385,Delhi,2025-05-31,18-25,Gold
C05386,Bangalore,2025-11-26,18-25,Silver
C05387,Hyderabad,2025-05-15,36-45,Silver
C05388,Bangalore,2024-07-03,18-25,Silver
C05389,Hyderabad,2024-12-25,46-60,Silver
C05390,Chennai,2024-08-13,46-60,Silver
C05391,Hyderabad,2025-09-17,18-25,Silver
C05392,Chennai,2024-07-02,18-25,Gold
C05393,Bangalore,2025-11-21,46-60,Gold
C05394,Mumbai,2025-07-24,46-60,Silver
C05395,Bangalore,2025-11-17,18-25,Silver
C05396,Mumbai,2024-11-23,18-25,Silver
C05397,Chennai,2025-08-01,46-60,Silver
C05398,Hyderabad,2025-03-06,26-35,Silver
C05399,Chennai,2026-04-14,26-35,Silver
C05400,Hyderabad,2024-09-23,36-45,Gold
C05401,Chennai,2024-06-12,36-45,Silver
C05402,Hyderabad,2025-08-17,36-45,Silver
C05403,Mumbai,2025-12-26,26-35,Gold
C05404,Chennai,2025-10-26,36-45,Silver
C05405,Hyderabad,2026-01-24,46-60,Silver
C05406,Mumbai,2025-03-02,46-60,Silver
C05407,Delhi,2025-11-14,18-25,Platinum
C05408,Chennai,2025-08-08,36-45,Silver
C05409,Bangalore,2026-02-13,36-45,Gold
C05410,Mumbai,2024-10-16,18-25,Silver
C05411,Hyderabad,2025-04-07,46-60,Silver
C05412,Hyderabad,2026-01-12,36-45,Silver
C05413,Bangalore,2025-12-02,36-45,Silver
C05414,Mumbai,2025-12-12,26-35,Gold
C05415,Mumbai,2026-04-22,18-25,Gold
C05416,Bangalore,2024-08-18,26-35,Silver
C05417,Delhi,2026-03-24,18-25,Silver
C05418,Delhi,2024-11-05,36-45,Silver
C05419,Mumbai,2025-12-09,46-60,Gold
C05420,Hyderabad,2025-09-21,46-60,Gold
C05421,Bangalore,2025-11-10,36-45,Silver
C05422,Chennai,2026-01-08,46-60,Silver
C05423,Delhi,2025-10-11,46-60,Silver
C05424,Bangalore,2026-05-08,26-35,Gold
C05425,Delhi,2025-05-20,46-60,Silver
C05426,Delhi,2025-07-20,18-25,Silver
C05427,Mumbai,2024-11-26,26-35,Gold
C05428,Hyderabad,2025-09-18,36-45,Platinum
C05429,Chennai,2025-06-26,26-35,Silver
C05430,Hyderabad,2026-05-02,46-60,Silver
C05431,Hyderabad,2025-09-20,26-35,Silver
C05432,Bangalore,2024-11-14,46-60,Silver
C05433,Delhi,2026-02-25,26-35,Gold
C05434,Chennai,2024-09-25,18-25,Platinum
C05435,Delhi,2026-05-14,46-60,Platinum
C05436,Mumbai,2024-09-25,26-35,Silver
C05437,Mumbai,2025-08-15,18-25,Silver
C05438,Chennai,2025-07-30,46-60,Gold
C05439,Chennai,2024-07-21,46-60,Platinum
C05440,Bangalore,2026-04-29,46-60,Silver
C05441,Mumbai,2024-11-03,46-60,Gold
C05442,Mumbai,2024-09-05,18-25,Gold
C05443,Chennai,2024-11-08,46-60,Gold
C05444,Hyderabad,2026-05-06,26-35,Gold
C05445,Hyderabad,2025-06-18,26-35,Gold
C05446,Chennai,2024-10-11,46-60,Silver
C05447,Bangalore,2025-10-12,36-45,Silver
C05448,Bangalore,2025-03-30,18-25,Silver
C05449,Mumbai,2025-08-18,36-45,Silver
C05450,Delhi,2024-09-18,46-60,Silver
C05451,Delhi,2024-09-20,18-25,Silver
C05452,Hyderabad,2024-09-04,46-60,Silver
C05453,Hyderabad,2026-03-05,26-35,Silver
C05454,Bangalore,2025-10-31,18-25,Silver
C05455,Hyderabad,2025-06-01,26-35,Silver
C05456,Delhi,2025-09-08,18-25,Silver
C05457,Mumbai,2025-03-28,18-25,Silver
C05458,Bangalore,2025-05-17,26-35,Silver
C05459,Hyderabad,2026-01-22,46-60,Gold
C05460,Delhi,2024-06-19,26-35,Silver
C05461,Chennai,2024-08-22,26-35,Silver
C05462,Mumbai,2024-06-16,46-60,Silver
C05463,Mumbai,2024-10-29,18-25,Silver
C05464,Hyderabad,2025-02-14,26-35,Gold
C05465,Chennai,2024-06-03,18-25,Silver
C05466,Bangalore,2026-01-16,26-35,Platinum
C05467,Hyderabad,2026-02-08,18-25,Gold
C05468,Bangalore,2025-06-19,46-60,Platinum
C05469,Chennai,2025-05-23,46-60,Platinum
C05470,Chennai,2025-12-03,26-35,Silver
C05471,Chennai,2024-09-07,46-60,Silver
C05472,Hyderabad,2024-07-02,26-35,Silver
C05473,Bangalore,2026-02-19,46-60,Silver
C05474,Bangalore,2026-05-01,46-60,Gold
C05475,Chennai,2025-01-09,26-35,Silver
C05476,Delhi,2024-10-08,26-35,Silver
C05477,Mumbai,2025-09-26,26-35,Silver
C05478,Chennai,2026-03-02,18-25,Silver
C05479,Hyderabad,2025-01-12,26-35,Silver
C05480,Hyderabad,2024-09-25,46-60,Silver
C05481,Mumbai,2024-08-06,46-60,Silver
C05482,Bangalore,2025-11-06,46-60,Silver
C05483,Delhi,2025-01-02,46-60,Platinum
C05484,Bangalore,2024-09-03,26-35,Gold
C05485,Bangalore,2025-02-01,36-45,Silver
C05486,Hyderabad,2025-10-13,46-60,Platinum
C05487,Mumbai,2024-05-18,36-45,Platinum
C05488,Chennai,2024-07-28,46-60,Silver
C05489,Mumbai,2024-10-21,18-25,Gold
C05490,Mumbai,2025-11-11,18-25,Platinum
C05491,Chennai,2024-10-28,26-35,Gold
C05492,Delhi,2025-04-24,46-60,Gold
C05493,Chennai,2025-03-27,36-45,Gold
C05494,Delhi,2025-04-05,18-25,Gold
C05495,Bangalore,2026-04-28,36-45,Gold
C05496,Hyderabad,2025-07-12,18-25,Gold
C05497,Mumbai,2025-06-21,36-45,Silver
C05498,Mumbai,2026-01-21,18-25,Gold
C05499,Chennai,2024-09-03,36-45,Silver
C05500,Bangalore,2025-06-20,46-60,Platinum
C05501,Bangalore,2025-05-14,18-25,Silver
C05502,Bangalore,2026-04-13,26-35,Gold
C05503,Delhi,2024-06-20,18-25,Gold
C05504,Mumbai,2026-05-13,26-35,Silver
C05505,Delhi,2025-03-06,18-25,Silver
C05506,Chennai,2025-02-19,36-45,Silver
C05507,Delhi,2025-09-13,26-35,Gold
C05508,Bangalore,2024-09-18,46-60,Gold
C05509,Chennai,2026-02-21,36-45,Gold
C05510,Mumbai,2026-04-16,26-35,Silver
C05511,Bangalore,2025-03-29,36-45,Silver
C05512,Hyderabad,2025-07-13,36-45,Silver
C05513,Hyderabad,2024-09-11,46-60,Gold
C05514,Mumbai,2025-12-08,26-35,Silver
C05515,Delhi,2025-02-04,46-60,Silver
C05516,Hyderabad,2025-07-27,46-60,Gold
C05517,Delhi,2025-05-29,46-60,Platinum
C05518,Delhi,2026-03-28,36-45,Platinum
C05519,Delhi,2025-12-28,46-60,Gold
C05520,Chennai,2025-08-14,18-25,Gold
C05521,Bangalore,2025-04-25,36-45,Silver
C05522,Chennai,2025-03-27,18-25,Silver
C05523,Bangalore,2025-12-18,36-45,Silver
C05524,Mumbai,2024-10-19,46-60,Silver
C05525,Hyderabad,2024-07-09,36-45,Silver
C05526,Bangalore,2025-01-05,26-35,Silver
C05527,Chennai,2026-05-13,18-25,Gold
C05528,Bangalore,2025-12-16,26-35,Silver
C05529,Mumbai,2025-06-08,18-25,Gold
C05530,Hyderabad,2025-11-05,46-60,Silver
C05531,Delhi,2024-07-29,18-25,Gold
C05532,Delhi,2025-10-12,46-60,Gold
C05533,Delhi,2025-11-12,36-45,Gold
C05534,Hyderabad,2025-06-12,36-45,Platinum
C05535,Hyderabad,2026-02-21,46-60,Silver
C05536,Chennai,2025-08-25,46-60,Gold
C05537,Delhi,2025-02-04,18-25,Silver
C05538,Mumbai,2025-06-08,46-60,Silver
C05539,Bangalore,2026-05-14,18-25,Silver
C05540,Bangalore,2026-04-01,36-45,Silver
C05541,Delhi,2025-01-31,46-60,Silver
C05542,Hyderabad,2025-12-30,18-25,Gold
C05543,Mumbai,2024-07-14,46-60,Gold
C05544,Hyderabad,2025-12-01,18-25,Silver
C05545,Chennai,2025-12-26,36-45,Platinum
C05546,Delhi,2024-05-31,26-35,Silver
C05547,Delhi,2026-05-04,18-25,Silver
C05548,Delhi,2025-04-18,36-45,Silver
C05549,Mumbai,2024-07-01,46-60,Gold
C05550,Bangalore,2025-08-16,18-25,Gold
C05551,Mumbai,2025-10-05,36-45,Gold
C05552,Bangalore,2025-08-28,36-45,Silver
C05553,Chennai,2024-08-24,36-45,Silver
C05554,Bangalore,2025-04-01,46-60,Silver
C05555,Mumbai,2024-10-31,36-45,Platinum
C05556,Chennai,2025-04-22,18-25,Silver
C05557,Mumbai,2024-05-29,46-60,Silver
C05558,Mumbai,2026-05-14,46-60,Silver
C05559,Bangalore,2025-09-09,36-45,Silver
C05560,Chennai,2024-06-11,46-60,Silver
C05561,Hyderabad,2026-01-04,18-25,Gold
C05562,Mumbai,2024-07-08,18-25,Silver
C05563,Hyderabad,2025-08-15,18-25,Silver
C05564,Chennai,2025-01-01,18-25,Gold
C05565,Delhi,2024-10-16,46-60,Silver
C05566,Mumbai,2025-09-16,26-35,Silver
C05567,Mumbai,2026-02-20,18-25,Silver
C05568,Delhi,2024-06-06,36-45,Gold
C05569,Bangalore,2026-01-30,36-45,Gold
C05570,Delhi,2025-08-27,36-45,Gold
C05571,Delhi,2025-03-27,46-60,Silver
C05572,Delhi,2025-07-30,46-60,Silver
C05573,Mumbai,2026-01-06,18-25,Silver
C05574,Mumbai,2025-07-27,36-45,Silver
C05575,Mumbai,2025-02-25,46-60,Silver
C05576,Delhi,2025-09-09,36-45,Silver
C05577,Hyderabad,2024-10-18,18-25,Gold
C05578,Hyderabad,2025-06-10,18-25,Silver
C05579,Chennai,2024-09-09,18-25,Silver
C05580,Hyderabad,2024-08-05,26-35,Silver
C05581,Mumbai,2024-07-07,18-25,Silver
C05582,Hyderabad,2025-04-20,46-60,Silver
C05583,Delhi,2025-10-26,36-45,Silver
C05584,Mumbai,2024-07-28,18-25,Gold
C05585,Hyderabad,2026-01-10,26-35,Silver
C05586,Chennai,2025-08-31,46-60,Gold
C05587,Hyderabad,2024-11-09,18-25,Gold
C05588,Chennai,2024-12-17,36-45,Silver
C05589,Bangalore,2025-09-25,36-45,Gold
C05590,Chennai,2025-12-19,36-45,Silver
C05591,Mumbai,2025-01-10,26-35,Gold
C05592,Bangalore,2026-01-04,26-35,Gold
C05593,Bangalore,2025-05-27,26-35,Silver
C05594,Hyderabad,2024-07-09,18-25,Platinum
C05595,Mumbai,2025-05-02,36-45,Gold
C05596,Delhi,2025-01-08,46-60,Silver
C05597,Mumbai,2025-02-09,26-35,Gold
C05598,Hyderabad,2025-07-10,18-25,Gold
C05599,Delhi,2024-08-09,18-25,Silver
C05600,Hyderabad,2025-01-23,18-25,Silver
C05601,Mumbai,2025-10-30,36-45,Gold
C05602,Chennai,2025-08-25,18-25,Silver
C05603,Chennai,2025-02-05,18-25,Platinum
C05604,Chennai,2025-03-31,46-60,Gold
C05605,Chennai,2024-10-05,46-60,Silver
C05606,Mumbai,2025-10-01,18-25,Silver
C05607,Mumbai,2025-04-02,18-25,Gold
C05608,Hyderabad,2025-09-17,26-35,Silver
C05609,Chennai,2025-10-22,26-35,Platinum
C05610,Hyderabad,2025-11-24,18-25,Silver
C05611,Hyderabad,2024-11-27,18-25,Silver
C05612,Bangalore,2025-11-25,18-25,Silver
C05613,Delhi,2025-07-19,46-60,Silver
C05614,Chennai,2024-09-01,26-35,Silver
C05615,Delhi,2024-10-12,26-35,Silver
C05616,Hyderabad,2024-08-03,36-45,Silver
C05617,Mumbai,2024-09-10,18-25,Silver
C05618,Delhi,2025-05-29,36-45,Silver
C05619,Mumbai,2025-12-15,18-25,Platinum
C05620,Bangalore,2025-01-01,36-45,Silver
C05621,Bangalore,2025-05-08,36-45,Silver
C05622,Hyderabad,2024-09-30,36-45,Gold
C05623,Chennai,2025-05-15,36-45,Gold
C05624,Mumbai,2024-09-20,26-35,Gold
C05625,Delhi,2024-11-07,46-60,Gold
C05626,Delhi,2024-09-13,26-35,Silver
C05627,Mumbai,2025-06-22,46-60,Silver
C05628,Mumbai,2025-11-05,46-60,Silver
C05629,Chennai,2026-04-13,46-60,Silver
C05630,Mumbai,2025-03-15,36-45,Gold
C05631,Hyderabad,2024-11-07,18-25,Silver
C05632,Mumbai,2025-03-18,36-45,Silver
C05633,Chennai,2024-11-08,46-60,Silver
C05634,Hyderabad,2026-01-07,46-60,Silver
C05635,Delhi,2025-09-04,36-45,Silver
C05636,Hyderabad,2024-06-05,36-45,Gold
C05637,Bangalore,2025-10-21,46-60,Silver
C05638,Mumbai,2025-02-10,36-45,Silver
C05639,Bangalore,2024-10-19,26-35,Silver
C05640,Bangalore,2025-12-22,36-45,Gold
C05641,Chennai,2025-10-30,26-35,Gold
C05642,Chennai,2024-12-09,36-45,Silver
C05643,Mumbai,2025-08-15,46-60,Platinum
C05644,Chennai,2024-10-18,36-45,Platinum
C05645,Delhi,2024-11-02,36-45,Gold
C05646,Delhi,2025-10-03,36-45,Platinum
C05647,Delhi,2025-10-10,18-25,Silver
C05648,Bangalore,2024-05-29,46-60,Platinum
C05649,Delhi,2025-01-19,18-25,Silver
C05650,Mumbai,2025-07-22,46-60,Silver
C05651,Chennai,2024-07-03,18-25,Silver
C05652,Chennai,2025-12-05,26-35,Silver
C05653,Mumbai,2024-06-20,36-45,Gold
C05654,Delhi,2024-11-10,46-60,Silver
C05655,Delhi,2025-04-19,46-60,Silver
C05656,Bangalore,2025-08-10,36-45,Gold
C05657,Mumbai,2025-02-01,46-60,Silver
C05658,Hyderabad,2026-02-01,26-35,Gold
C05659,Mumbai,2024-12-08,36-45,Gold
C05660,Bangalore,2026-02-09,26-35,Gold
C05661,Mumbai,2024-10-25,36-45,Gold
C05662,Chennai,2024-07-26,46-60,Silver
C05663,Mumbai,2026-01-19,46-60,Silver
C05664,Chennai,2026-04-16,18-25,Silver
C05665,Mumbai,2024-10-08,26-35,Gold
C05666,Delhi,2024-08-27,36-45,Silver
C05667,Chennai,2026-01-21,18-25,Gold
C05668,Chennai,2025-11-04,46-60,Gold
C05669,Hyderabad,2026-05-08,46-60,Silver
C05670,Mumbai,2025-05-03,26-35,Silver
C05671,Bangalore,2026-04-28,18-25,Gold
C05672,Mumbai,2024-11-10,18-25,Silver
C05673,Hyderabad,2025-05-07,26-35,Silver
C05674,Delhi,2025-01-04,36-45,Silver
C05675,Mumbai,2025-04-22,46-60,Silver
C05676,Delhi,2026-01-22,18-25,Silver
C05677,Mumbai,2024-11-01,18-25,Silver
C05678,Chennai,2025-12-01,26-35,Gold
C05679,Mumbai,2024-12-25,18-25,Gold
C05680,Delhi,2025-08-09,36-45,Silver
C05681,Delhi,2026-05-08,26-35,Silver
C05682,Delhi,2025-07-24,18-25,Platinum
C05683,Bangalore,2024-12-19,18-25,Silver
C05684,Mumbai,2025-07-08,26-35,Silver
C05685,Chennai,2024-05-20,36-45,Gold
C05686,Hyderabad,2026-02-05,26-35,Gold
C05687,Delhi,2025-07-27,36-45,Silver
C05688,Mumbai,2024-06-05,26-35,Platinum
C05689,Delhi,2026-01-29,18-25,Gold
C05690,Mumbai,2024-10-22,26-35,Silver
C05691,Hyderabad,2025-11-03,36-45,Gold
C05692,Bangalore,2024-10-24,36-45,Silver
C05693,Bangalore,2025-09-04,46-60,Gold
C05694,Delhi,2025-02-17,46-60,Platinum
C05695,Bangalore,2025-05-08,26-35,Gold
C05696,Delhi,2025-02-02,36-45,Gold
C05697,Hyderabad,2025-07-25,46-60,Silver
C05698,Bangalore,2025-07-23,18-25,Silver
C05699,Chennai,2025-10-09,36-45,Gold
C05700,Delhi,2025-09-01,36-45,Gold
C05701,Chennai,2025-06-30,36-45,Silver
C05702,Chennai,2024-12-22,46-60,Silver
C05703,Chennai,2025-04-13,46-60,Silver
C05704,Chennai,2025-10-22,36-45,Platinum
C05705,Hyderabad,2024-06-04,26-35,Silver
C05706,Bangalore,2026-02-28,18-25,Silver
C05707,Chennai,2025-12-31,26-35,Silver
C05708,Chennai,2026-01-29,46-60,Silver
C05709,Chennai,2026-04-27,36-45,Silver
C05710,Bangalore,2026-04-01,46-60,Gold
C05711,Bangalore,2024-07-01,26-35,Silver
C05712,Mumbai,2025-10-23,46-60,Silver
C05713,Mumbai,2024-11-10,18-25,Gold
C05714,Mumbai,2024-06-17,46-60,Silver
C05715,Chennai,2025-07-13,18-25,Gold
C05716,Bangalore,2025-12-16,26-35,Gold
C05717,Hyderabad,2024-07-05,26-35,Gold
C05718,Mumbai,2026-04-27,26-35,Silver
C05719,Bangalore,2025-11-28,36-45,Silver
C05720,Bangalore,2024-05-16,46-60,Gold
C05721,Hyderabad,2026-01-23,26-35,Silver
C05722,Delhi,2024-09-14,18-25,Silver
C05723,Bangalore,2025-01-13,36-45,Silver
C05724,Chennai,2025-12-08,26-35,Silver
C05725,Mumbai,2025-02-22,18-25,Silver
C05726,Chennai,2024-09-09,26-35,Gold
C05727,Mumbai,2025-04-17,36-45,Silver
C05728,Chennai,2026-02-28,46-60,Silver
C05729,Chennai,2024-08-28,46-60,Platinum
C05730,Mumbai,2025-11-12,18-25,Silver
C05731,Mumbai,2025-01-07,46-60,Silver
C05732,Bangalore,2024-08-16,26-35,Gold
C05733,Hyderabad,2024-12-07,18-25,Platinum
C05734,Mumbai,2024-08-15,26-35,Gold
C05735,Hyderabad,2025-07-27,46-60,Silver
C05736,Chennai,2025-12-01,26-35,Gold
C05737,Delhi,2026-01-30,36-45,Silver
C05738,Mumbai,2026-02-22,18-25,Gold
C05739,Delhi,2026-01-17,18-25,Gold
C05740,Bangalore,2025-05-11,18-25,Silver
C05741,Chennai,2024-05-29,36-45,Silver
C05742,Chennai,2026-02-26,18-25,Silver
C05743,Bangalore,2025-04-27,36-45,Platinum
C05744,Bangalore,2025-06-23,26-35,Platinum
C05745,Mumbai,2026-04-28,18-25,Gold
C05746,Hyderabad,2026-04-16,46-60,Silver
C05747,Chennai,2024-12-20,46-60,Silver
C05748,Hyderabad,2024-10-25,18-25,Silver
C05749,Delhi,2025-11-29,18-25,Silver
C05750,Mumbai,2024-09-17,36-45,Silver
C05751,Chennai,2024-07-30,18-25,Gold
C05752,Chennai,2026-03-06,46-60,Gold
C05753,Chennai,2024-07-27,36-45,Gold
C05754,Hyderabad,2024-10-17,36-45,Silver
C05755,Chennai,2026-01-05,18-25,Silver
C05756,Delhi,2026-04-07,26-35,Silver
C05757,Hyderabad,2025-09-20,46-60,Gold
C05758,Chennai,2025-09-09,26-35,Platinum
C05759,Delhi,2025-05-19,36-45,Silver
C05760,Hyderabad,2025-06-21,36-45,Silver
C05761,Hyderabad,2025-10-23,46-60,Silver
C05762,Mumbai,2025-06-11,18-25,Silver
C05763,Hyderabad,2025-08-17,46-60,Gold
C05764,Bangalore,2024-06-02,26-35,Silver
C05765,Bangalore,2025-01-26,46-60,Silver
C05766,Delhi,2026-02-08,46-60,Silver
C05767,Mumbai,2025-07-10,36-45,Silver
C05768,Mumbai,2025-04-27,46-60,Silver
C05769,Mumbai,2026-03-02,26-35,Gold
C05770,Delhi,2026-01-26,46-60,Gold
C05771,Bangalore,2025-09-29,26-35,Silver
C05772,Chennai,2025-11-18,18-25,Gold
C05773,Delhi,2024-11-11,46-60,Gold
C05774,Hyderabad,2025-09-29,26-35,Silver
C05775,Delhi,2025-12-04,18-25,Gold
C05776,Bangalore,2025-12-27,26-35,Silver
C05777,Chennai,2024-08-03,18-25,Silver
C05778,Delhi,2024-07-13,26-35,Gold
C05779,Delhi,2024-08-22,18-25,Silver
C05780,Bangalore,2025-06-26,46-60,Gold
C05781,Chennai,2025-03-14,18-25,Silver
C05782,Mumbai,2025-11-10,36-45,Silver
C05783,Bangalore,2025-12-23,18-25,Gold
C05784,Bangalore,2024-09-23,46-60,Silver
C05785,Chennai,2026-03-06,26-35,Platinum
C05786,Chennai,2025-09-05,26-35,Silver
C05787,Chennai,2024-10-07,36-45,Silver
C05788,Chennai,2025-03-12,46-60,Gold
C05789,Delhi,2025-03-29,46-60,Gold
C05790,Delhi,2026-02-18,46-60,Gold
C05791,Hyderabad,2024-07-22,36-45,Silver
C05792,Bangalore,2024-06-24,18-25,Silver
C05793,Hyderabad,2025-01-27,26-35,Silver
C05794,Hyderabad,2025-06-05,36-45,Gold
C05795,Bangalore,2024-07-02,18-25,Gold
C05796,Chennai,2024-10-03,46-60,Gold
C05797,Hyderabad,2025-07-30,46-60,Silver
C05798,Bangalore,2025-05-02,46-60,Gold
C05799,Chennai,2025-07-05,18-25,Silver
C05800,Bangalore,2025-05-04,36-45,Silver
C05801,Chennai,2026-01-13,46-60,Gold
C05802,Mumbai,2024-08-31,18-25,Gold
C05803,Hyderabad,2024-06-10,26-35,Gold
C05804,Chennai,2025-07-03,46-60,Silver
C05805,Bangalore,2024-07-10,26-35,Gold
C05806,Chennai,2025-05-20,26-35,Silver
C05807,Delhi,2025-12-16,26-35,Silver
C05808,Chennai,2025-10-14,36-45,Silver
C05809,Chennai,2025-07-04,26-35,Silver
C05810,Chennai,2024-10-23,26-35,Silver
C05811,Hyderabad,2024-06-21,46-60,Silver
C05812,Mumbai,2026-03-19,36-45,Gold
C05813,Chennai,2024-09-16,46-60,Silver
C05814,Mumbai,2025-07-28,26-35,Silver
C05815,Bangalore,2024-12-01,26-35,Gold
C05816,Hyderabad,2024-07-06,36-45,Gold
C05817,Mumbai,2024-05-29,26-35,Gold
C05818,Bangalore,2025-08-23,36-45,Platinum
C05819,Bangalore,2025-12-29,36-45,Gold
C05820,Delhi,2024-12-21,36-45,Silver
C05821,Hyderabad,2025-10-10,36-45,Silver
C05822,Mumbai,2025-07-12,18-25,Silver
C05823,Mumbai,2025-09-04,18-25,Silver
C05824,Hyderabad,2025-07-21,26-35,Gold
C05825,Chennai,2025-01-20,36-45,Gold
C05826,Hyderabad,2025-11-23,36-45,Platinum
C05827,Delhi,2025-08-10,36-45,Gold
C05828,Bangalore,2025-02-02,46-60,Platinum
C05829,Hyderabad,2026-03-03,46-60,Silver
C05830,Mumbai,2024-08-09,26-35,Silver
C05831,Bangalore,2025-06-19,46-60,Silver
C05832,Delhi,2025-06-29,46-60,Silver
C05833,Chennai,2026-04-03,46-60,Silver
C05834,Chennai,2025-09-14,46-60,Gold
C05835,Hyderabad,2026-01-16,26-35,Silver
C05836,Mumbai,2025-04-22,18-25,Platinum
C05837,Hyderabad,2025-12-10,18-25,Silver
C05838,Delhi,2026-02-13,26-35,Silver
C05839,Chennai,2024-06-23,46-60,Silver
C05840,Mumbai,2024-07-18,26-35,Silver
C05841,Mumbai,2025-11-07,26-35,Gold
C05842,Mumbai,2025-02-12,36-45,Silver
C05843,Chennai,2024-07-13,36-45,Gold
C05844,Mumbai,2026-05-02,18-25,Silver
C05845,Delhi,2025-12-29,18-25,Silver
C05846,Delhi,2024-12-02,18-25,Gold
C05847,Chennai,2024-12-03,26-35,Silver
C05848,Delhi,2025-10-04,18-25,Gold
C05849,Mumbai,2025-12-27,36-45,Gold
C05850,Hyderabad,2026-01-24,46-60,Silver
C05851,Delhi,2024-09-25,46-60,Silver
C05852,Delhi,2025-11-19,46-60,Gold
C05853,Hyderabad,2024-09-10,18-25,Gold
C05854,Chennai,2024-08-17,36-45,Silver
C05855,Hyderabad,2024-11-24,18-25,Silver
C05856,Bangalore,2025-01-12,36-45,Gold
C05857,Hyderabad,2025-06-13,36-45,Gold
C05858,Bangalore,2025-12-13,36-45,Silver
C05859,Delhi,2024-06-26,18-25,Silver
C05860,Hyderabad,2025-04-04,18-25,Silver
C05861,Bangalore,2024-12-07,26-35,Silver
C05862,Chennai,2025-10-26,18-25,Silver
C05863,Hyderabad,2025-08-17,18-25,Gold
C05864,Hyderabad,2025-03-15,36-45,Silver
C05865,Bangalore,2025-12-15,26-35,Silver
C05866,Bangalore,2024-07-04,36-45,Silver
C05867,Hyderabad,2024-11-04,18-25,Silver
C05868,Bangalore,2026-01-27,46-60,Platinum
C05869,Hyderabad,2024-12-11,36-45,Silver
C05870,Mumbai,2025-03-14,26-35,Gold
C05871,Chennai,2024-09-21,18-25,Silver
C05872,Bangalore,2025-05-24,26-35,Silver
C05873,Delhi,2025-04-29,36-45,Gold
C05874,Delhi,2025-07-23,18-25,Silver
C05875,Hyderabad,2025-03-25,46-60,Silver
C05876,Hyderabad,2025-06-19,46-60,Silver
C05877,Bangalore,2024-11-04,18-25,Gold
C05878,Bangalore,2025-10-06,18-25,Silver
C05879,Bangalore,2025-06-20,46-60,Silver
C05880,Mumbai,2025-09-18,46-60,Silver
C05881,Chennai,2025-01-26,18-25,Silver
C05882,Bangalore,2025-05-13,46-60,Gold
C05883,Chennai,2026-02-10,18-25,Platinum
C05884,Delhi,2024-09-03,46-60,Silver
C05885,Hyderabad,2024-10-10,36-45,Gold
C05886,Hyderabad,2026-01-20,26-35,Silver
C05887,Chennai,2025-11-18,18-25,Gold
C05888,Hyderabad,2025-05-28,18-25,Gold
C05889,Chennai,2025-05-19,26-35,Gold
C05890,Chennai,2024-06-16,26-35,Silver
C05891,Chennai,2024-12-29,26-35,Gold
C05892,Mumbai,2025-03-26,26-35,Silver
C05893,Hyderabad,2025-08-06,46-60,Silver
C05894,Chennai,2024-09-29,46-60,Silver
C05895,Bangalore,2024-06-02,18-25,Gold
C05896,Bangalore,2024-12-21,36-45,Silver
C05897,Mumbai,2024-11-13,46-60,Gold
C05898,Mumbai,2025-01-21,46-60,Gold
C05899,Chennai,2024-07-21,26-35,Silver
C05900,Chennai,2025-01-03,36-45,Platinum
C05901,Delhi,2025-06-20,26-35,Gold
C05902,Mumbai,2026-01-18,26-35,Platinum
C05903,Bangalore,2026-02-12,36-45,Gold
C05904,Hyderabad,2026-04-17,36-45,Silver
C05905,Bangalore,2024-11-11,18-25,Silver
C05906,Bangalore,2025-11-30,26-35,Silver
C05907,Delhi,2024-06-11,36-45,Gold
C05908,Bangalore,2024-07-17,26-35,Gold
C05909,Hyderabad,2025-12-10,26-35,Silver
C05910,Hyderabad,2024-05-28,46-60,Gold
C05911,Bangalore,2025-07-24,36-45,Silver
C05912,Hyderabad,2025-05-19,46-60,Gold
C05913,Bangalore,2025-06-22,46-60,Silver
C05914,Mumbai,2025-03-03,46-60,Gold
C05915,Hyderabad,2025-03-17,26-35,Silver
C05916,Chennai,2025-02-19,26-35,Platinum
C05917,Mumbai,2024-11-12,36-45,Platinum
C05918,Bangalore,2024-06-24,36-45,Gold
C05919,Chennai,2024-12-01,18-25,Silver
C05920,Mumbai,2025-08-16,36-45,Silver
C05921,Hyderabad,2025-04-06,36-45,Gold
C05922,Delhi,2024-11-23,26-35,Gold
C05923,Delhi,2025-03-22,36-45,Gold
C05924,Bangalore,2025-04-05,18-25,Silver
C05925,Delhi,2025-03-24,36-45,Silver
C05926,Delhi,2025-10-03,18-25,Silver
C05927,Mumbai,2025-05-19,36-45,Silver
C05928,Chennai,2024-09-06,36-45,Silver
C05929,Hyderabad,2024-10-29,26-35,Silver
C05930,Delhi,2024-10-25,18-25,Platinum
C05931,Chennai,2025-09-06,18-25,Gold
C05932,Delhi,2025-02-09,46-60,Silver
C05933,Delhi,2025-07-01,46-60,Platinum
C05934,Chennai,2026-01-08,26-35,Gold
C05935,Bangalore,2025-10-22,36-45,Platinum
C05936,Delhi,2024-08-12,26-35,Silver
C05937,Mumbai,2024-07-10,36-45,Gold
C05938,Chennai,2024-11-02,26-35,Gold
C05939,Bangalore,2025-06-07,36-45,Silver
C05940,Chennai,2025-11-30,18-25,Silver
C05941,Delhi,2025-07-06,26-35,Gold
C05942,Mumbai,2024-06-30,18-25,Platinum
C05943,Chennai,2024-07-14,36-45,Silver
C05944,Hyderabad,2025-08-19,36-45,Silver
C05945,Mumbai,2025-05-02,26-35,Gold
C05946,Chennai,2025-12-09,18-25,Gold
C05947,Mumbai,2024-07-21,46-60,Platinum
C05948,Mumbai,2025-05-07,26-35,Silver
C05949,Chennai,2025-12-27,46-60,Gold
C05950,Chennai,2025-12-21,18-25,Platinum
C05951,Chennai,2024-07-16,36-45,Silver
C05952,Mumbai,2025-01-18,36-45,Platinum
C05953,Delhi,2024-10-13,18-25,Silver
C05954,Mumbai,2025-07-07,26-35,Platinum
C05955,Delhi,2024-08-10,18-25,Platinum
C05956,Hyderabad,2025-10-26,46-60,Silver
C05957,Delhi,2024-09-27,26-35,Gold
C05958,Mumbai,2025-10-04,46-60,Platinum
C05959,Bangalore,2025-12-30,46-60,Silver
C05960,Chennai,2025-10-21,46-60,Gold
C05961,Delhi,2024-09-16,18-25,Gold
C05962,Chennai,2024-08-26,46-60,Silver
C05963,Hyderabad,2026-05-06,26-35,Silver
C05964,Chennai,2026-02-14,46-60,Platinum
C05965,Chennai,2025-02-05,26-35,Gold
C05966,Bangalore,2025-04-18,36-45,Silver
C05967,Delhi,2024-12-25,18-25,Gold
C05968,Bangalore,2026-03-04,18-25,Silver
C05969,Chennai,2025-10-12,26-35,Gold
C05970,Mumbai,2024-07-08,36-45,Gold
C05971,Mumbai,2024-11-01,36-45,Gold
C05972,Mumbai,2025-08-12,46-60,Silver
C05973,Hyderabad,2024-10-13,18-25,Gold
C05974,Mumbai,2025-12-06,46-60,Silver
C05975,Bangalore,2025-02-27,18-25,Silver
C05976,Chennai,2024-09-05,26-35,Silver
C05977,Hyderabad,2025-06-01,18-25,Silver
C05978,Bangalore,2025-04-06,36-45,Silver
C05979,Bangalore,2025-10-12,26-35,Silver
C05980,Hyderabad,2025-05-04,36-45,Gold
C05981,Hyderabad,2026-04-18,46-60,Silver
C05982,Bangalore,2024-10-24,18-25,Silver
C05983,Chennai,2025-06-13,46-60,Silver
C05984,Delhi,2026-03-09,36-45,Platinum
C05985,Bangalore,2025-02-12,18-25,Silver
C05986,Bangalore,2026-02-25,18-25,Gold
C05987,Chennai,2025-08-03,46-60,Silver
C05988,Chennai,2025-06-07,18-25,Silver
C05989,Chennai,2024-10-22,18-25,Silver
C05990,Mumbai,2026-02-25,18-25,Gold
C05991,Delhi,2024-06-22,26-35,Silver
C05992,Chennai,2024-07-02,46-60,Gold
C05993,Chennai,2026-05-07,18-25,Platinum
C05994,Mumbai,2024-08-14,36-45,Silver
C05995,Hyderabad,2026-02-21,46-60,Silver
C05996,Delhi,2025-11-23,26-35,Silver
C05997,Hyderabad,2025-03-07,46-60,Gold
C05998,Mumbai,2024-05-16,36-45,Silver
C05999,Hyderabad,2026-02-01,46-60,Gold
C06000,Mumbai,2024-06-05,46-60,Silver
C06001,Hyderabad,2025-05-16,46-60,Silver
C06002,Chennai,2026-02-26,36-45,Gold
C06003,Bangalore,2025-07-24,46-60,Gold
C06004,Bangalore,2024-09-28,26-35,Silver
C06005,Chennai,2025-09-26,26-35,Gold
C06006,Chennai,2026-01-18,46-60,Silver
C06007,Delhi,2024-07-27,18-25,Gold
C06008,Delhi,2025-10-19,26-35,Silver
C06009,Bangalore,2024-07-26,18-25,Silver
C06010,Chennai,2025-12-08,36-45,Platinum
C06011,Delhi,2025-12-01,18-25,Gold
C06012,Chennai,2026-03-11,46-60,Gold
C06013,Chennai,2025-03-02,46-60,Silver
C06014,Hyderabad,2025-05-12,46-60,Silver
C06015,Mumbai,2025-04-02,46-60,Silver
C06016,Delhi,2024-12-20,46-60,Silver
C06017,Hyderabad,2024-06-18,46-60,Silver
C06018,Mumbai,2024-08-05,36-45,Silver
C06019,Delhi,2025-11-03,36-45,Silver
C06020,Bangalore,2025-09-12,18-25,Silver
C06021,Chennai,2025-09-29,26-35,Silver
C06022,Hyderabad,2024-12-12,36-45,Gold
C06023,Chennai,2026-03-01,36-45,Silver
C06024,Chennai,2024-08-16,36-45,Platinum
C06025,Mumbai,2025-11-10,46-60,Platinum
C06026,Delhi,2026-03-31,26-35,Gold
C06027,Hyderabad,2024-08-15,26-35,Platinum
C06028,Bangalore,2024-09-30,26-35,Gold
C06029,Delhi,2025-12-21,36-45,Platinum
C06030,Delhi,2025-12-24,46-60,Gold
C06031,Chennai,2026-03-08,26-35,Silver
C06032,Mumbai,2026-01-01,18-25,Silver
C06033,Bangalore,2025-10-30,36-45,Gold
C06034,Delhi,2025-06-30,36-45,Silver
C06035,Mumbai,2024-09-09,18-25,Platinum
C06036,Hyderabad,2025-12-29,36-45,Silver
C06037,Bangalore,2025-06-11,26-35,Silver
C06038,Hyderabad,2025-10-07,26-35,Silver
C06039,Chennai,2024-10-26,18-25,Silver
C06040,Hyderabad,2024-06-21,46-60,Silver
C06041,Mumbai,2024-11-23,36-45,Silver
C06042,Bangalore,2025-11-07,18-25,Silver
C06043,Bangalore,2024-07-19,18-25,Gold
C06044,Hyderabad,2026-05-13,36-45,Silver
C06045,Delhi,2024-11-05,26-35,Silver
C06046,Hyderabad,2025-07-06,36-45,Gold
C06047,Chennai,2026-04-15,36-45,Gold
C06048,Hyderabad,2025-12-02,46-60,Gold
C06049,Delhi,2026-01-07,26-35,Gold
C06050,Chennai,2024-10-26,26-35,Silver
C06051,Mumbai,2026-03-06,18-25,Silver
C06052,Hyderabad,2026-01-18,36-45,Silver
C06053,Delhi,2025-01-20,36-45,Silver
C06054,Mumbai,2025-03-14,46-60,Platinum
C06055,Chennai,2025-05-22,46-60,Silver
C06056,Delhi,2025-08-03,18-25,Silver
C06057,Hyderabad,2025-06-10,36-45,Silver
C06058,Hyderabad,2025-09-02,46-60,Silver
C06059,Delhi,2024-11-16,36-45,Silver
C06060,Hyderabad,2025-03-21,46-60,Silver
C06061,Hyderabad,2025-05-16,36-45,Silver
C06062,Chennai,2025-03-29,18-25,Gold
C06063,Bangalore,2024-12-07,46-60,Silver
C06064,Chennai,2026-02-09,36-45,Gold
C06065,Delhi,2025-10-24,26-35,Gold
C06066,Delhi,2024-08-06,18-25,Silver
C06067,Chennai,2026-01-05,36-45,Gold
C06068,Bangalore,2025-12-19,18-25,Silver
C06069,Bangalore,2024-06-19,46-60,Gold
C06070,Delhi,2025-05-19,46-60,Silver
C06071,Mumbai,2025-01-06,18-25,Silver
C06072,Bangalore,2025-05-13,26-35,Silver
C06073,Chennai,2025-05-05,36-45,Silver
C06074,Mumbai,2024-05-18,46-60,Gold
C06075,Bangalore,2024-09-10,46-60,Silver
C06076,Mumbai,2026-03-03,18-25,Gold
C06077,Delhi,2025-03-05,36-45,Platinum
C06078,Mumbai,2024-07-09,18-25,Silver
C06079,Mumbai,2025-07-28,46-60,Silver
C06080,Delhi,2024-09-18,26-35,Silver
C06081,Chennai,2024-12-27,26-35,Silver
C06082,Delhi,2025-08-17,46-60,Silver
C06083,Delhi,2025-11-21,18-25,Silver
C06084,Delhi,2025-12-06,46-60,Gold
C06085,Mumbai,2025-11-20,36-45,Silver
C06086,Mumbai,2026-02-22,18-25,Silver
C06087,Delhi,2024-12-27,36-45,Silver
C06088,Hyderabad,2024-12-30,46-60,Gold
C06089,Bangalore,2026-04-01,26-35,Silver
C06090,Mumbai,2026-01-24,18-25,Silver
C06091,Delhi,2026-03-15,26-35,Silver
C06092,Delhi,2024-08-28,36-45,Silver
C06093,Hyderabad,2026-03-28,26-35,Gold
C06094,Hyderabad,2024-07-26,26-35,Silver
C06095,Chennai,2024-11-13,26-35,Silver
C06096,Hyderabad,2026-03-02,18-25,Gold
C06097,Chennai,2024-06-18,36-45,Platinum
C06098,Mumbai,2025-04-15,36-45,Gold
C06099,Chennai,2024-06-26,46-60,Silver
C06100,Bangalore,2024-07-13,36-45,Gold
C06101,Hyderabad,2026-02-19,18-25,Silver
C06102,Bangalore,2025-08-12,46-60,Silver
C06103,Delhi,2025-07-21,46-60,Silver
C06104,Hyderabad,2024-08-25,46-60,Silver
C06105,Bangalore,2024-09-25,18-25,Silver
C06106,Chennai,2025-06-04,26-35,Platinum
C06107,Chennai,2024-10-22,26-35,Silver
C06108,Hyderabad,2024-11-15,46-60,Silver
C06109,Mumbai,2024-09-27,26-35,Silver
C06110,Delhi,2024-10-04,18-25,Silver
C06111,Chennai,2024-12-08,46-60,Silver
C06112,Mumbai,2024-12-14,26-35,Platinum
C06113,Hyderabad,2025-02-16,36-45,Gold
C06114,Chennai,2026-01-24,18-25,Silver
C06115,Delhi,2024-05-25,18-25,Silver
C06116,Chennai,2024-06-20,46-60,Silver
C06117,Bangalore,2026-03-15,36-45,Silver
C06118,Delhi,2026-04-25,46-60,Gold
C06119,Hyderabad,2024-07-21,26-35,Silver
C06120,Hyderabad,2025-01-04,26-35,Gold
C06121,Delhi,2026-03-07,26-35,Gold
C06122,Bangalore,2024-09-06,36-45,Silver
C06123,Bangalore,2024-06-25,46-60,Silver
C06124,Hyderabad,2026-03-15,46-60,Gold
C06125,Mumbai,2024-08-22,18-25,Platinum
C06126,Mumbai,2024-10-30,18-25,Gold
C06127,Hyderabad,2026-03-10,46-60,Silver
C06128,Hyderabad,2025-01-26,26-35,Silver
C06129,Bangalore,2024-08-23,18-25,Gold
C06130,Delhi,2026-02-17,18-25,Silver
C06131,Bangalore,2026-01-15,46-60,Gold
C06132,Hyderabad,2025-10-10,46-60,Silver
C06133,Chennai,2024-12-10,36-45,Silver
C06134,Chennai,2025-08-26,18-25,Gold
C06135,Mumbai,2025-08-13,26-35,Silver
C06136,Mumbai,2025-10-16,26-35,Silver
C06137,Chennai,2025-12-12,36-45,Gold
C06138,Delhi,2024-11-13,46-60,Gold
C06139,Bangalore,2025-10-01,18-25,Silver
C06140,Bangalore,2024-06-24,46-60,Silver
C06141,Delhi,2025-01-24,26-35,Silver
C06142,Delhi,2026-01-12,36-45,Silver
C06143,Hyderabad,2025-08-29,26-35,Gold
C06144,Chennai,2024-12-25,26-35,Gold
C06145,Bangalore,2025-01-15,26-35,Silver
C06146,Mumbai,2024-09-18,46-60,Gold
C06147,Mumbai,2024-09-27,46-60,Silver
C06148,Bangalore,2025-07-01,36-45,Silver
C06149,Hyderabad,2025-12-22,18-25,Gold
C06150,Delhi,2024-12-14,26-35,Silver
C06151,Mumbai,2024-10-08,46-60,Silver
C06152,Bangalore,2025-06-11,18-25,Silver
C06153,Chennai,2024-07-04,46-60,Silver
C06154,Chennai,2025-07-14,18-25,Silver
C06155,Hyderabad,2026-01-04,26-35,Gold
C06156,Chennai,2024-09-15,46-60,Silver
C06157,Delhi,2025-02-27,18-25,Silver
C06158,Mumbai,2026-04-30,46-60,Gold
C06159,Mumbai,2026-01-13,18-25,Silver
C06160,Chennai,2024-11-29,46-60,Gold
C06161,Hyderabad,2025-05-11,36-45,Gold
C06162,Mumbai,2025-04-08,26-35,Gold
C06163,Mumbai,2025-10-08,26-35,Gold
C06164,Delhi,2024-09-11,36-45,Platinum
C06165,Delhi,2026-03-11,36-45,Gold
C06166,Delhi,2024-08-11,18-25,Gold
C06167,Delhi,2025-07-07,18-25,Gold
C06168,Delhi,2025-04-15,46-60,Gold
C06169,Bangalore,2026-01-27,36-45,Platinum
C06170,Hyderabad,2025-05-18,18-25,Silver
C06171,Hyderabad,2025-09-23,26-35,Silver
C06172,Hyderabad,2025-04-10,46-60,Platinum
C06173,Bangalore,2025-08-09,26-35,Silver
C06174,Delhi,2025-07-25,46-60,Silver
C06175,Hyderabad,2024-08-23,18-25,Silver
C06176,Delhi,2025-11-25,46-60,Silver
C06177,Chennai,2024-08-15,18-25,Silver
C06178,Hyderabad,2025-07-06,46-60,Silver
C06179,Bangalore,2025-09-27,18-25,Silver
C06180,Bangalore,2024-12-17,26-35,Platinum
C06181,Chennai,2025-03-24,26-35,Gold
C06182,Chennai,2026-02-05,46-60,Silver
C06183,Mumbai,2024-06-14,46-60,Silver
C06184,Hyderabad,2025-06-16,46-60,Gold
C06185,Bangalore,2024-06-26,26-35,Silver
C06186,Bangalore,2024-06-12,46-60,Gold
C06187,Bangalore,2024-11-16,46-60,Gold
C06188,Mumbai,2025-12-28,18-25,Gold
C06189,Delhi,2025-04-11,36-45,Silver
C06190,Mumbai,2026-05-06,26-35,Silver
C06191,Delhi,2026-03-13,26-35,Gold
C06192,Mumbai,2025-11-17,36-45,Platinum
C06193,Hyderabad,2025-07-10,46-60,Silver
C06194,Chennai,2024-06-12,26-35,Gold
C06195,Chennai,2024-12-21,46-60,Silver
C06196,Hyderabad,2026-05-09,18-25,Gold
C06197,Mumbai,2026-01-23,18-25,Gold
C06198,Chennai,2026-04-01,36-45,Silver
C06199,Chennai,2025-12-06,36-45,Silver
C06200,Hyderabad,2026-03-17,18-25,Silver
C06201,Mumbai,2024-07-13,46-60,Silver
C06202,Bangalore,2024-10-04,18-25,Silver
C06203,Bangalore,2025-12-20,26-35,Silver
C06204,Chennai,2024-12-21,18-25,Gold
C06205,Bangalore,2026-02-01,26-35,Silver
C06206,Mumbai,2024-11-04,26-35,Silver
C06207,Chennai,2024-08-23,36-45,Gold
C06208,Mumbai,2026-04-18,26-35,Silver
C06209,Mumbai,2025-08-05,18-25,Silver
C06210,Mumbai,2024-07-26,26-35,Silver
C06211,Chennai,2025-05-12,36-45,Silver
C06212,Hyderabad,2025-02-06,26-35,Gold
C06213,Chennai,2024-07-02,36-45,Silver
C06214,Bangalore,2024-09-25,18-25,Silver
C06215,Chennai,2025-06-28,46-60,Gold
C06216,Hyderabad,2024-11-01,46-60,Gold
C06217,Delhi,2024-07-21,46-60,Silver
C06218,Chennai,2026-01-03,46-60,Gold
C06219,Chennai,2026-02-11,26-35,Gold
C06220,Bangalore,2025-04-22,46-60,Gold
C06221,Chennai,2025-05-29,26-35,Silver
C06222,Bangalore,2025-11-03,36-45,Platinum
C06223,Bangalore,2025-03-12,36-45,Gold
C06224,Chennai,2025-11-28,36-45,Platinum
C06225,Mumbai,2025-12-23,26-35,Silver
C06226,Chennai,2026-04-23,36-45,Silver
C06227,Delhi,2026-03-12,46-60,Silver
C06228,Chennai,2025-02-01,46-60,Silver
C06229,Mumbai,2025-07-31,36-45,Silver
C06230,Mumbai,2026-04-05,18-25,Silver
C06231,Hyderabad,2025-11-03,18-25,Gold
C06232,Hyderabad,2024-11-19,26-35,Silver
C06233,Bangalore,2024-06-13,46-60,Platinum
C06234,Mumbai,2025-04-12,26-35,Silver
C06235,Mumbai,2026-03-02,36-45,Silver
C06236,Delhi,2026-03-16,18-25,Platinum
C06237,Bangalore,2024-12-10,18-25,Silver
C06238,Chennai,2024-11-18,46-60,Gold
C06239,Mumbai,2025-10-03,18-25,Gold
C06240,Chennai,2024-08-27,46-60,Gold
C06241,Delhi,2024-09-15,46-60,Gold
C06242,Chennai,2024-10-05,18-25,Silver
C06243,Delhi,2026-02-10,26-35,Silver
C06244,Delhi,2024-07-18,18-25,Silver
C06245,Hyderabad,2025-06-07,46-60,Silver
C06246,Hyderabad,2024-11-28,18-25,Platinum
C06247,Mumbai,2025-11-19,46-60,Gold
C06248,Hyderabad,2025-03-12,26-35,Silver
C06249,Chennai,2025-09-30,36-45,Silver
C06250,Chennai,2025-11-14,36-45,Silver
C06251,Bangalore,2024-10-02,26-35,Silver
C06252,Delhi,2025-08-17,36-45,Silver
C06253,Hyderabad,2025-07-22,36-45,Silver
C06254,Bangalore,2025-10-13,36-45,Silver
C06255,Chennai,2026-02-26,36-45,Silver
C06256,Hyderabad,2025-02-14,36-45,Gold
C06257,Bangalore,2024-08-28,36-45,Gold
C06258,Chennai,2026-04-02,26-35,Silver
C06259,Chennai,2024-06-28,26-35,Silver
C06260,Mumbai,2025-07-13,26-35,Platinum
C06261,Chennai,2025-10-19,46-60,Silver
C06262,Hyderabad,2025-09-20,46-60,Silver
C06263,Delhi,2025-12-18,36-45,Platinum
C06264,Mumbai,2026-03-19,18-25,Silver
C06265,Chennai,2025-12-03,46-60,Platinum
C06266,Bangalore,2025-01-08,26-35,Silver
C06267,Hyderabad,2025-09-11,36-45,Silver
C06268,Bangalore,2026-03-10,46-60,Silver
C06269,Chennai,2025-12-19,18-25,Silver
C06270,Chennai,2024-08-11,36-45,Silver
C06271,Hyderabad,2024-05-27,18-25,Silver
C06272,Delhi,2025-10-08,36-45,Platinum
C06273,Mumbai,2025-08-08,26-35,Silver
C06274,Bangalore,2025-02-21,46-60,Silver
C06275,Delhi,2024-10-20,36-45,Silver
C06276,Bangalore,2026-02-05,36-45,Silver
C06277,Chennai,2025-08-14,26-35,Silver
C06278,Delhi,2025-07-07,26-35,Platinum
C06279,Hyderabad,2025-03-28,36-45,Silver
C06280,Bangalore,2024-12-02,18-25,Gold
C06281,Hyderabad,2026-01-16,36-45,Silver
C06282,Bangalore,2024-06-12,26-35,Silver
C06283,Hyderabad,2025-03-26,26-35,Silver
C06284,Mumbai,2025-05-14,26-35,Gold
C06285,Bangalore,2024-11-11,46-60,Gold
C06286,Hyderabad,2025-06-17,46-60,Silver
C06287,Hyderabad,2025-11-16,26-35,Gold
C06288,Chennai,2026-05-10,36-45,Silver
C06289,Chennai,2025-05-24,46-60,Silver
C06290,Mumbai,2024-12-10,46-60,Silver
C06291,Delhi,2026-03-14,26-35,Gold
C06292,Delhi,2025-01-15,26-35,Gold
C06293,Delhi,2025-04-30,18-25,Silver
C06294,Hyderabad,2026-04-21,18-25,Gold
C06295,Chennai,2025-01-12,26-35,Gold
C06296,Hyderabad,2026-01-09,46-60,Gold
C06297,Delhi,2025-06-16,46-60,Silver
C06298,Mumbai,2025-11-08,26-35,Gold
C06299,Bangalore,2025-06-27,36-45,Silver
C06300,Bangalore,2025-07-24,36-45,Gold
C06301,Delhi,2025-02-02,36-45,Silver
C06302,Chennai,2024-12-25,26-35,Silver
C06303,Delhi,2025-01-05,26-35,Silver
C06304,Hyderabad,2025-11-21,36-45,Gold
C06305,Bangalore,2024-06-13,26-35,Silver
C06306,Chennai,2025-12-04,18-25,Silver
C06307,Mumbai,2026-04-08,36-45,Silver
C06308,Hyderabad,2025-08-29,36-45,Gold
C06309,Hyderabad,2025-02-08,36-45,Platinum
C06310,Chennai,2026-03-29,46-60,Silver
C06311,Mumbai,2026-04-11,46-60,Gold
C06312,Delhi,2025-08-18,26-35,Gold
C06313,Bangalore,2025-06-01,46-60,Gold
C06314,Hyderabad,2024-10-16,18-25,Silver
C06315,Bangalore,2024-05-26,26-35,Platinum
C06316,Hyderabad,2025-02-10,46-60,Silver
C06317,Mumbai,2024-07-28,36-45,Platinum
C06318,Hyderabad,2025-03-31,36-45,Silver
C06319,Delhi,2024-12-16,26-35,Silver
C06320,Hyderabad,2025-10-18,26-35,Gold
C06321,Delhi,2024-12-29,18-25,Silver
C06322,Hyderabad,2025-07-23,36-45,Gold
C06323,Bangalore,2024-12-09,36-45,Platinum
C06324,Chennai,2025-09-30,18-25,Platinum
C06325,Delhi,2025-01-29,26-35,Silver
C06326,Delhi,2024-11-05,18-25,Silver
C06327,Bangalore,2025-03-01,46-60,Silver
C06328,Delhi,2024-12-08,36-45,Silver
C06329,Chennai,2025-03-19,18-25,Gold
C06330,Bangalore,2024-11-23,36-45,Platinum
C06331,Bangalore,2025-10-13,18-25,Silver
C06332,Bangalore,2025-12-09,26-35,Silver
C06333,Chennai,2024-07-25,46-60,Silver
C06334,Bangalore,2025-09-22,36-45,Silver
C06335,Mumbai,2025-01-18,26-35,Silver
C06336,Hyderabad,2025-08-08,18-25,Silver
C06337,Mumbai,2025-11-07,26-35,Gold
C06338,Mumbai,2025-08-08,46-60,Gold
C06339,Hyderabad,2025-11-14,36-45,Silver
C06340,Chennai,2025-09-20,26-35,Gold
C06341,Mumbai,2025-11-16,18-25,Silver
C06342,Bangalore,2024-10-12,18-25,Gold
C06343,Delhi,2026-03-15,18-25,Platinum
C06344,Hyderabad,2025-07-31,26-35,Gold
C06345,Bangalore,2024-11-28,26-35,Platinum
C06346,Chennai,2024-07-17,46-60,Silver
C06347,Hyderabad,2025-07-31,36-45,Silver
C06348,Chennai,2025-12-10,46-60,Silver
C06349,Delhi,2025-01-18,18-25,Platinum
C06350,Chennai,2026-03-31,26-35,Gold
C06351,Bangalore,2025-09-04,36-45,Silver
C06352,Chennai,2024-09-26,36-45,Silver
C06353,Delhi,2026-03-31,18-25,Silver
C06354,Hyderabad,2025-02-22,36-45,Silver
C06355,Delhi,2024-09-16,36-45,Silver
C06356,Delhi,2024-05-24,26-35,Silver
C06357,Delhi,2025-02-14,18-25,Gold
C06358,Delhi,2024-11-19,46-60,Silver
C06359,Hyderabad,2024-09-13,46-60,Silver
C06360,Chennai,2026-01-04,46-60,Silver
C06361,Hyderabad,2025-04-12,18-25,Silver
C06362,Bangalore,2024-09-08,46-60,Gold
C06363,Hyderabad,2024-09-25,18-25,Silver
C06364,Hyderabad,2025-03-25,26-35,Silver
C06365,Chennai,2026-02-01,18-25,Silver
C06366,Chennai,2024-07-15,36-45,Silver
C06367,Bangalore,2026-04-28,26-35,Silver
C06368,Bangalore,2026-02-25,36-45,Gold
C06369,Hyderabad,2025-03-02,26-35,Silver
C06370,Mumbai,2024-11-06,18-25,Gold
C06371,Chennai,2024-10-26,18-25,Platinum
C06372,Bangalore,2025-06-30,18-25,Silver
C06373,Bangalore,2025-11-05,46-60,Gold
C06374,Hyderabad,2025-04-15,36-45,Gold
C06375,Bangalore,2024-11-03,18-25,Gold
C06376,Chennai,2025-02-23,36-45,Silver
C06377,Delhi,2025-09-21,36-45,Gold
C06378,Mumbai,2024-08-28,26-35,Silver
C06379,Hyderabad,2024-10-15,18-25,Silver
C06380,Hyderabad,2025-02-08,18-25,Gold
C06381,Delhi,2024-10-28,36-45,Platinum
C06382,Bangalore,2024-08-15,36-45,Platinum
C06383,Chennai,2025-01-30,18-25,Platinum
C06384,Delhi,2026-05-09,36-45,Silver
C06385,Hyderabad,2024-06-07,26-35,Silver
C06386,Delhi,2025-07-25,18-25,Platinum
C06387,Bangalore,2025-08-21,36-45,Silver
C06388,Mumbai,2025-05-06,36-45,Silver
C06389,Chennai,2024-12-12,36-45,Silver
C06390,Delhi,2026-03-02,36-45,Silver
C06391,Delhi,2024-08-21,36-45,Silver
C06392,Hyderabad,2025-01-30,46-60,Gold
C06393,Delhi,2025-05-23,18-25,Gold
C06394,Delhi,2025-03-16,46-60,Silver
C06395,Delhi,2024-06-10,26-35,Gold
C06396,Mumbai,2024-09-11,46-60,Gold
C06397,Delhi,2024-09-18,46-60,Gold
C06398,Delhi,2025-07-01,36-45,Gold
C06399,Chennai,2025-08-03,26-35,Gold
C06400,Chennai,2026-05-01,36-45,Silver
C06401,Bangalore,2026-03-13,26-35,Silver
C06402,Mumbai,2025-03-13,36-45,Gold
C06403,Chennai,2025-08-31,18-25,Gold
C06404,Delhi,2025-03-18,46-60,Silver
C06405,Mumbai,2024-08-04,18-25,Silver
C06406,Chennai,2024-09-29,46-60,Silver
C06407,Chennai,2025-04-15,18-25,Gold
C06408,Bangalore,2025-04-11,18-25,Silver
C06409,Hyderabad,2025-07-20,36-45,Silver
C06410,Bangalore,2025-06-30,36-45,Gold
C06411,Delhi,2025-01-01,26-35,Silver
C06412,Hyderabad,2025-01-24,46-60,Silver
C06413,Hyderabad,2025-05-18,18-25,Gold
C06414,Bangalore,2024-06-03,26-35,Silver
C06415,Chennai,2025-06-30,26-35,Silver
C06416,Delhi,2024-05-16,46-60,Gold
C06417,Chennai,2026-01-25,26-35,Gold
C06418,Delhi,2026-03-19,26-35,Silver
C06419,Chennai,2025-06-19,26-35,Gold
C06420,Mumbai,2026-03-03,26-35,Silver
C06421,Mumbai,2024-09-01,26-35,Platinum
C06422,Bangalore,2024-05-27,18-25,Silver
C06423,Chennai,2025-07-27,26-35,Silver
C06424,Hyderabad,2025-07-23,18-25,Silver
C06425,Delhi,2025-09-12,46-60,Silver
C06426,Chennai,2025-08-18,46-60,Silver
C06427,Hyderabad,2025-01-18,46-60,Gold
C06428,Chennai,2025-10-14,18-25,Gold
C06429,Mumbai,2026-03-20,46-60,Silver
C06430,Chennai,2025-07-25,26-35,Silver
C06431,Hyderabad,2024-05-28,26-35,Silver
C06432,Chennai,2025-10-06,26-35,Silver
C06433,Bangalore,2026-03-25,26-35,Gold
C06434,Bangalore,2025-05-08,26-35,Silver
C06435,Hyderabad,2024-07-04,26-35,Silver
C06436,Hyderabad,2024-10-13,26-35,Silver
C06437,Hyderabad,2025-03-30,26-35,Silver
C06438,Bangalore,2025-01-04,26-35,Silver
C06439,Chennai,2024-07-27,46-60,Platinum
C06440,Delhi,2025-10-02,36-45,Gold
C06441,Chennai,2026-05-10,36-45,Platinum
C06442,Hyderabad,2025-02-16,46-60,Silver
C06443,Bangalore,2026-04-03,46-60,Silver
C06444,Bangalore,2025-08-19,26-35,Gold
C06445,Mumbai,2025-12-05,26-35,Gold
C06446,Delhi,2025-08-08,18-25,Silver
C06447,Mumbai,2025-08-08,18-25,Silver
C06448,Mumbai,2025-11-25,26-35,Silver
C06449,Delhi,2025-03-16,18-25,Silver
C06450,Hyderabad,2024-07-09,36-45,Silver
C06451,Mumbai,2026-05-08,36-45,Silver
C06452,Mumbai,2025-01-21,36-45,Silver
C06453,Hyderabad,2024-10-15,26-35,Platinum
C06454,Chennai,2025-09-03,46-60,Silver
C06455,Delhi,2024-10-18,26-35,Silver
C06456,Chennai,2026-02-26,18-25,Gold
C06457,Hyderabad,2025-06-14,46-60,Gold
C06458,Bangalore,2026-04-26,26-35,Platinum
C06459,Hyderabad,2026-03-03,18-25,Gold
C06460,Chennai,2025-04-11,26-35,Silver
C06461,Mumbai,2025-02-08,46-60,Gold
C06462,Hyderabad,2026-04-08,46-60,Silver
C06463,Bangalore,2025-10-28,46-60,Silver
C06464,Bangalore,2024-12-15,36-45,Silver
C06465,Delhi,2024-05-21,26-35,Silver
C06466,Delhi,2025-03-28,26-35,Silver
C06467,Hyderabad,2026-02-12,26-35,Platinum
C06468,Delhi,2025-04-23,18-25,Silver
C06469,Hyderabad,2024-11-15,26-35,Platinum
C06470,Mumbai,2024-07-13,46-60,Gold
C06471,Mumbai,2026-03-19,36-45,Silver
C06472,Delhi,2025-08-11,46-60,Silver
C06473,Delhi,2024-06-17,18-25,Gold
C06474,Chennai,2026-02-15,18-25,Silver
C06475,Chennai,2026-03-08,18-25,Silver
C06476,Delhi,2025-10-10,18-25,Silver
C06477,Delhi,2025-10-21,36-45,Gold
C06478,Chennai,2025-11-23,18-25,Silver
C06479,Hyderabad,2026-02-16,18-25,Gold
C06480,Delhi,2024-12-22,46-60,Gold
C06481,Delhi,2026-05-11,36-45,Silver
C06482,Bangalore,2024-07-17,36-45,Silver
C06483,Mumbai,2025-11-22,18-25,Silver
C06484,Mumbai,2025-05-26,26-35,Silver
C06485,Mumbai,2026-01-18,18-25,Silver
C06486,Bangalore,2026-05-08,36-45,Gold
C06487,Bangalore,2025-07-07,26-35,Silver
C06488,Hyderabad,2026-02-19,18-25,Silver
C06489,Hyderabad,2025-08-02,46-60,Platinum
C06490,Mumbai,2026-03-15,26-35,Gold
C06491,Hyderabad,2025-05-16,36-45,Silver
C06492,Chennai,2025-06-03,18-25,Silver
C06493,Delhi,2025-09-30,36-45,Gold
C06494,Mumbai,2025-08-12,36-45,Gold
C06495,Hyderabad,2024-10-15,26-35,Gold
C06496,Mumbai,2025-09-15,36-45,Silver
C06497,Bangalore,2024-09-12,18-25,Silver
C06498,Delhi,2025-10-17,26-35,Silver
C06499,Bangalore,2025-07-22,46-60,Silver
C06500,Chennai,2025-11-26,26-35,Silver
C06501,Chennai,2026-02-02,18-25,Platinum
C06502,Delhi,2025-09-26,36-45,Silver
C06503,Delhi,2025-04-18,46-60,Gold
C06504,Bangalore,2025-08-06,36-45,Gold
C06505,Delhi,2025-07-18,18-25,Gold
C06506,Bangalore,2024-12-11,46-60,Silver
C06507,Chennai,2025-10-27,26-35,Gold
C06508,Hyderabad,2024-10-14,36-45,Silver
C06509,Delhi,2025-05-23,46-60,Platinum
C06510,Delhi,2024-11-10,26-35,Silver
C06511,Bangalore,2025-09-24,18-25,Silver
C06512,Bangalore,2024-05-21,46-60,Gold
C06513,Mumbai,2026-05-04,46-60,Silver
C06514,Chennai,2026-02-05,18-25,Gold
C06515,Hyderabad,2025-04-30,26-35,Silver
C06516,Chennai,2024-08-29,46-60,Silver
C06517,Chennai,2024-11-14,46-60,Silver
C06518,Mumbai,2026-03-19,26-35,Gold
C06519,Chennai,2024-12-06,26-35,Gold
C06520,Mumbai,2026-01-10,36-45,Silver
C06521,Chennai,2025-01-12,26-35,Silver
C06522,Mumbai,2025-08-29,46-60,Gold
C06523,Delhi,2025-02-22,18-25,Platinum
C06524,Mumbai,2026-01-03,46-60,Gold
C06525,Mumbai,2025-09-24,46-60,Silver
C06526,Hyderabad,2025-04-06,26-35,Gold
C06527,Delhi,2026-03-21,36-45,Gold
C06528,Hyderabad,2024-12-14,26-35,Platinum
C06529,Mumbai,2024-06-05,26-35,Silver
C06530,Delhi,2026-05-01,46-60,Gold
C06531,Chennai,2025-09-04,46-60,Silver
C06532,Bangalore,2024-06-05,46-60,Gold
C06533,Bangalore,2025-01-23,26-35,Silver
C06534,Hyderabad,2026-02-05,18-25,Gold
C06535,Chennai,2024-08-21,26-35,Platinum
C06536,Delhi,2026-03-31,18-25,Silver
C06537,Bangalore,2026-03-04,18-25,Silver
C06538,Bangalore,2024-09-24,46-60,Gold
C06539,Hyderabad,2025-01-02,36-45,Silver
C06540,Delhi,2025-10-29,26-35,Gold
C06541,Bangalore,2024-11-28,18-25,Silver
C06542,Delhi,2024-06-10,36-45,Silver
C06543,Delhi,2025-09-07,46-60,Platinum
C06544,Mumbai,2026-01-02,18-25,Silver
C06545,Delhi,2025-06-02,18-25,Gold
C06546,Hyderabad,2024-11-23,36-45,Gold
C06547,Mumbai,2024-09-24,46-60,Silver
C06548,Mumbai,2026-01-21,46-60,Silver
C06549,Delhi,2025-01-21,18-25,Silver
C06550,Chennai,2024-11-04,36-45,Gold
C06551,Bangalore,2025-03-19,36-45,Gold
C06552,Hyderabad,2025-04-15,46-60,Silver
C06553,Hyderabad,2026-01-18,26-35,Silver
C06554,Mumbai,2025-03-19,26-35,Platinum
C06555,Bangalore,2024-12-13,46-60,Gold
C06556,Chennai,2024-07-11,36-45,Silver
C06557,Hyderabad,2025-01-30,46-60,Silver
C06558,Chennai,2025-01-04,26-35,Silver
C06559,Hyderabad,2025-04-18,36-45,Silver
C06560,Bangalore,2025-01-12,26-35,Silver
C06561,Bangalore,2025-07-31,26-35,Platinum
C06562,Mumbai,2025-07-26,36-45,Silver
C06563,Hyderabad,2024-06-07,18-25,Platinum
C06564,Hyderabad,2026-01-10,18-25,Silver
C06565,Mumbai,2025-09-08,36-45,Platinum
C06566,Mumbai,2024-11-23,18-25,Silver
C06567,Hyderabad,2025-02-01,26-35,Silver
C06568,Hyderabad,2024-11-01,26-35,Silver
C06569,Delhi,2025-07-18,18-25,Gold
C06570,Delhi,2025-07-17,26-35,Silver
C06571,Hyderabad,2024-10-01,36-45,Silver
C06572,Mumbai,2025-12-07,18-25,Silver
C06573,Chennai,2024-06-28,46-60,Silver
C06574,Bangalore,2024-12-29,36-45,Platinum
C06575,Delhi,2025-09-10,36-45,Silver
C06576,Chennai,2025-11-22,36-45,Platinum
C06577,Hyderabad,2024-08-18,18-25,Silver
C06578,Chennai,2025-04-05,18-25,Gold
C06579,Mumbai,2025-09-08,18-25,Gold
C06580,Chennai,2025-12-24,36-45,Gold
C06581,Bangalore,2024-08-19,26-35,Silver
C06582,Hyderabad,2025-12-02,18-25,Gold
C06583,Delhi,2024-11-18,46-60,Silver
C06584,Mumbai,2025-09-30,46-60,Silver
C06585,Bangalore,2024-05-23,26-35,Gold
C06586,Bangalore,2024-11-06,26-35,Silver
C06587,Hyderabad,2025-11-23,26-35,Silver
C06588,Bangalore,2025-11-29,46-60,Silver
C06589,Mumbai,2025-12-18,26-35,Gold
C06590,Mumbai,2024-06-12,36-45,Platinum
C06591,Mumbai,2025-10-02,26-35,Gold
C06592,Bangalore,2026-01-25,26-35,Gold
C06593,Bangalore,2024-07-12,18-25,Silver
C06594,Delhi,2024-08-30,36-45,Gold
C06595,Delhi,2026-03-01,18-25,Silver
C06596,Hyderabad,2024-11-11,36-45,Silver
C06597,Chennai,2025-02-12,18-25,Platinum
C06598,Chennai,2026-04-29,36-45,Silver
C06599,Mumbai,2026-01-09,36-45,Gold
C06600,Delhi,2024-11-11,26-35,Silver
C06601,Delhi,2025-09-21,18-25,Silver
C06602,Hyderabad,2025-08-17,36-45,Silver
C06603,Hyderabad,2024-11-01,36-45,Silver
C06604,Bangalore,2025-05-06,36-45,Gold
C06605,Mumbai,2024-09-02,18-25,Gold
C06606,Delhi,2024-11-24,46-60,Platinum
C06607,Mumbai,2026-03-11,26-35,Gold
C06608,Mumbai,2025-06-04,26-35,Silver
C06609,Delhi,2025-11-01,18-25,Silver
C06610,Delhi,2025-06-04,36-45,Gold
C06611,Hyderabad,2025-04-12,18-25,Gold
C06612,Mumbai,2024-08-07,46-60,Silver
C06613,Hyderabad,2026-05-14,46-60,Gold
C06614,Chennai,2026-02-18,36-45,Gold
C06615,Chennai,2025-02-27,46-60,Gold
C06616,Chennai,2025-04-19,36-45,Silver
C06617,Delhi,2025-03-11,18-25,Gold
C06618,Hyderabad,2025-07-01,26-35,Gold
C06619,Bangalore,2024-07-25,18-25,Silver
C06620,Hyderabad,2024-06-29,26-35,Silver
C06621,Hyderabad,2024-06-08,46-60,Silver
C06622,Bangalore,2025-10-01,46-60,Platinum
C06623,Bangalore,2024-07-12,18-25,Silver
C06624,Mumbai,2024-09-25,46-60,Silver
C06625,Mumbai,2025-07-09,18-25,Silver
C06626,Mumbai,2025-09-18,26-35,Silver
C06627,Delhi,2025-08-02,36-45,Silver
C06628,Bangalore,2025-07-01,36-45,Silver
C06629,Delhi,2026-01-21,26-35,Gold
C06630,Hyderabad,2025-09-08,36-45,Gold
C06631,Chennai,2025-12-17,18-25,Platinum
C06632,Delhi,2025-06-14,26-35,Silver
C06633,Hyderabad,2024-11-05,26-35,Silver
C06634,Hyderabad,2025-02-01,26-35,Platinum
C06635,Mumbai,2025-01-25,36-45,Silver
C06636,Bangalore,2025-02-23,26-35,Gold
C06637,Chennai,2024-10-28,46-60,Silver
C06638,Chennai,2026-02-02,46-60,Gold
C06639,Bangalore,2026-01-22,36-45,Silver
C06640,Bangalore,2025-11-08,36-45,Silver
C06641,Delhi,2024-07-09,18-25,Gold
C06642,Bangalore,2024-06-06,18-25,Silver
C06643,Bangalore,2026-04-25,46-60,Silver
C06644,Hyderabad,2024-12-04,36-45,Gold
C06645,Chennai,2024-12-09,46-60,Silver
C06646,Bangalore,2024-10-17,18-25,Silver
C06647,Delhi,2026-03-29,36-45,Gold
C06648,Bangalore,2026-02-09,36-45,Gold
C06649,Chennai,2024-06-27,26-35,Silver
C06650,Delhi,2025-04-21,18-25,Silver
C06651,Delhi,2026-01-17,18-25,Silver
C06652,Chennai,2025-01-23,26-35,Silver
C06653,Delhi,2024-11-11,18-25,Silver
C06654,Delhi,2026-02-26,46-60,Gold
C06655,Chennai,2025-04-09,18-25,Silver
C06656,Delhi,2026-05-09,18-25,Silver
C06657,Delhi,2025-06-13,26-35,Gold
C06658,Chennai,2024-05-29,18-25,Gold
C06659,Mumbai,2025-04-11,36-45,Silver
C06660,Mumbai,2026-01-16,46-60,Gold
C06661,Delhi,2026-01-20,46-60,Silver
C06662,Mumbai,2025-12-17,18-25,Silver
C06663,Chennai,2025-02-07,46-60,Silver
C06664,Hyderabad,2024-07-21,26-35,Platinum
C06665,Chennai,2024-12-09,46-60,Silver
C06666,Mumbai,2025-08-10,36-45,Silver
C06667,Chennai,2025-01-11,26-35,Silver
C06668,Delhi,2025-06-27,36-45,Gold
C06669,Bangalore,2024-09-07,26-35,Silver
C06670,Chennai,2025-08-11,36-45,Silver
C06671,Hyderabad,2025-12-23,26-35,Gold
C06672,Bangalore,2025-01-16,18-25,Gold
C06673,Delhi,2025-03-23,26-35,Gold
C06674,Hyderabad,2024-11-01,36-45,Gold
C06675,Bangalore,2026-05-11,18-25,Silver
C06676,Mumbai,2025-08-07,46-60,Platinum
C06677,Delhi,2024-12-18,18-25,Silver
C06678,Delhi,2026-02-25,18-25,Silver
C06679,Mumbai,2024-06-28,36-45,Gold
C06680,Hyderabad,2024-11-25,26-35,Silver
C06681,Delhi,2026-04-29,18-25,Silver
C06682,Hyderabad,2025-09-10,36-45,Silver
C06683,Chennai,2025-01-30,26-35,Silver
C06684,Delhi,2025-06-22,18-25,Silver
C06685,Mumbai,2026-05-04,18-25,Gold
C06686,Hyderabad,2024-11-30,26-35,Gold
C06687,Hyderabad,2025-09-26,46-60,Gold
C06688,Hyderabad,2024-07-12,26-35,Platinum
C06689,Mumbai,2026-01-21,36-45,Silver
C06690,Mumbai,2025-12-24,26-35,Silver
C06691,Chennai,2026-03-16,46-60,Gold
C06692,Chennai,2024-05-27,36-45,Silver
C06693,Bangalore,2024-07-08,36-45,Silver
C06694,Bangalore,2025-10-16,26-35,Gold
C06695,Delhi,2024-07-29,26-35,Platinum
C06696,Hyderabad,2025-08-20,36-45,Silver
C06697,Bangalore,2026-05-01,18-25,Gold
C06698,Bangalore,2025-10-23,18-25,Gold
C06699,Bangalore,2026-04-23,26-35,Gold
C06700,Mumbai,2025-09-25,18-25,Silver
C06701,Bangalore,2025-05-17,26-35,Gold
C06702,Delhi,2025-05-04,36-45,Silver
C06703,Bangalore,2025-12-28,26-35,Silver
C06704,Delhi,2025-04-17,46-60,Gold
C06705,Delhi,2025-10-20,46-60,Silver
C06706,Chennai,2024-09-15,18-25,Gold
C06707,Chennai,2024-12-29,46-60,Silver
C06708,Chennai,2026-04-20,26-35,Silver
C06709,Chennai,2025-10-22,46-60,Silver
C06710,Hyderabad,2026-03-20,26-35,Platinum
C06711,Bangalore,2024-10-02,26-35,Silver
C06712,Delhi,2026-04-01,46-60,Silver
C06713,Hyderabad,2024-08-22,36-45,Gold
C06714,Hyderabad,2024-08-31,26-35,Gold
C06715,Mumbai,2025-03-31,26-35,Silver
C06716,Mumbai,2024-05-30,26-35,Silver
C06717,Mumbai,2026-04-25,26-35,Silver
C06718,Bangalore,2024-11-21,18-25,Silver
C06719,Chennai,2026-04-25,46-60,Silver
C06720,Bangalore,2025-06-27,26-35,Silver
C06721,Hyderabad,2024-09-18,46-60,Silver
C06722,Mumbai,2024-06-08,46-60,Silver
C06723,Hyderabad,2024-10-17,46-60,Silver
C06724,Mumbai,2024-07-11,36-45,Silver
C06725,Delhi,2026-01-29,26-35,Silver
C06726,Mumbai,2024-09-02,36-45,Gold
C06727,Chennai,2026-03-03,18-25,Gold
C06728,Chennai,2025-05-12,26-35,Gold
C06729,Mumbai,2026-03-06,46-60,Silver
C06730,Chennai,2024-10-03,46-60,Platinum
C06731,Hyderabad,2024-06-17,18-25,Gold
C06732,Bangalore,2024-11-09,36-45,Silver
C06733,Hyderabad,2026-01-07,18-25,Gold
C06734,Bangalore,2025-01-14,36-45,Silver
C06735,Bangalore,2024-07-02,46-60,Silver
C06736,Hyderabad,2025-06-04,46-60,Silver
C06737,Bangalore,2026-01-14,26-35,Silver
C06738,Bangalore,2026-04-17,26-35,Silver
C06739,Mumbai,2025-06-20,18-25,Gold
C06740,Mumbai,2024-09-18,26-35,Platinum
C06741,Mumbai,2024-05-24,26-35,Silver
C06742,Chennai,2026-02-22,26-35,Silver
C06743,Mumbai,2025-10-05,26-35,Silver
C06744,Bangalore,2024-05-26,46-60,Gold
C06745,Hyderabad,2025-09-24,46-60,Platinum
C06746,Delhi,2024-07-23,26-35,Gold
C06747,Delhi,2025-01-12,36-45,Gold
C06748,Hyderabad,2026-04-23,46-60,Silver
C06749,Hyderabad,2024-08-29,26-35,Silver
C06750,Hyderabad,2026-01-06,26-35,Platinum
C06751,Delhi,2026-03-22,46-60,Gold
C06752,Bangalore,2025-04-30,26-35,Silver
C06753,Delhi,2025-02-24,46-60,Silver
C06754,Delhi,2025-02-15,26-35,Silver
C06755,Delhi,2026-01-11,18-25,Silver
C06756,Hyderabad,2025-09-20,36-45,Gold
C06757,Chennai,2025-12-01,18-25,Gold
C06758,Chennai,2025-03-09,18-25,Silver
C06759,Bangalore,2024-08-26,26-35,Silver
C06760,Bangalore,2025-01-27,26-35,Silver
C06761,Mumbai,2025-09-20,36-45,Silver
C06762,Chennai,2026-01-31,36-45,Platinum
C06763,Mumbai,2025-06-09,46-60,Silver
C06764,Chennai,2025-08-14,36-45,Gold
C06765,Chennai,2025-06-20,18-25,Gold
C06766,Bangalore,2025-10-24,36-45,Silver
C06767,Mumbai,2025-10-20,46-60,Silver
C06768,Bangalore,2024-07-05,18-25,Silver
C06769,Hyderabad,2026-05-02,36-45,Silver
C06770,Bangalore,2025-03-30,18-25,Silver
C06771,Hyderabad,2026-05-04,18-25,Silver
C06772,Hyderabad,2026-04-18,18-25,Silver
C06773,Chennai,2026-01-06,36-45,Silver
C06774,Chennai,2025-01-19,46-60,Silver
C06775,Hyderabad,2025-10-19,36-45,Silver
C06776,Delhi,2025-05-28,36-45,Gold
C06777,Chennai,2025-06-28,36-45,Silver
C06778,Chennai,2025-07-29,46-60,Silver
C06779,Hyderabad,2024-12-25,46-60,Platinum
C06780,Mumbai,2025-09-18,18-25,Gold
C06781,Chennai,2025-04-22,36-45,Silver
C06782,Hyderabad,2026-03-25,18-25,Gold
C06783,Hyderabad,2025-03-12,18-25,Platinum
C06784,Bangalore,2024-12-25,46-60,Gold
C06785,Mumbai,2025-04-04,26-35,Silver
C06786,Delhi,2025-04-26,18-25,Silver
C06787,Bangalore,2025-09-10,26-35,Gold
C06788,Bangalore,2024-07-31,26-35,Gold
C06789,Chennai,2025-02-13,36-45,Platinum
C06790,Bangalore,2025-01-22,18-25,Gold
C06791,Chennai,2025-12-28,46-60,Silver
C06792,Chennai,2024-09-09,18-25,Silver
C06793,Bangalore,2024-10-29,36-45,Silver
C06794,Bangalore,2026-04-17,26-35,Silver
C06795,Mumbai,2024-08-14,26-35,Silver
C06796,Hyderabad,2026-05-13,36-45,Gold
C06797,Delhi,2024-05-16,46-60,Gold
C06798,Bangalore,2025-07-30,18-25,Gold
C06799,Bangalore,2026-01-22,26-35,Gold
C06800,Chennai,2025-06-05,18-25,Platinum
C06801,Hyderabad,2025-12-07,46-60,Platinum
C06802,Delhi,2025-02-11,46-60,Silver
C06803,Delhi,2025-07-01,36-45,Silver
C06804,Delhi,2026-02-24,36-45,Silver
C06805,Chennai,2024-07-14,46-60,Gold
C06806,Mumbai,2024-09-26,18-25,Silver
C06807,Hyderabad,2025-07-08,18-25,Silver
C06808,Delhi,2025-07-24,26-35,Gold
C06809,Bangalore,2025-02-10,26-35,Gold
C06810,Delhi,2025-08-25,36-45,Gold
C06811,Delhi,2025-12-25,26-35,Silver
C06812,Bangalore,2024-11-17,26-35,Silver
C06813,Mumbai,2026-05-13,36-45,Silver
C06814,Bangalore,2025-12-26,18-25,Silver
C06815,Hyderabad,2025-07-01,36-45,Gold
C06816,Mumbai,2026-04-16,18-25,Silver
C06817,Mumbai,2025-05-05,26-35,Gold
C06818,Bangalore,2024-06-09,18-25,Silver
C06819,Bangalore,2024-06-16,46-60,Gold
C06820,Bangalore,2024-07-11,26-35,Gold
C06821,Chennai,2024-08-14,26-35,Gold
C06822,Chennai,2025-04-18,36-45,Silver
C06823,Hyderabad,2025-05-07,36-45,Gold
C06824,Bangalore,2025-06-16,46-60,Gold
C06825,Hyderabad,2024-09-14,26-35,Silver
C06826,Chennai,2024-06-16,18-25,Silver
C06827,Chennai,2024-05-30,36-45,Silver
C06828,Chennai,2025-05-31,46-60,Gold
C06829,Chennai,2025-09-23,18-25,Silver
C06830,Hyderabad,2024-10-28,18-25,Silver
C06831,Mumbai,2025-08-07,26-35,Silver
C06832,Chennai,2024-11-11,18-25,Silver
C06833,Delhi,2024-10-18,18-25,Gold
C06834,Chennai,2025-07-31,18-25,Gold
C06835,Mumbai,2024-09-25,36-45,Gold
C06836,Delhi,2025-05-20,46-60,Silver
C06837,Mumbai,2025-07-11,26-35,Silver
C06838,Bangalore,2024-08-05,46-60,Silver
C06839,Chennai,2024-08-16,18-25,Gold
C06840,Mumbai,2025-07-06,36-45,Silver
C06841,Delhi,2025-03-23,46-60,Silver
C06842,Bangalore,2025-02-28,36-45,Silver
C06843,Chennai,2024-07-04,26-35,Silver
C06844,Hyderabad,2025-11-01,26-35,Gold
C06845,Mumbai,2026-03-25,36-45,Silver
C06846,Hyderabad,2025-12-24,26-35,Gold
C06847,Bangalore,2025-08-05,36-45,Silver
C06848,Delhi,2025-08-31,26-35,Silver
C06849,Bangalore,2024-08-04,36-45,Platinum
C06850,Delhi,2026-02-27,18-25,Silver
C06851,Delhi,2025-07-09,36-45,Silver
C06852,Mumbai,2024-08-01,36-45,Gold
C06853,Delhi,2024-06-16,46-60,Platinum
C06854,Bangalore,2025-02-18,46-60,Gold
C06855,Chennai,2026-01-05,46-60,Silver
C06856,Hyderabad,2025-03-06,26-35,Gold
C06857,Delhi,2025-09-13,18-25,Silver
C06858,Delhi,2025-08-15,46-60,Silver
C06859,Hyderabad,2025-11-24,18-25,Silver
C06860,Delhi,2025-11-08,18-25,Silver
C06861,Delhi,2026-01-31,46-60,Silver
C06862,Delhi,2026-04-09,26-35,Gold
C06863,Hyderabad,2025-12-10,46-60,Silver
C06864,Mumbai,2026-05-03,18-25,Gold
C06865,Mumbai,2025-04-20,18-25,Gold
C06866,Chennai,2024-12-10,36-45,Gold
C06867,Bangalore,2026-04-04,26-35,Silver
C06868,Hyderabad,2024-10-13,26-35,Platinum
C06869,Chennai,2025-05-22,36-45,Silver
C06870,Hyderabad,2025-05-13,26-35,Gold
C06871,Chennai,2025-11-06,26-35,Gold
C06872,Hyderabad,2024-07-16,26-35,Platinum
C06873,Bangalore,2025-08-28,18-25,Silver
C06874,Delhi,2025-07-27,18-25,Silver
C06875,Delhi,2025-09-02,26-35,Gold
C06876,Delhi,2026-05-14,26-35,Silver
C06877,Bangalore,2024-12-03,46-60,Silver
C06878,Chennai,2025-02-22,46-60,Platinum
C06879,Mumbai,2024-08-07,36-45,Silver
C06880,Chennai,2025-11-25,36-45,Gold
C06881,Hyderabad,2025-04-08,36-45,Gold
C06882,Bangalore,2026-02-27,36-45,Gold
C06883,Chennai,2025-09-07,46-60,Silver
C06884,Mumbai,2025-03-22,26-35,Silver
C06885,Chennai,2024-08-24,36-45,Silver
C06886,Chennai,2025-10-01,46-60,Silver
C06887,Mumbai,2026-01-04,26-35,Silver
C06888,Mumbai,2025-06-22,26-35,Silver
C06889,Mumbai,2025-01-09,36-45,Silver
C06890,Hyderabad,2024-09-21,36-45,Silver
C06891,Hyderabad,2026-03-28,36-45,Gold
C06892,Chennai,2025-05-22,18-25,Platinum
C06893,Chennai,2025-02-04,26-35,Silver
C06894,Delhi,2025-03-28,46-60,Silver
C06895,Mumbai,2024-12-29,46-60,Gold
C06896,Hyderabad,2025-02-12,26-35,Silver
C06897,Bangalore,2025-02-06,18-25,Silver
C06898,Mumbai,2025-02-10,46-60,Silver
C06899,Hyderabad,2026-04-18,18-25,Platinum
C06900,Bangalore,2024-06-21,46-60,Silver
C06901,Bangalore,2025-07-02,36-45,Silver
C06902,Bangalore,2025-06-06,18-25,Platinum
C06903,Chennai,2024-10-30,26-35,Silver
C06904,Hyderabad,2024-06-25,26-35,Gold
C06905,Hyderabad,2024-12-30,46-60,Silver
C06906,Delhi,2025-02-14,18-25,Silver
C06907,Hyderabad,2024-08-16,36-45,Silver
C06908,Delhi,2025-01-19,18-25,Silver
C06909,Bangalore,2025-11-08,18-25,Silver
C06910,Hyderabad,2024-10-15,18-25,Gold
C06911,Bangalore,2025-11-10,36-45,Gold
C06912,Hyderabad,2024-08-24,18-25,Silver
C06913,Delhi,2024-06-30,46-60,Silver
C06914,Hyderabad,2024-06-16,36-45,Silver
C06915,Mumbai,2025-10-01,46-60,Silver
C06916,Delhi,2024-08-01,36-45,Platinum
C06917,Delhi,2025-04-21,36-45,Silver
C06918,Mumbai,2024-09-14,18-25,Silver
C06919,Chennai,2025-09-26,46-60,Silver
C06920,Mumbai,2024-12-03,18-25,Silver
C06921,Mumbai,2026-03-21,26-35,Silver
C06922,Chennai,2025-11-28,26-35,Silver
C06923,Bangalore,2024-06-12,18-25,Silver
C06924,Chennai,2025-11-03,18-25,Silver
C06925,Chennai,2025-11-12,26-35,Gold
C06926,Mumbai,2025-09-18,46-60,Gold
C06927,Bangalore,2025-01-20,46-60,Silver
C06928,Hyderabad,2025-04-03,36-45,Gold
C06929,Chennai,2024-07-09,46-60,Silver
C06930,Mumbai,2025-07-14,46-60,Gold
C06931,Chennai,2026-03-22,36-45,Silver
C06932,Bangalore,2025-11-04,46-60,Silver
C06933,Delhi,2024-10-04,46-60,Silver
C06934,Chennai,2025-12-28,18-25,Gold
C06935,Chennai,2024-07-14,18-25,Silver
C06936,Hyderabad,2025-03-07,36-45,Silver
C06937,Chennai,2026-05-01,36-45,Gold
C06938,Bangalore,2025-06-16,36-45,Platinum
C06939,Chennai,2024-09-17,36-45,Silver
C06940,Bangalore,2025-01-03,46-60,Silver
C06941,Delhi,2026-02-06,26-35,Gold
C06942,Delhi,2024-09-23,46-60,Silver
C06943,Hyderabad,2024-08-13,46-60,Silver
C06944,Chennai,2024-11-22,18-25,Silver
C06945,Mumbai,2026-01-31,26-35,Silver
C06946,Hyderabad,2024-12-17,46-60,Silver
C06947,Mumbai,2025-06-02,46-60,Gold
C06948,Hyderabad,2024-07-18,26-35,Gold
C06949,Delhi,2025-03-06,26-35,Silver
C06950,Chennai,2026-02-23,26-35,Silver
C06951,Hyderabad,2025-03-21,26-35,Platinum
C06952,Bangalore,2024-11-22,36-45,Platinum
C06953,Mumbai,2026-02-07,46-60,Silver
C06954,Delhi,2026-02-08,18-25,Platinum
C06955,Hyderabad,2024-05-16,46-60,Silver
C06956,Bangalore,2025-09-13,18-25,Gold
C06957,Mumbai,2025-05-07,26-35,Silver
C06958,Chennai,2026-02-17,26-35,Gold
C06959,Mumbai,2025-07-09,18-25,Silver
C06960,Bangalore,2026-04-19,18-25,Silver
C06961,Chennai,2026-04-06,46-60,Silver
C06962,Delhi,2025-03-23,26-35,Silver
C06963,Hyderabad,2026-01-14,36-45,Silver
C06964,Bangalore,2024-09-22,46-60,Silver
C06965,Hyderabad,2025-12-05,26-35,Silver
C06966,Mumbai,2025-02-06,36-45,Silver
C06967,Chennai,2025-04-15,18-25,Silver
C06968,Mumbai,2025-06-23,36-45,Gold
C06969,Hyderabad,2025-11-08,46-60,Silver
C06970,Mumbai,2026-04-09,26-35,Silver
C06971,Hyderabad,2026-01-12,46-60,Platinum
C06972,Hyderabad,2024-07-09,18-25,Silver
C06973,Bangalore,2026-05-09,36-45,Silver
C06974,Hyderabad,2025-12-26,26-35,Silver
C06975,Bangalore,2025-08-03,26-35,Silver
C06976,Bangalore,2026-03-18,26-35,Silver
C06977,Delhi,2025-11-03,26-35,Gold
C06978,Bangalore,2024-09-15,36-45,Gold
C06979,Mumbai,2026-05-10,36-45,Platinum
C06980,Mumbai,2024-10-23,46-60,Gold
C06981,Delhi,2024-07-12,18-25,Silver
C06982,Delhi,2024-07-21,46-60,Silver
C06983,Chennai,2024-08-22,46-60,Silver
C06984,Mumbai,2025-12-11,36-45,Silver
C06985,Hyderabad,2026-03-23,26-35,Silver
C06986,Hyderabad,2024-10-20,18-25,Silver
C06987,Bangalore,2025-12-30,36-45,Silver
C06988,Hyderabad,2026-01-12,26-35,Silver
C06989,Chennai,2025-08-16,18-25,Silver
C06990,Chennai,2024-09-04,26-35,Silver
C06991,Hyderabad,2025-02-23,18-25,Gold
C06992,Hyderabad,2024-07-25,26-35,Silver
C06993,Chennai,2024-11-11,26-35,Platinum
C06994,Hyderabad,2025-02-12,18-25,Gold
C06995,Delhi,2026-04-08,46-60,Platinum
C06996,Chennai,2025-02-02,18-25,Silver
C06997,Mumbai,2026-04-27,36-45,Silver
C06998,Bangalore,2025-02-15,46-60,Gold
C06999,Bangalore,2025-08-04,26-35,Silver
C07000,Hyderabad,2025-06-15,46-60,Gold
C07001,Chennai,2024-08-19,26-35,Gold
C07002,Hyderabad,2026-05-11,46-60,Silver
C07003,Bangalore,2026-04-22,36-45,Silver
C07004,Mumbai,2025-11-15,18-25,Platinum
C07005,Mumbai,2025-12-23,18-25,Silver
C07006,Mumbai,2024-12-23,26-35,Gold
C07007,Chennai,2026-04-13,36-45,Gold
C07008,Delhi,2026-03-27,18-25,Gold
C07009,Hyderabad,2026-01-02,36-45,Silver
C07010,Chennai,2026-04-04,46-60,Silver
C07011,Chennai,2024-09-24,18-25,Gold
C07012,Delhi,2025-05-25,18-25,Silver
C07013,Chennai,2025-12-27,26-35,Silver
C07014,Hyderabad,2024-12-16,46-60,Silver
C07015,Delhi,2026-04-21,26-35,Gold
C07016,Mumbai,2024-06-16,46-60,Platinum
C07017,Bangalore,2025-11-13,36-45,Silver
C07018,Mumbai,2025-12-06,46-60,Silver
C07019,Chennai,2025-11-05,26-35,Silver
C07020,Mumbai,2025-06-29,46-60,Silver
C07021,Mumbai,2025-06-05,26-35,Gold
C07022,Chennai,2025-07-15,18-25,Gold
C07023,Mumbai,2025-06-29,36-45,Silver
C07024,Mumbai,2025-01-30,18-25,Silver
C07025,Mumbai,2025-02-05,36-45,Silver
C07026,Chennai,2025-10-18,26-35,Silver
C07027,Delhi,2026-03-28,18-25,Gold
C07028,Chennai,2024-12-11,18-25,Gold
C07029,Hyderabad,2025-10-09,36-45,Silver
C07030,Mumbai,2026-03-27,26-35,Silver
C07031,Hyderabad,2025-07-17,18-25,Gold
C07032,Mumbai,2025-05-15,18-25,Silver
C07033,Mumbai,2025-02-27,46-60,Silver
C07034,Hyderabad,2024-11-08,36-45,Silver
C07035,Mumbai,2025-05-13,18-25,Silver
C07036,Chennai,2026-05-01,26-35,Gold
C07037,Delhi,2026-04-19,46-60,Platinum
C07038,Hyderabad,2025-12-22,36-45,Silver
C07039,Hyderabad,2025-07-28,36-45,Gold
C07040,Bangalore,2024-08-03,26-35,Gold
C07041,Delhi,2024-12-11,46-60,Platinum
C07042,Bangalore,2025-09-08,18-25,Gold
C07043,Mumbai,2025-08-25,26-35,Gold
C07044,Chennai,2025-01-03,26-35,Silver
C07045,Hyderabad,2024-11-13,26-35,Gold
C07046,Chennai,2025-01-23,46-60,Silver
C07047,Chennai,2026-02-11,18-25,Silver
C07048,Hyderabad,2024-06-25,36-45,Silver
C07049,Hyderabad,2025-02-17,26-35,Silver
C07050,Mumbai,2024-07-21,26-35,Silver
C07051,Chennai,2025-01-05,26-35,Platinum
C07052,Chennai,2025-02-10,18-25,Silver
C07053,Hyderabad,2024-11-25,36-45,Platinum
C07054,Delhi,2026-05-16,26-35,Gold
C07055,Mumbai,2024-05-17,18-25,Silver
C07056,Mumbai,2025-09-03,46-60,Gold
C07057,Hyderabad,2024-09-18,46-60,Silver
C07058,Hyderabad,2025-08-27,18-25,Platinum
C07059,Bangalore,2025-11-10,18-25,Gold
C07060,Bangalore,2024-07-08,18-25,Silver
C07061,Chennai,2024-06-05,26-35,Gold
C07062,Bangalore,2026-02-12,36-45,Gold
C07063,Bangalore,2026-03-12,26-35,Platinum
C07064,Mumbai,2024-11-21,46-60,Silver
C07065,Chennai,2026-03-21,26-35,Gold
C07066,Bangalore,2025-04-14,26-35,Gold
C07067,Hyderabad,2024-06-26,46-60,Gold
C07068,Delhi,2025-06-24,18-25,Gold
C07069,Delhi,2024-11-10,18-25,Silver
C07070,Mumbai,2025-08-16,26-35,Gold
C07071,Mumbai,2026-01-30,26-35,Gold
C07072,Delhi,2024-10-02,18-25,Silver
C07073,Delhi,2025-08-27,18-25,Silver
C07074,Delhi,2024-05-30,36-45,Gold
C07075,Mumbai,2026-04-02,46-60,Silver
C07076,Delhi,2025-07-16,46-60,Silver
C07077,Chennai,2025-02-12,36-45,Gold
C07078,Chennai,2024-10-10,26-35,Silver
C07079,Delhi,2025-11-01,36-45,Silver
C07080,Delhi,2025-11-30,46-60,Platinum
C07081,Chennai,2025-02-25,46-60,Silver
C07082,Mumbai,2024-05-27,36-45,Silver
C07083,Chennai,2025-08-12,18-25,Silver
C07084,Delhi,2025-12-29,46-60,Silver
C07085,Mumbai,2025-04-28,26-35,Silver
C07086,Bangalore,2025-02-27,46-60,Gold
C07087,Bangalore,2024-12-06,36-45,Gold
C07088,Hyderabad,2026-05-09,18-25,Gold
C07089,Chennai,2025-06-19,18-25,Platinum
C07090,Chennai,2026-03-07,26-35,Silver
C07091,Mumbai,2025-09-22,18-25,Platinum
C07092,Hyderabad,2026-02-24,36-45,Silver
C07093,Mumbai,2024-12-06,18-25,Silver
C07094,Hyderabad,2026-05-13,46-60,Silver
C07095,Delhi,2026-04-04,46-60,Silver
C07096,Hyderabad,2024-11-16,18-25,Platinum
C07097,Bangalore,2025-04-16,18-25,Gold
C07098,Hyderabad,2025-11-30,46-60,Silver
C07099,Mumbai,2025-04-24,26-35,Silver
C07100,Bangalore,2025-10-12,36-45,Gold
C07101,Bangalore,2025-07-01,46-60,Gold
C07102,Chennai,2026-04-09,36-45,Silver
C07103,Bangalore,2025-07-09,26-35,Gold
C07104,Bangalore,2024-12-09,36-45,Gold
C07105,Bangalore,2026-04-23,46-60,Platinum
C07106,Delhi,2025-05-11,46-60,Gold
C07107,Hyderabad,2026-03-25,46-60,Gold
C07108,Chennai,2024-12-16,26-35,Silver
C07109,Chennai,2026-05-02,36-45,Gold
C07110,Mumbai,2026-01-25,26-35,Silver
C07111,Hyderabad,2024-06-25,36-45,Silver
C07112,Bangalore,2026-04-21,18-25,Silver
C07113,Chennai,2025-10-30,18-25,Platinum
C07114,Chennai,2026-04-10,26-35,Gold
C07115,Hyderabad,2025-01-22,46-60,Silver
C07116,Delhi,2025-07-24,18-25,Silver
C07117,Bangalore,2025-04-23,36-45,Platinum
C07118,Bangalore,2025-12-01,18-25,Silver
C07119,Bangalore,2025-02-22,46-60,Silver
C07120,Bangalore,2026-02-17,26-35,Silver
C07121,Delhi,2025-09-03,36-45,Gold
C07122,Mumbai,2025-02-14,36-45,Silver
C07123,Delhi,2025-11-11,46-60,Silver
C07124,Mumbai,2025-07-12,36-45,Gold
C07125,Chennai,2025-04-18,18-25,Gold
C07126,Delhi,2024-12-30,46-60,Gold
C07127,Bangalore,2024-10-24,26-35,Gold
C07128,Hyderabad,2024-05-30,18-25,Gold
C07129,Mumbai,2024-05-29,46-60,Gold
C07130,Chennai,2024-07-05,46-60,Silver
C07131,Chennai,2026-02-24,46-60,Gold
C07132,Bangalore,2024-08-07,26-35,Silver
C07133,Mumbai,2024-12-03,18-25,Silver
C07134,Bangalore,2024-09-16,18-25,Silver
C07135,Chennai,2024-10-02,46-60,Silver
C07136,Mumbai,2025-06-26,46-60,Platinum
C07137,Chennai,2026-04-20,26-35,Gold
C07138,Bangalore,2024-11-18,26-35,Silver
C07139,Hyderabad,2025-02-01,18-25,Silver
C07140,Delhi,2025-01-02,36-45,Gold
C07141,Hyderabad,2025-03-11,26-35,Gold
C07142,Mumbai,2025-08-31,26-35,Silver
C07143,Mumbai,2025-09-18,46-60,Silver
C07144,Mumbai,2024-05-19,36-45,Silver
C07145,Delhi,2025-05-25,46-60,Silver
C07146,Mumbai,2025-04-06,46-60,Silver
C07147,Chennai,2025-02-08,46-60,Gold
C07148,Bangalore,2026-03-24,26-35,Gold
C07149,Hyderabad,2026-01-24,46-60,Silver
C07150,Chennai,2025-06-09,18-25,Gold
C07151,Bangalore,2024-11-03,26-35,Silver
C07152,Chennai,2025-01-22,36-45,Silver
C07153,Chennai,2025-04-17,36-45,Silver
C07154,Bangalore,2024-06-17,36-45,Silver
C07155,Chennai,2025-09-08,26-35,Platinum
C07156,Chennai,2024-07-15,18-25,Silver
C07157,Chennai,2024-09-29,46-60,Silver
C07158,Delhi,2024-09-21,18-25,Silver
C07159,Hyderabad,2025-05-01,46-60,Silver
C07160,Delhi,2025-11-18,26-35,Silver
C07161,Chennai,2024-06-24,46-60,Gold
C07162,Hyderabad,2026-03-22,26-35,Gold
C07163,Mumbai,2026-04-01,26-35,Silver
C07164,Bangalore,2025-08-19,46-60,Gold
C07165,Delhi,2026-05-08,26-35,Silver
C07166,Hyderabad,2025-07-06,18-25,Silver
C07167,Chennai,2025-01-05,26-35,Silver
C07168,Bangalore,2024-06-25,46-60,Silver
C07169,Delhi,2025-07-19,36-45,Gold
C07170,Mumbai,2025-07-09,18-25,Silver
C07171,Mumbai,2026-02-21,36-45,Silver
C07172,Hyderabad,2024-12-13,26-35,Silver
C07173,Chennai,2025-03-24,18-25,Silver
C07174,Delhi,2025-02-27,26-35,Silver
C07175,Hyderabad,2025-10-29,36-45,Silver
C07176,Delhi,2024-09-25,18-25,Gold
C07177,Delhi,2025-07-29,36-45,Silver
C07178,Chennai,2024-09-01,46-60,Silver
C07179,Chennai,2024-12-17,18-25,Silver
C07180,Hyderabad,2025-01-25,36-45,Silver
C07181,Hyderabad,2025-10-09,18-25,Silver
C07182,Chennai,2024-09-09,46-60,Silver
C07183,Bangalore,2024-09-12,26-35,Gold
C07184,Chennai,2024-07-05,36-45,Gold
C07185,Hyderabad,2024-11-15,36-45,Gold
C07186,Delhi,2025-08-13,18-25,Platinum
C07187,Hyderabad,2025-05-27,18-25,Silver
C07188,Hyderabad,2024-10-27,46-60,Silver
C07189,Bangalore,2024-06-04,18-25,Silver
C07190,Chennai,2025-02-20,46-60,Silver
C07191,Delhi,2025-01-17,18-25,Silver
C07192,Mumbai,2025-12-07,18-25,Silver
C07193,Delhi,2025-12-08,46-60,Silver
C07194,Delhi,2025-05-27,18-25,Silver
C07195,Mumbai,2025-09-29,18-25,Silver
C07196,Mumbai,2026-02-17,36-45,Silver
C07197,Mumbai,2024-05-27,46-60,Silver
C07198,Mumbai,2025-11-23,36-45,Silver
C07199,Bangalore,2026-01-09,36-45,Silver
C07200,Chennai,2025-02-13,26-35,Silver
C07201,Mumbai,2026-04-15,26-35,Silver
C07202,Delhi,2026-04-08,36-45,Silver
C07203,Hyderabad,2025-07-25,36-45,Gold
C07204,Hyderabad,2024-09-20,26-35,Silver
C07205,Mumbai,2025-08-10,18-25,Gold
C07206,Hyderabad,2024-11-28,46-60,Silver
C07207,Mumbai,2025-06-15,36-45,Silver
C07208,Delhi,2025-10-27,46-60,Silver
C07209,Mumbai,2025-08-24,36-45,Silver
C07210,Mumbai,2025-11-19,36-45,Gold
C07211,Bangalore,2024-05-30,46-60,Silver
C07212,Delhi,2024-06-18,18-25,Platinum
C07213,Chennai,2025-10-12,18-25,Silver
C07214,Bangalore,2026-04-04,18-25,Platinum
C07215,Delhi,2024-08-12,46-60,Gold
C07216,Hyderabad,2024-09-01,26-35,Silver
C07217,Mumbai,2025-11-18,18-25,Silver
C07218,Bangalore,2025-10-21,26-35,Gold
C07219,Bangalore,2025-11-10,36-45,Gold
C07220,Chennai,2024-07-18,36-45,Silver
C07221,Chennai,2024-09-13,36-45,Silver
C07222,Chennai,2026-02-03,36-45,Silver
C07223,Delhi,2025-03-16,18-25,Silver
C07224,Delhi,2026-05-10,46-60,Silver
C07225,Mumbai,2025-08-29,26-35,Platinum
C07226,Mumbai,2024-06-29,46-60,Silver
C07227,Hyderabad,2024-11-09,36-45,Silver
C07228,Mumbai,2025-04-29,26-35,Silver
C07229,Bangalore,2024-08-26,26-35,Platinum
C07230,Bangalore,2025-02-01,46-60,Silver
C07231,Hyderabad,2025-07-22,36-45,Silver
C07232,Hyderabad,2025-11-14,46-60,Silver
C07233,Bangalore,2026-01-09,18-25,Silver
C07234,Bangalore,2025-11-27,36-45,Silver
C07235,Mumbai,2025-12-28,46-60,Silver
C07236,Mumbai,2026-03-06,46-60,Gold
C07237,Hyderabad,2026-04-12,26-35,Gold
C07238,Delhi,2024-08-01,18-25,Gold
C07239,Mumbai,2025-10-19,18-25,Silver
C07240,Chennai,2025-10-31,26-35,Silver
C07241,Mumbai,2024-09-01,26-35,Silver
C07242,Mumbai,2026-01-07,36-45,Silver
C07243,Bangalore,2025-03-03,46-60,Gold
C07244,Chennai,2024-06-14,36-45,Silver
C07245,Hyderabad,2026-03-27,46-60,Silver
C07246,Hyderabad,2025-09-24,36-45,Silver
C07247,Hyderabad,2024-12-26,26-35,Silver
C07248,Bangalore,2025-01-22,18-25,Silver
C07249,Chennai,2025-09-27,36-45,Silver
C07250,Bangalore,2025-09-07,26-35,Silver
C07251,Chennai,2024-10-30,18-25,Silver
C07252,Delhi,2025-10-07,26-35,Gold
C07253,Delhi,2025-08-04,36-45,Gold
C07254,Bangalore,2025-07-27,46-60,Silver
C07255,Bangalore,2026-03-16,46-60,Gold
C07256,Chennai,2025-12-16,26-35,Silver
C07257,Chennai,2026-04-04,26-35,Silver
C07258,Bangalore,2024-09-26,46-60,Platinum
C07259,Bangalore,2025-09-11,26-35,Platinum
C07260,Bangalore,2024-07-15,46-60,Platinum
C07261,Mumbai,2025-10-13,36-45,Gold
C07262,Delhi,2025-10-29,36-45,Gold
C07263,Bangalore,2025-11-24,46-60,Silver
C07264,Bangalore,2025-09-24,26-35,Silver
C07265,Bangalore,2025-03-23,26-35,Platinum
C07266,Mumbai,2025-03-05,36-45,Silver
C07267,Chennai,2024-08-13,18-25,Silver
C07268,Bangalore,2026-05-07,46-60,Silver
C07269,Hyderabad,2025-07-12,46-60,Gold
C07270,Mumbai,2026-02-20,36-45,Platinum
C07271,Bangalore,2024-05-26,18-25,Gold
C07272,Hyderabad,2025-07-30,46-60,Silver
C07273,Hyderabad,2026-04-18,26-35,Silver
C07274,Hyderabad,2025-05-31,36-45,Silver
C07275,Hyderabad,2025-03-22,46-60,Gold
C07276,Mumbai,2025-05-03,18-25,Silver
C07277,Bangalore,2025-10-20,26-35,Gold
C07278,Delhi,2024-08-18,36-45,Silver
C07279,Delhi,2024-12-09,18-25,Silver
C07280,Mumbai,2025-11-02,26-35,Silver
C07281,Bangalore,2025-08-10,18-25,Silver
C07282,Hyderabad,2024-09-22,46-60,Silver
C07283,Chennai,2024-08-23,26-35,Silver
C07284,Chennai,2024-07-28,26-35,Gold
C07285,Chennai,2026-02-08,46-60,Silver
C07286,Bangalore,2026-05-01,46-60,Platinum
C07287,Mumbai,2024-10-01,26-35,Silver
C07288,Delhi,2024-10-26,18-25,Gold
C07289,Bangalore,2025-02-23,46-60,Gold
C07290,Mumbai,2025-06-16,18-25,Platinum
C07291,Delhi,2024-09-10,18-25,Silver
C07292,Bangalore,2024-12-24,46-60,Platinum
C07293,Bangalore,2025-06-14,26-35,Silver
C07294,Delhi,2025-09-27,36-45,Gold
C07295,Chennai,2025-02-26,36-45,Silver
C07296,Hyderabad,2024-06-03,26-35,Silver
C07297,Delhi,2025-05-02,36-45,Silver
C07298,Hyderabad,2025-11-18,36-45,Silver
C07299,Hyderabad,2025-01-06,46-60,Silver
C07300,Chennai,2025-06-10,18-25,Gold
C07301,Delhi,2025-10-28,46-60,Silver
C07302,Delhi,2024-11-24,18-25,Silver
C07303,Chennai,2025-08-28,46-60,Silver
C07304,Hyderabad,2024-12-09,18-25,Silver
C07305,Delhi,2026-02-12,46-60,Silver
C07306,Delhi,2025-01-10,36-45,Silver
C07307,Mumbai,2024-10-26,46-60,Silver
C07308,Chennai,2025-09-07,18-25,Silver
C07309,Bangalore,2025-02-14,18-25,Gold
C07310,Mumbai,2025-11-06,26-35,Gold
C07311,Bangalore,2025-09-02,26-35,Platinum
C07312,Delhi,2025-09-01,18-25,Silver
C07313,Bangalore,2025-03-29,26-35,Silver
C07314,Bangalore,2025-02-05,46-60,Silver
C07315,Mumbai,2025-11-03,26-35,Silver
C07316,Bangalore,2025-10-17,26-35,Silver
C07317,Mumbai,2024-12-22,26-35,Silver
C07318,Bangalore,2024-08-11,18-25,Silver
C07319,Hyderabad,2025-01-24,18-25,Gold
C07320,Chennai,2026-04-02,46-60,Silver
C07321,Mumbai,2024-07-18,18-25,Silver
C07322,Chennai,2025-02-17,36-45,Silver
C07323,Chennai,2024-07-09,18-25,Silver
C07324,Chennai,2025-03-28,18-25,Silver
C07325,Hyderabad,2025-08-27,26-35,Silver
C07326,Delhi,2024-08-15,26-35,Silver
C07327,Mumbai,2026-02-11,18-25,Silver
C07328,Mumbai,2025-05-18,26-35,Platinum
C07329,Hyderabad,2025-03-14,46-60,Silver
C07330,Delhi,2024-07-04,46-60,Silver
C07331,Hyderabad,2025-03-18,46-60,Silver
C07332,Delhi,2025-04-10,26-35,Platinum
C07333,Delhi,2025-02-18,26-35,Silver
C07334,Mumbai,2024-10-03,36-45,Silver
C07335,Mumbai,2025-09-10,18-25,Silver
C07336,Hyderabad,2025-08-25,36-45,Gold
C07337,Hyderabad,2024-06-07,36-45,Silver
C07338,Chennai,2024-12-12,18-25,Silver
C07339,Chennai,2024-10-13,26-35,Gold
C07340,Bangalore,2026-01-22,18-25,Gold
C07341,Hyderabad,2025-01-14,18-25,Silver
C07342,Bangalore,2024-07-12,18-25,Platinum
C07343,Mumbai,2025-05-09,36-45,Silver
C07344,Bangalore,2025-06-20,46-60,Gold
C07345,Bangalore,2025-09-28,36-45,Silver
C07346,Chennai,2025-05-09,36-45,Gold
C07347,Bangalore,2024-10-28,18-25,Silver
C07348,Hyderabad,2026-03-28,36-45,Gold
C07349,Delhi,2024-12-18,18-25,Silver
C07350,Chennai,2024-09-03,36-45,Silver
C07351,Chennai,2024-10-03,18-25,Silver
C07352,Hyderabad,2024-09-02,36-45,Silver
C07353,Delhi,2024-10-05,18-25,Silver
C07354,Hyderabad,2025-03-20,36-45,Silver
C07355,Bangalore,2026-04-20,26-35,Silver
C07356,Mumbai,2025-01-22,36-45,Silver
C07357,Bangalore,2024-09-20,36-45,Gold
C07358,Hyderabad,2024-07-29,36-45,Gold
C07359,Mumbai,2024-08-28,26-35,Silver
C07360,Delhi,2024-10-30,18-25,Gold
C07361,Mumbai,2024-06-03,46-60,Silver
C07362,Delhi,2025-01-22,18-25,Silver
C07363,Bangalore,2025-01-09,46-60,Gold
C07364,Chennai,2025-06-08,36-45,Gold
C07365,Delhi,2024-11-02,18-25,Silver
C07366,Bangalore,2025-08-08,26-35,Silver
C07367,Delhi,2025-12-06,36-45,Silver
C07368,Hyderabad,2025-08-30,36-45,Gold
C07369,Delhi,2025-10-10,26-35,Silver
C07370,Bangalore,2025-10-31,36-45,Silver
C07371,Mumbai,2025-10-03,36-45,Silver
C07372,Chennai,2024-11-12,36-45,Gold
C07373,Bangalore,2025-11-29,36-45,Silver
C07374,Mumbai,2026-03-01,26-35,Platinum
C07375,Chennai,2025-06-13,26-35,Silver
C07376,Bangalore,2025-03-15,18-25,Silver
C07377,Delhi,2025-04-21,26-35,Gold
C07378,Hyderabad,2025-08-01,18-25,Silver
C07379,Mumbai,2024-11-07,18-25,Gold
C07380,Mumbai,2025-05-28,18-25,Silver
C07381,Hyderabad,2025-11-13,46-60,Silver
C07382,Mumbai,2025-02-01,36-45,Platinum
C07383,Bangalore,2024-05-31,36-45,Silver
C07384,Delhi,2025-08-06,18-25,Platinum
C07385,Hyderabad,2025-06-15,26-35,Silver
C07386,Bangalore,2025-11-14,18-25,Silver
C07387,Mumbai,2026-02-19,46-60,Gold
C07388,Bangalore,2026-04-05,46-60,Silver
C07389,Mumbai,2025-10-21,46-60,Silver
C07390,Hyderabad,2025-05-15,26-35,Silver
C07391,Mumbai,2025-10-15,26-35,Gold
C07392,Hyderabad,2025-10-15,26-35,Silver
C07393,Mumbai,2025-02-09,26-35,Silver
C07394,Delhi,2025-11-09,18-25,Silver
C07395,Bangalore,2024-10-04,46-60,Silver
C07396,Bangalore,2025-01-14,36-45,Silver
C07397,Mumbai,2025-01-22,18-25,Silver
C07398,Mumbai,2024-10-20,26-35,Gold
C07399,Chennai,2024-10-04,18-25,Silver
C07400,Mumbai,2025-07-25,26-35,Silver
C07401,Bangalore,2025-10-29,46-60,Gold
C07402,Mumbai,2025-09-23,36-45,Silver
C07403,Bangalore,2024-08-14,46-60,Silver
C07404,Mumbai,2024-10-10,18-25,Silver
C07405,Chennai,2026-03-02,46-60,Gold
C07406,Hyderabad,2026-03-26,18-25,Platinum
C07407,Hyderabad,2026-01-27,18-25,Gold
C07408,Hyderabad,2025-01-21,46-60,Gold
C07409,Chennai,2025-11-03,18-25,Gold
C07410,Bangalore,2025-09-06,26-35,Silver
C07411,Mumbai,2024-08-08,26-35,Silver
C07412,Bangalore,2024-07-20,18-25,Gold
C07413,Delhi,2024-08-07,46-60,Silver
C07414,Bangalore,2026-04-14,26-35,Silver
C07415,Delhi,2025-12-29,36-45,Gold
C07416,Bangalore,2026-01-27,36-45,Gold
C07417,Delhi,2025-03-12,46-60,Gold
C07418,Delhi,2025-07-15,26-35,Silver
C07419,Mumbai,2024-12-03,46-60,Gold
C07420,Hyderabad,2026-01-22,36-45,Gold
C07421,Bangalore,2025-05-02,26-35,Silver
C07422,Bangalore,2025-09-28,36-45,Platinum
C07423,Mumbai,2025-03-24,26-35,Silver
C07424,Mumbai,2024-07-11,18-25,Silver
C07425,Hyderabad,2024-07-30,46-60,Gold
C07426,Mumbai,2024-07-21,18-25,Platinum
C07427,Delhi,2025-02-19,18-25,Silver
C07428,Bangalore,2025-12-20,26-35,Silver
C07429,Bangalore,2024-05-22,18-25,Gold
C07430,Chennai,2025-10-11,26-35,Silver
C07431,Mumbai,2025-09-18,26-35,Platinum
C07432,Delhi,2024-07-23,36-45,Gold
C07433,Hyderabad,2026-04-20,36-45,Silver
C07434,Delhi,2024-10-05,46-60,Silver
C07435,Hyderabad,2026-04-23,18-25,Silver
C07436,Hyderabad,2025-10-29,26-35,Silver
C07437,Hyderabad,2025-08-25,18-25,Gold
C07438,Bangalore,2024-10-23,18-25,Platinum
C07439,Bangalore,2025-12-24,26-35,Gold
C07440,Chennai,2026-03-26,46-60,Silver
C07441,Mumbai,2025-04-22,18-25,Silver
C07442,Hyderabad,2025-03-14,26-35,Silver
C07443,Bangalore,2026-05-04,46-60,Gold
C07444,Mumbai,2026-01-19,46-60,Gold
C07445,Mumbai,2024-05-24,36-45,Silver
C07446,Bangalore,2025-05-08,26-35,Gold
C07447,Chennai,2025-03-27,36-45,Gold
C07448,Mumbai,2025-12-24,36-45,Silver
C07449,Hyderabad,2025-06-04,26-35,Silver
C07450,Chennai,2025-04-05,46-60,Silver
C07451,Delhi,2025-07-09,46-60,Gold
C07452,Hyderabad,2026-04-06,46-60,Gold
C07453,Delhi,2024-10-11,36-45,Silver
C07454,Mumbai,2026-02-24,18-25,Silver
C07455,Chennai,2025-01-17,36-45,Silver
C07456,Mumbai,2025-01-18,36-45,Silver
C07457,Hyderabad,2025-05-18,46-60,Silver
C07458,Chennai,2026-01-30,36-45,Silver
C07459,Delhi,2025-11-19,18-25,Silver
C07460,Delhi,2024-09-25,18-25,Gold
C07461,Hyderabad,2024-09-14,36-45,Gold
C07462,Bangalore,2024-12-06,18-25,Silver
C07463,Delhi,2026-02-26,26-35,Gold
C07464,Mumbai,2025-12-13,18-25,Platinum
C07465,Delhi,2024-11-20,18-25,Silver
C07466,Chennai,2025-02-12,26-35,Silver
C07467,Delhi,2024-12-15,36-45,Silver
C07468,Mumbai,2025-12-10,26-35,Silver
C07469,Delhi,2024-11-25,46-60,Silver
C07470,Mumbai,2025-01-13,46-60,Silver
C07471,Bangalore,2025-09-23,18-25,Silver
C07472,Delhi,2025-11-30,46-60,Gold
C07473,Bangalore,2026-01-03,36-45,Silver
C07474,Delhi,2024-06-23,26-35,Silver
C07475,Bangalore,2024-10-04,18-25,Silver
C07476,Hyderabad,2024-12-23,26-35,Silver
C07477,Hyderabad,2025-04-14,18-25,Platinum
C07478,Hyderabad,2024-05-20,26-35,Silver
C07479,Bangalore,2024-06-17,18-25,Silver
C07480,Bangalore,2026-04-07,46-60,Silver
C07481,Delhi,2025-12-14,18-25,Gold
C07482,Hyderabad,2025-11-22,18-25,Silver
C07483,Mumbai,2024-07-11,18-25,Silver
C07484,Mumbai,2025-01-24,36-45,Silver
C07485,Bangalore,2026-02-14,26-35,Silver
C07486,Bangalore,2024-08-29,26-35,Silver
C07487,Hyderabad,2025-09-18,26-35,Gold
C07488,Bangalore,2025-04-14,46-60,Silver
C07489,Delhi,2026-04-27,36-45,Silver
C07490,Chennai,2025-07-29,18-25,Silver
C07491,Delhi,2024-10-13,36-45,Silver
C07492,Chennai,2025-01-25,26-35,Gold
C07493,Chennai,2025-07-22,26-35,Silver
C07494,Bangalore,2024-05-30,18-25,Silver
C07495,Hyderabad,2025-03-16,26-35,Platinum
C07496,Delhi,2024-07-26,46-60,Silver
C07497,Mumbai,2025-10-20,36-45,Silver
C07498,Chennai,2025-08-13,26-35,Gold
C07499,Hyderabad,2026-03-03,46-60,Gold
C07500,Mumbai,2025-04-03,46-60,Gold
C07501,Chennai,2025-02-20,26-35,Gold
C07502,Hyderabad,2025-04-10,26-35,Gold
C07503,Chennai,2024-11-04,18-25,Gold
C07504,Chennai,2026-01-01,26-35,Silver
C07505,Mumbai,2026-02-15,46-60,Silver
C07506,Bangalore,2024-08-24,26-35,Silver
C07507,Hyderabad,2025-07-01,18-25,Gold
C07508,Bangalore,2025-08-14,36-45,Gold
C07509,Bangalore,2026-01-13,26-35,Silver
C07510,Hyderabad,2025-05-12,46-60,Silver
C07511,Mumbai,2026-04-19,26-35,Gold
C07512,Mumbai,2024-09-23,26-35,Silver
C07513,Mumbai,2025-10-05,18-25,Silver
C07514,Mumbai,2025-02-20,26-35,Gold
C07515,Chennai,2025-04-28,26-35,Gold
C07516,Chennai,2024-05-22,18-25,Gold
C07517,Mumbai,2025-08-06,18-25,Silver
C07518,Bangalore,2026-05-03,18-25,Silver
C07519,Bangalore,2026-04-23,18-25,Silver
C07520,Chennai,2026-04-15,46-60,Silver
C07521,Hyderabad,2025-05-22,26-35,Platinum
C07522,Hyderabad,2025-06-21,18-25,Silver
C07523,Bangalore,2025-06-15,46-60,Silver
C07524,Hyderabad,2024-10-20,36-45,Gold
C07525,Delhi,2025-03-11,26-35,Silver
C07526,Chennai,2024-05-16,46-60,Silver
C07527,Bangalore,2024-06-13,36-45,Silver
C07528,Mumbai,2025-03-09,36-45,Platinum
C07529,Hyderabad,2025-04-24,46-60,Platinum
C07530,Hyderabad,2026-05-13,36-45,Silver
C07531,Hyderabad,2024-12-01,46-60,Silver
C07532,Delhi,2025-09-24,18-25,Silver
C07533,Chennai,2024-07-06,36-45,Silver
C07534,Chennai,2025-03-09,36-45,Platinum
C07535,Chennai,2025-05-28,46-60,Gold
C07536,Chennai,2025-03-16,26-35,Silver
C07537,Mumbai,2024-08-12,46-60,Silver
C07538,Delhi,2024-06-23,46-60,Silver
C07539,Delhi,2025-05-06,46-60,Silver
C07540,Chennai,2024-11-28,36-45,Silver
C07541,Delhi,2025-11-20,36-45,Platinum
C07542,Chennai,2024-06-27,36-45,Gold
C07543,Mumbai,2025-12-03,46-60,Gold
C07544,Mumbai,2025-09-02,18-25,Silver
C07545,Hyderabad,2024-09-13,18-25,Platinum
C07546,Mumbai,2025-07-11,18-25,Silver
C07547,Delhi,2026-04-22,18-25,Silver
C07548,Delhi,2024-06-09,26-35,Gold
C07549,Delhi,2025-02-22,46-60,Silver
C07550,Mumbai,2025-10-31,26-35,Silver
C07551,Mumbai,2025-07-16,18-25,Gold
C07552,Chennai,2024-06-14,18-25,Silver
C07553,Delhi,2024-08-29,26-35,Platinum
C07554,Bangalore,2026-03-10,36-45,Silver
C07555,Delhi,2025-04-08,26-35,Gold
C07556,Chennai,2025-11-06,26-35,Silver
C07557,Delhi,2025-08-10,36-45,Silver
C07558,Hyderabad,2025-04-27,18-25,Silver
C07559,Hyderabad,2024-05-31,46-60,Gold
C07560,Bangalore,2024-10-28,46-60,Silver
C07561,Hyderabad,2025-06-16,26-35,Silver
C07562,Delhi,2024-07-09,26-35,Silver
C07563,Bangalore,2024-09-15,26-35,Gold
C07564,Chennai,2024-06-22,18-25,Gold
C07565,Chennai,2026-04-30,26-35,Gold
C07566,Bangalore,2024-12-28,18-25,Silver
C07567,Mumbai,2025-12-09,18-25,Platinum
C07568,Bangalore,2026-01-22,46-60,Silver
C07569,Hyderabad,2024-10-19,46-60,Gold
C07570,Delhi,2025-07-05,26-35,Silver
C07571,Mumbai,2024-06-06,36-45,Silver
C07572,Mumbai,2025-11-22,46-60,Silver
C07573,Hyderabad,2025-08-13,46-60,Silver
C07574,Delhi,2025-07-26,18-25,Silver
C07575,Chennai,2025-05-03,26-35,Gold
C07576,Delhi,2025-03-05,18-25,Silver
C07577,Chennai,2026-01-30,46-60,Gold
C07578,Mumbai,2025-01-04,46-60,Gold
C07579,Delhi,2024-07-22,18-25,Silver
C07580,Mumbai,2024-05-26,46-60,Gold
C07581,Chennai,2025-11-06,18-25,Silver
C07582,Bangalore,2024-09-26,26-35,Silver
C07583,Mumbai,2025-11-08,26-35,Gold
C07584,Hyderabad,2024-09-10,18-25,Silver
C07585,Hyderabad,2024-06-05,18-25,Gold
C07586,Mumbai,2025-06-01,18-25,Gold
C07587,Delhi,2025-05-30,18-25,Silver
C07588,Delhi,2025-02-20,26-35,Gold
C07589,Delhi,2024-08-14,26-35,Gold
C07590,Chennai,2025-04-09,26-35,Gold
C07591,Delhi,2026-02-23,26-35,Silver
C07592,Chennai,2025-07-26,36-45,Gold
C07593,Mumbai,2024-05-20,18-25,Gold
C07594,Delhi,2025-05-10,46-60,Gold
C07595,Delhi,2026-03-27,26-35,Silver
C07596,Hyderabad,2024-08-05,46-60,Silver
C07597,Bangalore,2026-05-05,18-25,Gold
C07598,Bangalore,2025-06-15,26-35,Gold
C07599,Chennai,2025-11-19,46-60,Silver
C07600,Bangalore,2026-05-03,46-60,Silver
C07601,Delhi,2025-07-09,18-25,Silver
C07602,Hyderabad,2024-09-03,36-45,Gold
C07603,Chennai,2025-12-28,46-60,Gold
C07604,Hyderabad,2024-05-21,46-60,Silver
C07605,Hyderabad,2024-10-23,18-25,Silver
C07606,Bangalore,2026-05-09,46-60,Platinum
C07607,Bangalore,2024-11-30,46-60,Gold
C07608,Mumbai,2025-09-20,18-25,Gold
C07609,Chennai,2026-01-27,46-60,Silver
C07610,Delhi,2026-01-08,46-60,Gold
C07611,Bangalore,2025-05-18,26-35,Silver
C07612,Delhi,2025-01-08,36-45,Platinum
C07613,Mumbai,2025-08-08,36-45,Silver
C07614,Mumbai,2024-08-02,46-60,Gold
C07615,Mumbai,2024-09-08,26-35,Silver
C07616,Delhi,2024-07-22,46-60,Gold
C07617,Hyderabad,2025-11-20,26-35,Silver
C07618,Hyderabad,2026-03-14,46-60,Silver
C07619,Chennai,2026-01-05,18-25,Gold
C07620,Chennai,2026-05-11,26-35,Silver
C07621,Bangalore,2026-02-01,18-25,Platinum
C07622,Mumbai,2025-01-25,36-45,Gold
C07623,Bangalore,2025-05-29,18-25,Silver
C07624,Bangalore,2026-03-14,36-45,Silver
C07625,Mumbai,2025-04-20,36-45,Silver
C07626,Delhi,2026-03-19,26-35,Gold
C07627,Hyderabad,2025-06-26,26-35,Silver
C07628,Delhi,2024-10-07,46-60,Silver
C07629,Delhi,2025-07-02,46-60,Silver
C07630,Chennai,2025-11-02,18-25,Silver
C07631,Bangalore,2026-04-19,46-60,Silver
C07632,Hyderabad,2025-04-27,18-25,Gold
C07633,Delhi,2024-10-18,18-25,Silver
C07634,Hyderabad,2026-02-22,26-35,Gold
C07635,Bangalore,2025-03-28,36-45,Silver
C07636,Hyderabad,2025-09-11,26-35,Silver
C07637,Delhi,2024-11-03,46-60,Silver
C07638,Bangalore,2024-09-28,18-25,Silver
C07639,Bangalore,2024-05-18,46-60,Gold
C07640,Hyderabad,2024-10-05,46-60,Silver
C07641,Chennai,2026-02-10,36-45,Silver
C07642,Delhi,2024-09-13,18-25,Silver
C07643,Delhi,2025-08-20,46-60,Silver
C07644,Mumbai,2024-05-28,18-25,Gold
C07645,Hyderabad,2025-05-26,18-25,Gold
C07646,Chennai,2025-01-01,46-60,Gold
C07647,Hyderabad,2025-04-16,46-60,Platinum
C07648,Hyderabad,2025-09-09,18-25,Silver
C07649,Chennai,2024-11-09,26-35,Platinum
C07650,Mumbai,2025-06-23,18-25,Silver
C07651,Chennai,2025-04-17,36-45,Silver
C07652,Delhi,2024-09-08,18-25,Gold
C07653,Bangalore,2025-02-10,46-60,Silver
C07654,Mumbai,2025-02-21,26-35,Gold
C07655,Bangalore,2026-03-11,18-25,Gold
C07656,Hyderabad,2026-02-05,26-35,Silver
C07657,Delhi,2024-05-24,36-45,Platinum
C07658,Chennai,2024-08-09,26-35,Silver
C07659,Chennai,2024-08-12,46-60,Silver
C07660,Delhi,2025-06-08,18-25,Silver
C07661,Mumbai,2025-10-18,26-35,Silver
C07662,Hyderabad,2025-10-31,46-60,Platinum
C07663,Bangalore,2024-09-18,36-45,Platinum
C07664,Hyderabad,2026-02-07,26-35,Silver
C07665,Chennai,2026-03-07,26-35,Gold
C07666,Delhi,2024-08-14,26-35,Gold
C07667,Bangalore,2025-02-20,36-45,Silver
C07668,Chennai,2025-07-17,18-25,Silver
C07669,Chennai,2024-09-13,36-45,Platinum
C07670,Mumbai,2026-01-29,18-25,Silver
C07671,Hyderabad,2025-08-05,26-35,Platinum
C07672,Mumbai,2025-12-30,46-60,Silver
C07673,Mumbai,2024-08-09,26-35,Silver
C07674,Hyderabad,2025-07-17,36-45,Platinum
C07675,Delhi,2026-03-09,36-45,Platinum
C07676,Bangalore,2024-12-11,18-25,Gold
C07677,Delhi,2026-01-31,26-35,Silver
C07678,Hyderabad,2024-08-08,26-35,Gold
C07679,Hyderabad,2026-01-04,36-45,Silver
C07680,Hyderabad,2024-09-04,26-35,Platinum
C07681,Hyderabad,2025-09-22,26-35,Platinum
C07682,Delhi,2024-11-26,18-25,Silver
C07683,Mumbai,2025-12-15,36-45,Silver
C07684,Bangalore,2025-02-15,36-45,Silver
C07685,Bangalore,2026-03-15,36-45,Silver
C07686,Mumbai,2024-11-28,18-25,Platinum
C07687,Hyderabad,2026-03-05,26-35,Platinum
C07688,Mumbai,2025-06-18,36-45,Platinum
C07689,Delhi,2024-12-10,46-60,Gold
C07690,Mumbai,2025-02-02,36-45,Silver
C07691,Bangalore,2024-06-16,18-25,Silver
C07692,Delhi,2025-10-09,46-60,Silver
C07693,Delhi,2025-01-18,26-35,Silver
C07694,Mumbai,2025-12-21,18-25,Platinum
C07695,Hyderabad,2024-08-14,26-35,Silver
C07696,Delhi,2024-11-18,18-25,Silver
C07697,Delhi,2025-09-24,36-45,Platinum
C07698,Mumbai,2024-11-13,18-25,Gold
C07699,Hyderabad,2026-02-12,46-60,Silver
C07700,Chennai,2025-09-30,18-25,Gold
C07701,Mumbai,2024-07-12,18-25,Gold
C07702,Bangalore,2024-10-12,36-45,Silver
C07703,Mumbai,2025-12-30,36-45,Silver
C07704,Delhi,2024-12-29,36-45,Platinum
C07705,Chennai,2024-12-19,46-60,Silver
C07706,Mumbai,2024-05-29,46-60,Platinum
C07707,Chennai,2026-03-03,26-35,Gold
C07708,Mumbai,2025-09-05,46-60,Silver
C07709,Delhi,2024-09-02,26-35,Silver
C07710,Hyderabad,2024-10-29,36-45,Silver
C07711,Bangalore,2026-03-09,36-45,Silver
C07712,Hyderabad,2025-02-02,46-60,Silver
C07713,Mumbai,2026-04-08,26-35,Silver
C07714,Chennai,2025-05-24,18-25,Silver
C07715,Hyderabad,2026-05-12,26-35,Platinum
C07716,Mumbai,2025-10-30,18-25,Gold
C07717,Mumbai,2025-06-03,46-60,Gold
C07718,Delhi,2026-02-21,26-35,Gold
C07719,Delhi,2024-09-27,46-60,Silver
C07720,Delhi,2025-03-10,36-45,Platinum
C07721,Hyderabad,2026-04-05,46-60,Gold
C07722,Mumbai,2024-05-20,36-45,Silver
C07723,Chennai,2026-04-17,26-35,Silver
C07724,Delhi,2025-03-19,36-45,Silver
C07725,Bangalore,2025-03-25,18-25,Silver
C07726,Hyderabad,2026-02-06,18-25,Gold
C07727,Delhi,2025-02-15,18-25,Gold
C07728,Bangalore,2024-08-25,26-35,Silver
C07729,Chennai,2026-04-08,36-45,Gold
C07730,Delhi,2025-02-08,26-35,Silver
C07731,Hyderabad,2025-05-26,36-45,Silver
C07732,Bangalore,2024-11-21,26-35,Silver
C07733,Delhi,2024-08-21,36-45,Gold
C07734,Mumbai,2025-06-22,18-25,Silver
C07735,Bangalore,2025-12-20,46-60,Silver
C07736,Mumbai,2024-10-17,46-60,Gold
C07737,Delhi,2025-03-04,18-25,Silver
C07738,Bangalore,2025-08-19,46-60,Silver
C07739,Bangalore,2025-05-21,18-25,Gold
C07740,Bangalore,2025-03-28,18-25,Silver
C07741,Hyderabad,2025-06-01,36-45,Silver
C07742,Mumbai,2024-08-14,36-45,Gold
C07743,Delhi,2025-11-02,26-35,Gold
C07744,Mumbai,2024-12-21,18-25,Silver
C07745,Mumbai,2026-04-05,46-60,Silver
C07746,Bangalore,2026-03-30,26-35,Silver
C07747,Mumbai,2025-01-19,46-60,Gold
C07748,Mumbai,2025-01-10,36-45,Silver
C07749,Bangalore,2025-12-16,36-45,Silver
C07750,Chennai,2024-10-11,36-45,Silver
C07751,Hyderabad,2025-02-13,18-25,Gold
C07752,Hyderabad,2024-11-26,46-60,Silver
C07753,Delhi,2024-09-25,46-60,Silver
C07754,Mumbai,2026-01-09,36-45,Silver
C07755,Chennai,2026-04-25,18-25,Silver
C07756,Mumbai,2025-07-29,46-60,Silver
C07757,Delhi,2024-08-30,46-60,Silver
C07758,Hyderabad,2025-05-06,26-35,Silver
C07759,Delhi,2024-12-11,36-45,Silver
C07760,Chennai,2025-07-23,46-60,Silver
C07761,Hyderabad,2026-03-19,18-25,Gold
C07762,Bangalore,2026-04-08,18-25,Gold
C07763,Bangalore,2024-07-07,46-60,Platinum
C07764,Hyderabad,2025-08-30,26-35,Silver
C07765,Bangalore,2026-02-23,36-45,Silver
C07766,Delhi,2024-09-29,18-25,Silver
C07767,Chennai,2024-06-07,46-60,Silver
C07768,Mumbai,2025-07-25,18-25,Gold
C07769,Mumbai,2025-05-06,36-45,Gold
C07770,Chennai,2026-03-01,46-60,Silver
C07771,Bangalore,2024-12-01,46-60,Silver
C07772,Bangalore,2024-07-21,46-60,Gold
C07773,Hyderabad,2025-08-02,36-45,Gold
C07774,Bangalore,2026-03-11,18-25,Silver
C07775,Chennai,2024-06-18,36-45,Silver
C07776,Chennai,2025-07-07,46-60,Gold
C07777,Delhi,2025-06-06,26-35,Silver
C07778,Delhi,2026-01-22,46-60,Silver
C07779,Delhi,2026-05-15,36-45,Silver
C07780,Delhi,2024-06-07,26-35,Silver
C07781,Hyderabad,2024-10-19,18-25,Silver
C07782,Bangalore,2025-08-14,18-25,Silver
C07783,Bangalore,2026-04-08,26-35,Silver
C07784,Hyderabad,2026-05-02,18-25,Gold
C07785,Delhi,2026-04-01,36-45,Silver
C07786,Mumbai,2025-10-22,26-35,Silver
C07787,Delhi,2026-03-19,26-35,Gold
C07788,Bangalore,2025-05-09,36-45,Silver
C07789,Bangalore,2026-01-24,26-35,Silver
C07790,Chennai,2025-02-25,36-45,Silver
C07791,Mumbai,2025-03-14,26-35,Silver
C07792,Chennai,2026-01-09,46-60,Silver
C07793,Mumbai,2025-11-12,46-60,Silver
C07794,Chennai,2025-08-17,46-60,Silver
C07795,Chennai,2025-10-22,18-25,Gold
C07796,Chennai,2026-03-22,46-60,Silver
C07797,Chennai,2025-01-02,36-45,Silver
C07798,Bangalore,2025-08-25,26-35,Silver
C07799,Bangalore,2025-12-07,36-45,Platinum
C07800,Hyderabad,2024-11-19,46-60,Silver
C07801,Mumbai,2024-11-26,36-45,Silver
C07802,Hyderabad,2025-10-05,46-60,Silver
C07803,Delhi,2025-11-10,26-35,Gold
C07804,Mumbai,2026-01-05,36-45,Silver
C07805,Bangalore,2024-08-13,18-25,Silver
C07806,Chennai,2025-01-03,46-60,Silver
C07807,Delhi,2026-01-23,36-45,Silver
C07808,Chennai,2025-03-17,26-35,Gold
C07809,Chennai,2025-02-25,18-25,Silver
C07810,Delhi,2024-07-24,36-45,Silver
C07811,Bangalore,2024-06-23,36-45,Silver
C07812,Chennai,2026-02-27,26-35,Gold
C07813,Chennai,2025-06-29,46-60,Silver
C07814,Chennai,2025-09-21,36-45,Silver
C07815,Bangalore,2024-10-30,46-60,Silver
C07816,Chennai,2025-03-08,26-35,Silver
C07817,Bangalore,2024-12-28,36-45,Silver
C07818,Mumbai,2025-10-08,36-45,Silver
C07819,Delhi,2025-03-01,26-35,Silver
C07820,Delhi,2024-12-21,46-60,Silver
C07821,Chennai,2025-07-09,36-45,Silver
C07822,Hyderabad,2026-01-18,36-45,Gold
C07823,Chennai,2025-05-02,36-45,Gold
C07824,Hyderabad,2025-04-17,36-45,Silver
C07825,Bangalore,2026-05-12,26-35,Silver
C07826,Bangalore,2024-08-04,36-45,Silver
C07827,Chennai,2025-07-21,36-45,Silver
C07828,Bangalore,2026-01-01,36-45,Silver
C07829,Chennai,2025-01-03,26-35,Silver
C07830,Hyderabad,2025-12-01,26-35,Silver
C07831,Bangalore,2025-11-17,26-35,Silver
C07832,Chennai,2026-01-26,36-45,Silver
C07833,Mumbai,2025-01-21,26-35,Gold
C07834,Chennai,2025-03-22,36-45,Silver
C07835,Hyderabad,2025-09-10,36-45,Platinum
C07836,Hyderabad,2025-05-24,26-35,Silver
C07837,Bangalore,2026-05-09,46-60,Silver
C07838,Hyderabad,2025-02-24,26-35,Gold
C07839,Bangalore,2025-09-19,36-45,Silver
C07840,Chennai,2024-08-10,36-45,Gold
C07841,Chennai,2024-08-09,26-35,Gold
C07842,Mumbai,2024-11-21,26-35,Gold
C07843,Chennai,2024-07-09,26-35,Silver
C07844,Delhi,2025-02-16,36-45,Silver
C07845,Mumbai,2025-05-14,26-35,Silver
C07846,Delhi,2025-06-25,18-25,Silver
C07847,Delhi,2024-09-20,36-45,Silver
C07848,Delhi,2026-05-15,26-35,Silver
C07849,Delhi,2025-07-12,26-35,Gold
C07850,Mumbai,2025-12-06,26-35,Gold
C07851,Delhi,2025-10-10,26-35,Gold
C07852,Chennai,2026-04-08,26-35,Silver
C07853,Bangalore,2025-11-01,36-45,Platinum
C07854,Chennai,2025-02-24,26-35,Gold
C07855,Hyderabad,2024-08-23,46-60,Silver
C07856,Delhi,2025-07-28,26-35,Gold
C07857,Delhi,2024-11-19,46-60,Gold
C07858,Delhi,2025-06-09,36-45,Gold
C07859,Bangalore,2024-08-14,46-60,Gold
C07860,Mumbai,2026-03-25,18-25,Silver
C07861,Bangalore,2024-06-29,46-60,Silver
C07862,Hyderabad,2026-01-12,26-35,Silver
C07863,Mumbai,2026-01-23,46-60,Gold
C07864,Chennai,2026-02-15,46-60,Gold
C07865,Hyderabad,2026-05-04,46-60,Gold
C07866,Mumbai,2025-04-16,26-35,Gold
C07867,Chennai,2025-09-29,26-35,Silver
C07868,Chennai,2024-10-04,36-45,Silver
C07869,Mumbai,2025-03-04,36-45,Silver
C07870,Delhi,2025-07-09,18-25,Gold
C07871,Chennai,2026-04-20,26-35,Platinum
C07872,Delhi,2025-10-02,36-45,Platinum
C07873,Bangalore,2025-07-06,18-25,Platinum
C07874,Hyderabad,2025-11-22,18-25,Gold
C07875,Chennai,2025-01-06,18-25,Gold
C07876,Delhi,2024-12-10,36-45,Silver
C07877,Bangalore,2025-06-20,18-25,Silver
C07878,Mumbai,2024-12-05,46-60,Silver
C07879,Delhi,2026-02-11,26-35,Gold
C07880,Chennai,2026-04-05,46-60,Silver
C07881,Bangalore,2025-07-27,36-45,Silver
C07882,Hyderabad,2026-01-20,26-35,Silver
C07883,Delhi,2026-04-30,46-60,Silver
C07884,Delhi,2025-04-19,36-45,Gold
C07885,Chennai,2024-05-21,36-45,Silver
C07886,Mumbai,2024-06-12,26-35,Gold
C07887,Delhi,2025-12-18,18-25,Silver
C07888,Hyderabad,2024-05-21,36-45,Gold
C07889,Chennai,2024-07-10,18-25,Silver
C07890,Hyderabad,2025-09-26,36-45,Gold
C07891,Bangalore,2026-02-19,46-60,Silver
C07892,Chennai,2025-03-02,26-35,Platinum
C07893,Mumbai,2025-06-01,18-25,Platinum
C07894,Delhi,2025-08-05,18-25,Silver
C07895,Mumbai,2025-07-14,18-25,Silver
C07896,Chennai,2024-06-21,18-25,Silver
C07897,Bangalore,2026-02-13,18-25,Gold
C07898,Mumbai,2025-04-04,36-45,Silver
C07899,Bangalore,2026-03-29,46-60,Gold
C07900,Hyderabad,2025-03-25,46-60,Silver
C07901,Chennai,2026-03-20,18-25,Gold
C07902,Bangalore,2026-04-23,18-25,Silver
C07903,Delhi,2026-03-22,26-35,Silver
C07904,Delhi,2025-11-07,36-45,Silver
C07905,Chennai,2026-02-11,36-45,Gold
C07906,Chennai,2026-02-22,26-35,Silver
C07907,Bangalore,2026-04-17,26-35,Silver
C07908,Chennai,2025-07-19,36-45,Platinum
C07909,Delhi,2026-03-15,36-45,Silver
C07910,Delhi,2025-11-01,36-45,Gold
C07911,Chennai,2024-05-17,36-45,Gold
C07912,Chennai,2025-05-04,26-35,Gold
C07913,Bangalore,2025-04-23,18-25,Silver
C07914,Mumbai,2026-01-16,36-45,Gold
C07915,Hyderabad,2026-02-13,26-35,Gold
C07916,Chennai,2025-03-20,18-25,Silver
C07917,Mumbai,2024-09-27,36-45,Silver
C07918,Bangalore,2025-10-06,36-45,Silver
C07919,Mumbai,2025-01-06,46-60,Platinum
C07920,Bangalore,2025-05-23,36-45,Silver
C07921,Chennai,2026-01-16,36-45,Silver
C07922,Bangalore,2024-09-07,26-35,Gold
C07923,Hyderabad,2025-11-10,18-25,Silver
C07924,Mumbai,2025-12-07,46-60,Silver
C07925,Chennai,2024-10-10,46-60,Silver
C07926,Hyderabad,2025-07-24,36-45,Silver
C07927,Bangalore,2026-03-24,26-35,Silver
C07928,Delhi,2024-11-17,36-45,Silver
C07929,Mumbai,2025-06-16,46-60,Platinum
C07930,Bangalore,2025-02-03,18-25,Platinum
C07931,Hyderabad,2025-09-05,36-45,Silver
C07932,Mumbai,2025-08-17,26-35,Silver
C07933,Chennai,2025-10-17,36-45,Gold
C07934,Mumbai,2026-03-30,26-35,Gold
C07935,Hyderabad,2025-02-11,36-45,Silver
C07936,Mumbai,2026-01-23,26-35,Gold
C07937,Mumbai,2025-06-10,46-60,Silver
C07938,Delhi,2024-11-21,36-45,Silver
C07939,Delhi,2024-09-02,18-25,Platinum
C07940,Hyderabad,2025-11-20,46-60,Silver
C07941,Bangalore,2025-08-17,26-35,Silver
C07942,Delhi,2025-07-01,26-35,Gold
C07943,Mumbai,2025-03-24,26-35,Gold
C07944,Delhi,2024-06-17,36-45,Gold
C07945,Chennai,2025-08-03,26-35,Gold
C07946,Bangalore,2024-08-09,26-35,Silver
C07947,Chennai,2025-11-01,18-25,Gold
C07948,Chennai,2025-01-18,26-35,Silver
C07949,Mumbai,2024-06-28,36-45,Silver
C07950,Mumbai,2025-07-31,18-25,Platinum
C07951,Chennai,2025-05-06,36-45,Silver
C07952,Hyderabad,2024-08-04,18-25,Silver
C07953,Chennai,2025-07-24,46-60,Silver
C07954,Hyderabad,2025-09-10,18-25,Silver
C07955,Chennai,2026-03-09,18-25,Gold
C07956,Chennai,2024-11-28,46-60,Silver
C07957,Hyderabad,2025-07-01,18-25,Silver
C07958,Chennai,2025-02-11,26-35,Gold
C07959,Hyderabad,2024-07-06,36-45,Silver
C07960,Chennai,2025-08-02,26-35,Silver
C07961,Bangalore,2024-12-25,18-25,Silver
C07962,Bangalore,2024-10-22,46-60,Gold
C07963,Delhi,2024-12-25,46-60,Silver
C07964,Hyderabad,2024-10-23,36-45,Silver
C07965,Bangalore,2025-08-07,46-60,Silver
C07966,Chennai,2026-02-28,26-35,Silver
C07967,Hyderabad,2025-11-03,18-25,Silver
C07968,Delhi,2025-05-27,18-25,Silver
C07969,Delhi,2024-12-16,18-25,Silver
C07970,Hyderabad,2025-12-26,26-35,Silver
C07971,Bangalore,2024-07-12,26-35,Silver
C07972,Hyderabad,2024-08-07,18-25,Silver
C07973,Chennai,2025-05-18,18-25,Silver
C07974,Mumbai,2025-08-08,26-35,Silver
C07975,Bangalore,2025-03-14,26-35,Gold
C07976,Delhi,2024-07-01,46-60,Gold
C07977,Chennai,2026-01-03,46-60,Silver
C07978,Chennai,2026-01-02,46-60,Gold
C07979,Hyderabad,2026-04-14,36-45,Silver
C07980,Bangalore,2026-03-15,18-25,Silver
C07981,Bangalore,2024-05-25,26-35,Silver
C07982,Chennai,2026-04-23,46-60,Silver
C07983,Mumbai,2026-05-10,18-25,Platinum
C07984,Hyderabad,2025-09-12,18-25,Silver
C07985,Bangalore,2024-07-08,26-35,Silver
C07986,Bangalore,2024-12-12,36-45,Silver
C07987,Delhi,2026-01-26,18-25,Silver
C07988,Chennai,2026-04-26,36-45,Gold
C07989,Chennai,2025-08-06,36-45,Silver
C07990,Hyderabad,2025-09-16,26-35,Silver
C07991,Hyderabad,2025-10-02,18-25,Silver
C07992,Chennai,2026-04-01,26-35,Silver
C07993,Chennai,2025-02-12,46-60,Gold
C07994,Chennai,2024-12-04,36-45,Silver
C07995,Delhi,2026-01-31,26-35,Silver
C07996,Chennai,2024-08-09,26-35,Gold
C07997,Chennai,2026-05-08,46-60,Silver
C07998,Bangalore,2025-12-22,18-25,Silver
C07999,Hyderabad,2026-01-22,36-45,Silver
C08000,Chennai,2025-03-24,26-35,Silver
C08001,Hyderabad,2024-06-19,18-25,Silver
C08002,Hyderabad,2025-01-21,18-25,Silver
C08003,Bangalore,2026-04-05,26-35,Silver
C08004,Mumbai,2024-05-26,36-45,Silver
C08005,Delhi,2025-06-08,46-60,Silver
C08006,Mumbai,2025-03-25,46-60,Gold
C08007,Delhi,2024-06-07,46-60,Silver
C08008,Chennai,2026-01-26,36-45,Silver
C08009,Bangalore,2024-09-06,36-45,Silver
C08010,Hyderabad,2026-05-01,26-35,Gold
C08011,Delhi,2024-08-23,46-60,Silver
C08012,Chennai,2025-02-17,18-25,Silver
C08013,Delhi,2025-11-03,36-45,Gold
C08014,Hyderabad,2025-10-08,46-60,Silver
C08015,Chennai,2025-03-11,46-60,Silver
C08016,Bangalore,2025-10-03,26-35,Silver
C08017,Hyderabad,2024-10-12,18-25,Gold
C08018,Hyderabad,2024-08-27,18-25,Silver
C08019,Hyderabad,2025-09-26,46-60,Platinum
C08020,Mumbai,2024-06-25,46-60,Gold
C08021,Bangalore,2025-07-26,26-35,Silver
C08022,Mumbai,2026-04-22,18-25,Silver
C08023,Delhi,2024-08-31,26-35,Silver
C08024,Delhi,2025-08-30,26-35,Silver
C08025,Mumbai,2025-09-27,26-35,Silver
C08026,Chennai,2025-02-13,18-25,Silver
C08027,Bangalore,2025-12-14,36-45,Gold
C08028,Hyderabad,2025-01-23,36-45,Gold
C08029,Bangalore,2024-08-28,46-60,Silver
C08030,Bangalore,2025-04-22,36-45,Silver
C08031,Delhi,2025-04-17,36-45,Silver
C08032,Chennai,2026-02-10,26-35,Silver
C08033,Bangalore,2024-09-22,18-25,Gold
C08034,Delhi,2026-02-07,18-25,Silver
C08035,Bangalore,2024-07-14,26-35,Silver
C08036,Delhi,2026-01-13,46-60,Silver
C08037,Delhi,2025-08-01,36-45,Silver
C08038,Bangalore,2024-10-26,26-35,Silver
C08039,Bangalore,2026-05-02,46-60,Silver
C08040,Mumbai,2025-09-15,26-35,Silver
C08041,Hyderabad,2026-03-12,46-60,Silver
C08042,Bangalore,2026-01-18,18-25,Silver
C08043,Chennai,2025-11-01,46-60,Silver
C08044,Mumbai,2024-06-18,46-60,Gold
C08045,Mumbai,2024-07-14,46-60,Gold
C08046,Mumbai,2025-01-07,18-25,Silver
C08047,Hyderabad,2026-01-12,36-45,Silver
C08048,Delhi,2025-09-23,18-25,Silver
C08049,Hyderabad,2025-01-29,46-60,Silver
C08050,Mumbai,2025-09-26,46-60,Gold
C08051,Delhi,2025-07-13,36-45,Silver
C08052,Hyderabad,2026-04-24,26-35,Silver
C08053,Chennai,2025-01-28,36-45,Platinum
C08054,Mumbai,2025-03-24,46-60,Gold
C08055,Bangalore,2025-02-05,36-45,Platinum
C08056,Mumbai,2025-10-08,18-25,Silver
C08057,Bangalore,2024-09-21,18-25,Silver
C08058,Mumbai,2026-03-24,46-60,Gold
C08059,Hyderabad,2025-04-23,36-45,Gold
C08060,Mumbai,2025-06-02,18-25,Silver
C08061,Hyderabad,2024-07-28,18-25,Silver
C08062,Delhi,2025-09-25,26-35,Gold
C08063,Bangalore,2026-03-31,36-45,Silver
C08064,Bangalore,2024-06-02,18-25,Silver
C08065,Hyderabad,2025-01-27,46-60,Silver
C08066,Mumbai,2024-07-24,46-60,Silver
C08067,Chennai,2025-03-21,18-25,Silver
C08068,Bangalore,2024-11-22,36-45,Gold
C08069,Bangalore,2024-07-13,36-45,Silver
C08070,Hyderabad,2025-10-17,18-25,Silver
C08071,Bangalore,2025-11-24,18-25,Gold
C08072,Chennai,2026-04-14,26-35,Silver
C08073,Hyderabad,2025-12-08,18-25,Silver
C08074,Hyderabad,2025-11-10,26-35,Silver
C08075,Bangalore,2026-02-11,18-25,Gold
C08076,Chennai,2024-07-21,36-45,Gold
C08077,Mumbai,2026-04-08,36-45,Gold
C08078,Mumbai,2026-02-03,26-35,Silver
C08079,Chennai,2024-06-11,18-25,Gold
C08080,Delhi,2025-03-08,26-35,Silver
C08081,Mumbai,2024-08-08,46-60,Silver
C08082,Bangalore,2025-06-29,26-35,Silver
C08083,Delhi,2024-11-06,46-60,Gold
C08084,Chennai,2024-07-06,36-45,Gold
C08085,Mumbai,2024-09-16,36-45,Silver
C08086,Mumbai,2025-03-29,46-60,Gold
C08087,Chennai,2026-03-14,36-45,Silver
C08088,Chennai,2026-05-03,18-25,Silver
C08089,Chennai,2025-09-30,46-60,Silver
C08090,Mumbai,2025-03-21,36-45,Gold
C08091,Hyderabad,2025-03-02,26-35,Silver
C08092,Bangalore,2025-01-25,46-60,Silver
C08093,Bangalore,2025-08-18,46-60,Gold
C08094,Hyderabad,2025-06-29,36-45,Silver
C08095,Hyderabad,2025-04-07,26-35,Silver
C08096,Mumbai,2025-01-31,36-45,Platinum
C08097,Delhi,2026-04-18,26-35,Silver
C08098,Delhi,2025-05-27,18-25,Silver
C08099,Delhi,2025-11-12,36-45,Silver
C08100,Delhi,2025-03-24,18-25,Silver
C08101,Mumbai,2025-01-18,26-35,Silver
C08102,Chennai,2024-06-20,26-35,Silver
C08103,Mumbai,2025-12-06,18-25,Gold
C08104,Delhi,2024-10-01,36-45,Gold
C08105,Chennai,2024-10-13,36-45,Silver
C08106,Delhi,2025-01-20,46-60,Gold
C08107,Delhi,2026-02-18,46-60,Platinum
C08108,Bangalore,2025-09-21,26-35,Silver
C08109,Hyderabad,2026-05-10,26-35,Silver
C08110,Bangalore,2024-09-06,26-35,Silver
C08111,Delhi,2026-05-03,18-25,Silver
C08112,Delhi,2024-07-26,18-25,Gold
C08113,Mumbai,2024-10-29,26-35,Silver
C08114,Mumbai,2025-04-18,26-35,Platinum
C08115,Bangalore,2024-10-21,46-60,Silver
C08116,Chennai,2025-02-28,46-60,Silver
C08117,Chennai,2024-10-25,26-35,Silver
C08118,Delhi,2025-03-23,26-35,Silver
C08119,Mumbai,2025-10-24,46-60,Silver
C08120,Chennai,2025-04-09,46-60,Gold
C08121,Hyderabad,2025-07-28,26-35,Silver
C08122,Delhi,2025-03-23,36-45,Platinum
C08123,Bangalore,2024-09-14,18-25,Platinum
C08124,Chennai,2025-11-06,26-35,Silver
C08125,Bangalore,2026-01-27,46-60,Silver
C08126,Delhi,2024-07-25,18-25,Silver
C08127,Chennai,2025-11-03,26-35,Silver
C08128,Hyderabad,2026-03-09,46-60,Gold
C08129,Mumbai,2025-08-08,18-25,Silver
C08130,Bangalore,2025-08-01,26-35,Silver
C08131,Mumbai,2024-08-28,18-25,Silver
C08132,Mumbai,2024-11-15,46-60,Silver
C08133,Hyderabad,2025-03-12,18-25,Gold
C08134,Bangalore,2025-07-09,18-25,Silver
C08135,Hyderabad,2024-06-11,46-60,Silver
C08136,Bangalore,2025-04-20,46-60,Gold
C08137,Mumbai,2025-11-07,36-45,Silver
C08138,Hyderabad,2024-07-02,18-25,Platinum
C08139,Bangalore,2025-09-15,18-25,Silver
C08140,Delhi,2026-04-20,18-25,Silver
C08141,Delhi,2025-08-30,46-60,Gold
C08142,Bangalore,2025-04-05,18-25,Silver
C08143,Mumbai,2025-10-07,26-35,Silver
C08144,Mumbai,2024-10-16,46-60,Silver
C08145,Chennai,2025-10-15,36-45,Silver
C08146,Mumbai,2025-03-28,36-45,Gold
C08147,Hyderabad,2025-04-15,46-60,Silver
C08148,Bangalore,2025-11-09,46-60,Silver
C08149,Delhi,2025-02-07,18-25,Silver
C08150,Delhi,2025-09-20,26-35,Gold
C08151,Bangalore,2024-12-17,36-45,Silver
C08152,Hyderabad,2026-01-13,36-45,Silver
C08153,Hyderabad,2026-04-17,46-60,Platinum
C08154,Hyderabad,2025-03-04,18-25,Silver
C08155,Hyderabad,2025-08-14,36-45,Silver
C08156,Hyderabad,2024-10-31,46-60,Platinum
C08157,Mumbai,2026-01-19,26-35,Silver
C08158,Hyderabad,2024-10-16,26-35,Gold
C08159,Hyderabad,2024-10-31,26-35,Silver
C08160,Delhi,2026-01-19,46-60,Silver
C08161,Mumbai,2024-10-06,26-35,Platinum
C08162,Mumbai,2024-06-14,46-60,Silver
C08163,Delhi,2025-01-20,46-60,Gold
C08164,Delhi,2024-12-27,36-45,Silver
C08165,Chennai,2025-05-13,18-25,Gold
C08166,Chennai,2026-02-25,46-60,Silver
C08167,Bangalore,2025-10-26,36-45,Silver
C08168,Delhi,2025-04-22,46-60,Gold
C08169,Chennai,2024-07-31,36-45,Gold
C08170,Bangalore,2024-05-28,18-25,Silver
C08171,Bangalore,2025-02-17,18-25,Gold
C08172,Delhi,2026-01-30,26-35,Silver
C08173,Delhi,2024-05-17,46-60,Silver
C08174,Bangalore,2024-11-10,26-35,Gold
C08175,Chennai,2025-09-30,46-60,Silver
C08176,Mumbai,2025-05-21,36-45,Silver
C08177,Hyderabad,2025-07-31,36-45,Silver
C08178,Chennai,2025-01-21,36-45,Silver
C08179,Mumbai,2025-09-08,46-60,Gold
C08180,Delhi,2024-11-13,46-60,Silver
C08181,Mumbai,2024-06-23,18-25,Silver
C08182,Hyderabad,2026-04-16,36-45,Silver
C08183,Delhi,2025-06-28,26-35,Silver
C08184,Mumbai,2025-03-29,18-25,Silver
C08185,Mumbai,2025-07-13,36-45,Platinum
C08186,Bangalore,2025-12-19,36-45,Silver
C08187,Hyderabad,2024-05-29,18-25,Silver
C08188,Bangalore,2025-10-21,18-25,Silver
C08189,Bangalore,2025-02-03,46-60,Silver
C08190,Mumbai,2026-01-27,36-45,Silver
C08191,Chennai,2025-03-13,26-35,Silver
C08192,Mumbai,2026-01-03,46-60,Gold
C08193,Chennai,2026-01-27,26-35,Silver
C08194,Bangalore,2025-09-27,26-35,Silver
C08195,Bangalore,2025-09-13,46-60,Silver
C08196,Delhi,2025-03-11,26-35,Gold
C08197,Chennai,2025-10-21,46-60,Silver
C08198,Delhi,2026-02-20,18-25,Gold
C08199,Hyderabad,2026-04-16,46-60,Platinum
C08200,Mumbai,2024-11-24,26-35,Silver
C08201,Bangalore,2025-05-04,46-60,Silver
C08202,Mumbai,2025-07-05,26-35,Silver
C08203,Chennai,2025-04-23,36-45,Silver
C08204,Delhi,2025-02-03,18-25,Silver
C08205,Hyderabad,2026-05-15,26-35,Silver
C08206,Delhi,2025-08-14,26-35,Silver
C08207,Bangalore,2025-06-08,26-35,Silver
C08208,Hyderabad,2025-04-30,36-45,Gold
C08209,Hyderabad,2025-06-27,18-25,Gold
C08210,Delhi,2025-12-09,46-60,Gold
C08211,Mumbai,2025-03-22,36-45,Gold
C08212,Hyderabad,2025-08-04,18-25,Gold
C08213,Chennai,2025-05-19,26-35,Gold
C08214,Mumbai,2025-01-26,26-35,Silver
C08215,Delhi,2024-06-22,46-60,Silver
C08216,Mumbai,2026-02-18,18-25,Silver
C08217,Delhi,2025-09-19,18-25,Gold
C08218,Delhi,2024-10-06,46-60,Silver
C08219,Delhi,2024-07-10,46-60,Silver
C08220,Mumbai,2025-09-01,46-60,Gold
C08221,Mumbai,2026-03-13,36-45,Silver
C08222,Bangalore,2024-12-01,18-25,Silver
C08223,Bangalore,2024-06-18,36-45,Gold
C08224,Hyderabad,2026-03-31,26-35,Platinum
C08225,Mumbai,2024-08-11,26-35,Gold
C08226,Hyderabad,2026-03-01,46-60,Silver
C08227,Mumbai,2025-12-19,18-25,Silver
C08228,Delhi,2025-01-26,46-60,Platinum
C08229,Bangalore,2024-07-03,18-25,Gold
C08230,Bangalore,2025-10-31,18-25,Silver
C08231,Chennai,2026-04-03,18-25,Gold
C08232,Delhi,2024-10-23,46-60,Gold
C08233,Bangalore,2025-04-09,36-45,Silver
C08234,Delhi,2025-04-07,26-35,Platinum
C08235,Mumbai,2024-06-26,18-25,Platinum
C08236,Chennai,2025-12-30,18-25,Silver
C08237,Hyderabad,2025-07-08,18-25,Gold
C08238,Mumbai,2026-03-15,46-60,Platinum
C08239,Delhi,2024-09-10,36-45,Gold
C08240,Delhi,2024-11-01,46-60,Silver
C08241,Hyderabad,2025-07-28,36-45,Silver
C08242,Bangalore,2025-04-27,18-25,Silver
C08243,Delhi,2025-10-26,36-45,Platinum
C08244,Bangalore,2025-01-24,36-45,Silver
C08245,Chennai,2026-01-14,26-35,Gold
C08246,Mumbai,2024-09-27,26-35,Silver
C08247,Chennai,2024-09-21,26-35,Silver
C08248,Delhi,2024-08-16,18-25,Silver
C08249,Chennai,2024-12-14,18-25,Silver
C08250,Delhi,2025-02-05,36-45,Silver
C08251,Delhi,2025-08-07,46-60,Silver
C08252,Bangalore,2025-02-28,26-35,Gold
C08253,Chennai,2024-07-01,18-25,Silver
C08254,Delhi,2026-04-16,26-35,Gold
C08255,Bangalore,2025-05-04,18-25,Silver
C08256,Chennai,2025-05-08,46-60,Gold
C08257,Mumbai,2025-01-30,26-35,Silver
C08258,Delhi,2025-04-18,26-35,Silver
C08259,Bangalore,2025-01-01,18-25,Silver
C08260,Mumbai,2026-02-18,46-60,Gold
C08261,Bangalore,2024-07-22,36-45,Silver
C08262,Delhi,2026-04-13,26-35,Gold
C08263,Mumbai,2025-01-19,36-45,Platinum
C08264,Chennai,2026-03-02,26-35,Platinum
C08265,Bangalore,2025-04-17,36-45,Gold
C08266,Hyderabad,2025-08-13,18-25,Gold
C08267,Chennai,2024-12-05,18-25,Gold
C08268,Chennai,2025-08-08,26-35,Gold
C08269,Chennai,2025-09-18,18-25,Silver
C08270,Hyderabad,2026-02-25,26-35,Silver
C08271,Mumbai,2025-07-11,36-45,Silver
C08272,Hyderabad,2025-08-24,36-45,Silver
C08273,Chennai,2024-07-24,26-35,Gold
C08274,Chennai,2025-02-24,46-60,Platinum
C08275,Delhi,2026-01-17,46-60,Gold
C08276,Delhi,2024-12-29,46-60,Silver
C08277,Delhi,2025-03-12,46-60,Gold
C08278,Chennai,2025-05-05,46-60,Gold
C08279,Mumbai,2025-01-07,36-45,Silver
C08280,Chennai,2025-11-30,36-45,Silver
C08281,Hyderabad,2025-07-02,46-60,Silver
C08282,Delhi,2025-04-02,18-25,Silver
C08283,Mumbai,2024-11-04,26-35,Silver
C08284,Chennai,2025-06-07,36-45,Silver
C08285,Delhi,2024-08-17,18-25,Silver
C08286,Mumbai,2024-09-28,26-35,Silver
C08287,Chennai,2025-02-28,18-25,Gold
C08288,Delhi,2025-08-07,26-35,Platinum
C08289,Mumbai,2025-04-02,46-60,Gold
C08290,Hyderabad,2025-03-14,36-45,Silver
C08291,Delhi,2025-09-01,46-60,Silver
C08292,Mumbai,2026-01-28,26-35,Silver
C08293,Hyderabad,2026-02-13,46-60,Gold
C08294,Hyderabad,2025-10-07,36-45,Gold
C08295,Delhi,2026-02-05,18-25,Platinum
C08296,Chennai,2025-08-24,46-60,Gold
C08297,Bangalore,2024-08-23,18-25,Silver
C08298,Mumbai,2024-05-23,36-45,Silver
C08299,Bangalore,2024-10-01,36-45,Silver
C08300,Mumbai,2024-10-31,18-25,Gold
C08301,Hyderabad,2025-03-04,18-25,Gold
C08302,Hyderabad,2026-03-06,26-35,Silver
C08303,Bangalore,2026-04-30,46-60,Gold
C08304,Hyderabad,2026-04-06,18-25,Gold
C08305,Chennai,2024-10-19,36-45,Silver
C08306,Mumbai,2026-01-23,18-25,Silver
C08307,Bangalore,2025-10-25,18-25,Silver
C08308,Delhi,2025-05-28,26-35,Gold
C08309,Bangalore,2025-12-16,46-60,Silver
C08310,Bangalore,2024-09-20,46-60,Platinum
C08311,Delhi,2024-06-13,18-25,Silver
C08312,Delhi,2024-12-11,18-25,Silver
C08313,Mumbai,2024-07-07,18-25,Gold
C08314,Mumbai,2025-07-30,18-25,Gold
C08315,Bangalore,2024-09-27,18-25,Silver
C08316,Chennai,2025-07-24,46-60,Platinum
C08317,Bangalore,2026-03-31,18-25,Silver
C08318,Chennai,2025-01-10,18-25,Gold
C08319,Hyderabad,2024-09-16,46-60,Silver
C08320,Chennai,2025-02-17,18-25,Silver
C08321,Hyderabad,2024-09-07,26-35,Platinum
C08322,Mumbai,2025-04-17,46-60,Silver
C08323,Hyderabad,2026-02-07,26-35,Gold
C08324,Mumbai,2025-10-17,26-35,Silver
C08325,Chennai,2025-04-05,46-60,Silver
C08326,Bangalore,2024-12-06,46-60,Gold
C08327,Hyderabad,2025-10-07,36-45,Platinum
C08328,Chennai,2025-08-18,36-45,Silver
C08329,Bangalore,2025-09-22,18-25,Gold
C08330,Bangalore,2024-06-12,18-25,Gold
C08331,Chennai,2024-07-17,46-60,Silver
C08332,Delhi,2025-12-22,18-25,Gold
C08333,Hyderabad,2024-10-30,46-60,Silver
C08334,Chennai,2025-04-29,36-45,Gold
C08335,Bangalore,2026-02-27,18-25,Silver
C08336,Mumbai,2026-04-15,46-60,Silver
C08337,Chennai,2025-08-16,26-35,Silver
C08338,Chennai,2025-04-19,36-45,Platinum
C08339,Bangalore,2025-07-31,18-25,Silver
C08340,Hyderabad,2025-05-22,26-35,Silver
C08341,Chennai,2024-12-20,36-45,Silver
C08342,Delhi,2025-05-22,46-60,Silver
C08343,Mumbai,2024-08-09,46-60,Gold
C08344,Chennai,2025-11-02,26-35,Silver
C08345,Mumbai,2024-06-05,26-35,Silver
C08346,Hyderabad,2025-06-12,26-35,Silver
C08347,Delhi,2025-09-07,26-35,Gold
C08348,Delhi,2025-09-23,26-35,Silver
C08349,Bangalore,2025-07-02,36-45,Silver
C08350,Hyderabad,2026-01-03,26-35,Silver
C08351,Bangalore,2025-10-19,26-35,Platinum
C08352,Hyderabad,2025-08-05,46-60,Silver
C08353,Hyderabad,2024-12-05,18-25,Gold
C08354,Hyderabad,2024-07-10,26-35,Silver
C08355,Chennai,2025-10-13,36-45,Gold
C08356,Chennai,2024-06-08,46-60,Gold
C08357,Hyderabad,2025-08-31,26-35,Gold
C08358,Chennai,2025-12-17,36-45,Silver
C08359,Delhi,2025-05-08,36-45,Silver
C08360,Mumbai,2024-08-09,18-25,Gold
C08361,Bangalore,2024-12-05,36-45,Silver
C08362,Chennai,2025-02-02,26-35,Silver
C08363,Bangalore,2024-05-18,18-25,Silver
C08364,Hyderabad,2024-08-30,26-35,Gold
C08365,Chennai,2025-01-18,18-25,Silver
C08366,Hyderabad,2026-03-21,46-60,Silver
C08367,Chennai,2026-04-14,18-25,Silver
C08368,Chennai,2024-11-13,18-25,Silver
C08369,Delhi,2025-11-02,46-60,Gold
C08370,Hyderabad,2025-05-05,36-45,Silver
C08371,Hyderabad,2024-07-14,46-60,Gold
C08372,Bangalore,2025-08-21,26-35,Silver
C08373,Chennai,2024-09-23,36-45,Silver
C08374,Mumbai,2024-11-16,36-45,Silver
C08375,Bangalore,2024-09-11,36-45,Silver
C08376,Mumbai,2026-02-18,18-25,Platinum
C08377,Hyderabad,2026-02-10,36-45,Silver
C08378,Mumbai,2026-04-21,18-25,Silver
C08379,Delhi,2025-08-28,26-35,Silver
C08380,Delhi,2024-06-05,18-25,Silver
C08381,Bangalore,2026-03-30,26-35,Silver
C08382,Delhi,2026-03-27,26-35,Gold
C08383,Chennai,2024-11-17,46-60,Silver
C08384,Bangalore,2025-02-03,26-35,Silver
C08385,Chennai,2024-06-06,26-35,Silver
C08386,Delhi,2025-01-04,36-45,Silver
C08387,Chennai,2026-01-26,46-60,Gold
C08388,Delhi,2026-03-16,36-45,Silver
C08389,Delhi,2024-07-18,26-35,Gold
C08390,Chennai,2024-10-05,36-45,Gold
C08391,Hyderabad,2026-01-20,46-60,Platinum
C08392,Hyderabad,2025-11-16,18-25,Silver
C08393,Bangalore,2025-08-22,36-45,Silver
C08394,Mumbai,2025-02-13,36-45,Silver
C08395,Hyderabad,2025-01-12,18-25,Gold
C08396,Delhi,2025-03-22,46-60,Gold
C08397,Chennai,2024-10-25,36-45,Silver
C08398,Hyderabad,2026-01-02,18-25,Silver
C08399,Mumbai,2024-06-13,18-25,Platinum
C08400,Bangalore,2026-03-04,36-45,Silver
C08401,Bangalore,2025-07-31,46-60,Gold
C08402,Hyderabad,2025-08-14,46-60,Gold
C08403,Chennai,2024-05-26,36-45,Silver
C08404,Hyderabad,2024-07-29,18-25,Silver
C08405,Hyderabad,2026-03-20,36-45,Gold
C08406,Bangalore,2025-02-15,46-60,Silver
C08407,Chennai,2024-07-17,46-60,Silver
C08408,Bangalore,2025-05-02,26-35,Gold
C08409,Delhi,2025-09-30,36-45,Silver
C08410,Hyderabad,2025-02-03,26-35,Silver
C08411,Bangalore,2024-10-14,46-60,Silver
C08412,Delhi,2024-11-30,46-60,Gold
C08413,Mumbai,2025-06-28,36-45,Silver
C08414,Chennai,2025-02-13,18-25,Silver
C08415,Delhi,2025-05-21,46-60,Silver
C08416,Chennai,2025-09-23,18-25,Platinum
C08417,Hyderabad,2025-09-03,46-60,Platinum
C08418,Chennai,2026-01-04,18-25,Platinum
C08419,Bangalore,2026-03-28,46-60,Silver
C08420,Bangalore,2025-05-03,46-60,Gold
C08421,Bangalore,2025-06-30,18-25,Gold
C08422,Bangalore,2024-09-08,46-60,Platinum
C08423,Hyderabad,2026-01-12,26-35,Silver
C08424,Mumbai,2025-10-16,18-25,Platinum
C08425,Chennai,2025-09-22,46-60,Silver
C08426,Delhi,2025-09-29,26-35,Silver
C08427,Chennai,2024-12-08,46-60,Gold
C08428,Bangalore,2024-08-05,36-45,Gold
C08429,Mumbai,2025-05-09,36-45,Silver
C08430,Delhi,2024-10-27,26-35,Silver
C08431,Hyderabad,2026-02-17,26-35,Gold
C08432,Chennai,2024-06-08,46-60,Silver
C08433,Delhi,2024-11-13,46-60,Gold
C08434,Hyderabad,2025-04-01,26-35,Gold
C08435,Hyderabad,2025-06-05,46-60,Platinum
C08436,Mumbai,2025-07-16,46-60,Silver
C08437,Delhi,2026-01-06,26-35,Silver
C08438,Delhi,2025-11-21,46-60,Silver
C08439,Bangalore,2025-07-12,18-25,Platinum
C08440,Delhi,2026-04-26,36-45,Silver
C08441,Mumbai,2025-01-21,18-25,Silver
C08442,Delhi,2024-06-26,26-35,Silver
C08443,Mumbai,2025-05-01,36-45,Silver
C08444,Bangalore,2024-09-09,36-45,Silver
C08445,Hyderabad,2025-10-01,26-35,Gold
C08446,Bangalore,2025-05-28,36-45,Platinum
C08447,Bangalore,2024-07-19,36-45,Silver
C08448,Chennai,2025-07-16,26-35,Silver
C08449,Delhi,2026-01-07,18-25,Gold
C08450,Chennai,2026-01-06,26-35,Silver
C08451,Chennai,2026-04-15,46-60,Silver
C08452,Chennai,2025-08-07,18-25,Platinum
C08453,Delhi,2024-05-16,46-60,Silver
C08454,Delhi,2026-05-01,36-45,Silver
C08455,Mumbai,2026-02-06,46-60,Silver
C08456,Chennai,2025-11-30,36-45,Silver
C08457,Delhi,2025-08-09,26-35,Silver
C08458,Chennai,2025-02-15,46-60,Gold
C08459,Delhi,2025-02-16,46-60,Platinum
C08460,Mumbai,2024-11-16,26-35,Silver
C08461,Hyderabad,2025-04-29,18-25,Gold
C08462,Delhi,2025-10-09,36-45,Gold
C08463,Hyderabad,2024-11-12,26-35,Gold
C08464,Delhi,2026-02-18,18-25,Silver
C08465,Mumbai,2024-05-23,46-60,Silver
C08466,Chennai,2025-02-28,36-45,Silver
C08467,Chennai,2026-01-13,18-25,Gold
C08468,Mumbai,2024-12-23,46-60,Silver
C08469,Mumbai,2026-04-18,46-60,Silver
C08470,Mumbai,2025-05-11,18-25,Gold
C08471,Bangalore,2025-01-21,26-35,Silver
C08472,Delhi,2025-06-28,26-35,Gold
C08473,Chennai,2024-11-20,36-45,Silver
C08474,Chennai,2026-04-03,18-25,Gold
C08475,Bangalore,2025-02-21,26-35,Silver
C08476,Chennai,2026-02-13,26-35,Silver
C08477,Delhi,2026-05-01,26-35,Silver
C08478,Hyderabad,2025-04-10,46-60,Silver
C08479,Delhi,2025-08-21,46-60,Silver
C08480,Delhi,2026-01-22,46-60,Gold
C08481,Hyderabad,2024-12-09,26-35,Gold
C08482,Chennai,2025-11-30,46-60,Silver
C08483,Bangalore,2025-10-20,36-45,Silver
C08484,Mumbai,2025-05-14,36-45,Gold
C08485,Chennai,2025-03-31,26-35,Silver
C08486,Bangalore,2025-08-03,18-25,Silver
C08487,Hyderabad,2025-01-15,46-60,Gold
C08488,Bangalore,2025-06-15,18-25,Gold
C08489,Hyderabad,2024-05-23,26-35,Silver
C08490,Mumbai,2024-05-23,36-45,Platinum
C08491,Delhi,2025-06-11,26-35,Platinum
C08492,Chennai,2025-10-10,36-45,Silver
C08493,Chennai,2024-09-09,36-45,Silver
C08494,Mumbai,2024-09-08,26-35,Gold
C08495,Bangalore,2025-12-29,46-60,Silver
C08496,Bangalore,2024-07-09,18-25,Silver
C08497,Mumbai,2025-07-12,46-60,Gold
C08498,Mumbai,2024-08-19,26-35,Platinum
C08499,Delhi,2025-02-19,46-60,Silver
C08500,Bangalore,2026-01-15,36-45,Silver
C08501,Mumbai,2025-06-19,18-25,Silver
C08502,Delhi,2024-10-18,46-60,Silver
C08503,Bangalore,2025-08-04,18-25,Silver
C08504,Bangalore,2026-04-05,36-45,Platinum
C08505,Chennai,2025-08-20,26-35,Silver
C08506,Bangalore,2024-06-23,36-45,Silver
C08507,Mumbai,2025-05-11,36-45,Silver
C08508,Hyderabad,2025-08-15,26-35,Silver
C08509,Bangalore,2025-01-10,18-25,Silver
C08510,Mumbai,2025-10-31,18-25,Gold
C08511,Bangalore,2025-12-21,36-45,Gold
C08512,Mumbai,2025-08-14,26-35,Silver
C08513,Mumbai,2026-04-27,36-45,Platinum
C08514,Bangalore,2024-09-05,46-60,Gold
C08515,Chennai,2025-02-20,18-25,Silver
C08516,Chennai,2025-12-10,36-45,Platinum
C08517,Bangalore,2026-04-29,46-60,Gold
C08518,Chennai,2025-09-19,26-35,Silver
C08519,Hyderabad,2025-06-28,46-60,Silver
C08520,Bangalore,2024-06-24,46-60,Gold
C08521,Mumbai,2024-07-09,18-25,Gold
C08522,Hyderabad,2024-06-05,18-25,Silver
C08523,Hyderabad,2025-03-05,26-35,Gold
C08524,Delhi,2024-10-11,36-45,Silver
C08525,Bangalore,2024-07-03,46-60,Silver
C08526,Bangalore,2024-11-08,36-45,Silver
C08527,Chennai,2025-01-20,46-60,Gold
C08528,Hyderabad,2026-01-12,36-45,Gold
C08529,Bangalore,2025-05-26,18-25,Gold
C08530,Chennai,2025-11-18,18-25,Silver
C08531,Mumbai,2025-07-12,18-25,Gold
C08532,Bangalore,2025-08-02,46-60,Gold
C08533,Bangalore,2026-02-28,26-35,Gold
C08534,Mumbai,2026-03-28,26-35,Silver
C08535,Hyderabad,2025-11-10,18-25,Platinum
C08536,Hyderabad,2025-10-23,26-35,Silver
C08537,Chennai,2024-08-23,46-60,Silver
C08538,Delhi,2025-02-22,26-35,Gold
C08539,Hyderabad,2024-11-14,36-45,Silver
C08540,Hyderabad,2025-07-05,26-35,Gold
C08541,Mumbai,2024-07-31,26-35,Gold
C08542,Mumbai,2024-12-13,26-35,Silver
C08543,Hyderabad,2024-12-31,46-60,Silver
C08544,Bangalore,2024-10-25,36-45,Silver
C08545,Mumbai,2026-03-04,18-25,Silver
C08546,Hyderabad,2024-10-26,18-25,Gold
C08547,Mumbai,2024-10-12,36-45,Gold
C08548,Delhi,2024-11-26,26-35,Gold
C08549,Bangalore,2025-04-08,18-25,Platinum
C08550,Hyderabad,2024-12-06,46-60,Silver
C08551,Mumbai,2025-10-20,36-45,Gold
C08552,Chennai,2025-02-08,18-25,Gold
C08553,Delhi,2024-11-03,36-45,Silver
C08554,Delhi,2026-02-08,18-25,Silver
C08555,Delhi,2026-02-09,26-35,Silver
C08556,Bangalore,2025-08-30,26-35,Platinum
C08557,Bangalore,2026-03-14,36-45,Silver
C08558,Hyderabad,2024-09-12,36-45,Silver
C08559,Bangalore,2025-11-17,36-45,Silver
C08560,Hyderabad,2026-02-14,26-35,Gold
C08561,Delhi,2024-06-30,26-35,Gold
C08562,Mumbai,2024-08-19,26-35,Silver
C08563,Chennai,2025-09-14,46-60,Silver
C08564,Mumbai,2024-08-06,18-25,Silver
C08565,Mumbai,2024-07-31,26-35,Gold
C08566,Delhi,2025-09-03,26-35,Gold
C08567,Delhi,2025-04-29,18-25,Silver
C08568,Hyderabad,2024-12-09,46-60,Platinum
C08569,Hyderabad,2026-01-29,36-45,Platinum
C08570,Mumbai,2026-04-11,36-45,Silver
C08571,Delhi,2024-12-03,46-60,Silver
C08572,Bangalore,2026-02-22,26-35,Platinum
C08573,Chennai,2024-12-17,46-60,Silver
C08574,Hyderabad,2026-03-11,36-45,Silver
C08575,Delhi,2026-02-18,36-45,Platinum
C08576,Delhi,2024-11-03,46-60,Silver
C08577,Hyderabad,2025-10-06,46-60,Gold
C08578,Delhi,2026-02-02,18-25,Silver
C08579,Chennai,2025-11-05,18-25,Silver
C08580,Delhi,2025-06-07,26-35,Silver
C08581,Hyderabad,2025-06-21,26-35,Gold
C08582,Delhi,2025-01-05,46-60,Platinum
C08583,Chennai,2025-01-11,46-60,Silver
C08584,Mumbai,2026-03-03,36-45,Silver
C08585,Bangalore,2024-10-31,46-60,Platinum
C08586,Chennai,2024-12-25,46-60,Silver
C08587,Mumbai,2025-01-26,26-35,Platinum
C08588,Mumbai,2026-03-12,26-35,Gold
C08589,Mumbai,2026-04-29,36-45,Gold
C08590,Mumbai,2025-05-26,18-25,Silver
C08591,Bangalore,2025-09-21,46-60,Gold
C08592,Chennai,2025-04-28,18-25,Silver
C08593,Mumbai,2026-04-09,26-35,Silver
C08594,Chennai,2026-04-14,18-25,Silver
C08595,Mumbai,2026-04-06,26-35,Silver
C08596,Chennai,2025-02-11,18-25,Silver
C08597,Chennai,2026-05-04,26-35,Platinum
C08598,Bangalore,2025-02-16,26-35,Silver
C08599,Chennai,2024-10-16,36-45,Silver
C08600,Chennai,2025-04-30,36-45,Silver
C08601,Bangalore,2024-07-14,36-45,Gold
C08602,Mumbai,2025-03-28,36-45,Gold
C08603,Bangalore,2025-04-16,18-25,Silver
C08604,Hyderabad,2025-08-26,26-35,Silver
C08605,Bangalore,2024-11-30,26-35,Silver
C08606,Bangalore,2024-12-06,46-60,Platinum
C08607,Hyderabad,2025-10-22,26-35,Silver
C08608,Hyderabad,2024-11-23,46-60,Silver
C08609,Mumbai,2026-01-21,46-60,Gold
C08610,Hyderabad,2024-05-22,18-25,Silver
C08611,Bangalore,2024-09-30,18-25,Silver
C08612,Hyderabad,2025-02-24,46-60,Gold
C08613,Chennai,2024-06-17,46-60,Gold
C08614,Hyderabad,2025-06-25,18-25,Gold
C08615,Hyderabad,2025-01-12,36-45,Silver
C08616,Bangalore,2026-01-01,18-25,Gold
C08617,Hyderabad,2025-08-09,46-60,Silver
C08618,Bangalore,2025-12-04,36-45,Gold
C08619,Bangalore,2026-05-07,46-60,Silver
C08620,Hyderabad,2024-06-30,26-35,Silver
C08621,Hyderabad,2026-05-14,26-35,Silver
C08622,Delhi,2025-11-05,36-45,Silver
C08623,Chennai,2025-05-23,26-35,Gold
C08624,Hyderabad,2025-03-13,46-60,Silver
C08625,Chennai,2025-05-08,46-60,Silver
C08626,Bangalore,2025-02-22,26-35,Platinum
C08627,Hyderabad,2025-10-24,46-60,Silver
C08628,Chennai,2024-06-24,36-45,Platinum
C08629,Chennai,2026-01-02,26-35,Silver
C08630,Bangalore,2024-12-15,26-35,Silver
C08631,Delhi,2025-07-05,18-25,Platinum
C08632,Chennai,2025-09-19,18-25,Gold
C08633,Bangalore,2025-12-02,36-45,Gold
C08634,Mumbai,2024-10-02,36-45,Gold
C08635,Chennai,2026-02-20,36-45,Silver
C08636,Delhi,2025-06-01,46-60,Platinum
C08637,Bangalore,2025-10-17,18-25,Silver
C08638,Chennai,2024-06-27,46-60,Gold
C08639,Delhi,2024-12-19,26-35,Silver
C08640,Delhi,2024-06-11,18-25,Silver
C08641,Bangalore,2025-04-19,46-60,Silver
C08642,Chennai,2025-12-24,18-25,Silver
C08643,Hyderabad,2026-03-27,18-25,Silver
C08644,Hyderabad,2025-11-08,36-45,Silver
C08645,Bangalore,2025-08-25,26-35,Silver
C08646,Hyderabad,2026-02-02,36-45,Gold
C08647,Mumbai,2024-07-12,18-25,Silver
C08648,Mumbai,2025-10-12,18-25,Gold
C08649,Delhi,2026-03-15,36-45,Platinum
C08650,Hyderabad,2025-01-17,26-35,Gold
C08651,Mumbai,2026-02-15,26-35,Silver
C08652,Hyderabad,2024-08-06,26-35,Gold
C08653,Mumbai,2025-01-25,18-25,Platinum
C08654,Chennai,2024-09-02,26-35,Silver
C08655,Hyderabad,2025-08-09,18-25,Silver
C08656,Mumbai,2024-05-17,36-45,Gold
C08657,Chennai,2025-12-31,26-35,Silver
C08658,Delhi,2024-06-10,46-60,Gold
C08659,Delhi,2025-04-15,18-25,Gold
C08660,Chennai,2024-11-30,18-25,Gold
C08661,Hyderabad,2025-04-17,18-25,Silver
C08662,Bangalore,2026-05-11,26-35,Gold
C08663,Bangalore,2025-05-08,46-60,Silver
C08664,Delhi,2025-09-08,36-45,Platinum
C08665,Bangalore,2025-11-11,18-25,Silver
C08666,Delhi,2024-09-03,46-60,Platinum
C08667,Hyderabad,2026-05-03,36-45,Gold
C08668,Hyderabad,2025-05-23,36-45,Gold
C08669,Hyderabad,2024-05-24,26-35,Gold
C08670,Mumbai,2025-05-15,26-35,Gold
C08671,Delhi,2025-06-04,26-35,Silver
C08672,Delhi,2024-09-14,26-35,Gold
C08673,Bangalore,2024-12-09,26-35,Gold
C08674,Delhi,2026-04-23,18-25,Silver
C08675,Chennai,2024-06-01,26-35,Silver
C08676,Delhi,2025-01-06,26-35,Silver
C08677,Hyderabad,2024-08-03,18-25,Silver
C08678,Mumbai,2024-10-11,26-35,Gold
C08679,Bangalore,2026-01-20,18-25,Silver
C08680,Hyderabad,2025-04-08,26-35,Gold
C08681,Hyderabad,2024-09-14,46-60,Gold
C08682,Hyderabad,2026-01-18,26-35,Silver
C08683,Bangalore,2025-03-24,26-35,Gold
C08684,Mumbai,2024-09-10,46-60,Silver
C08685,Bangalore,2024-09-07,18-25,Silver
C08686,Delhi,2025-04-16,36-45,Silver
C08687,Delhi,2025-05-29,36-45,Platinum
C08688,Chennai,2026-05-10,26-35,Silver
C08689,Chennai,2024-07-07,46-60,Gold
C08690,Delhi,2025-01-23,26-35,Silver
C08691,Mumbai,2025-05-15,18-25,Gold
C08692,Chennai,2026-04-07,46-60,Silver
C08693,Bangalore,2026-02-03,26-35,Silver
C08694,Delhi,2024-11-14,46-60,Silver
C08695,Bangalore,2026-04-25,36-45,Platinum
C08696,Mumbai,2024-11-25,36-45,Silver
C08697,Bangalore,2025-12-19,46-60,Silver
C08698,Hyderabad,2026-01-19,36-45,Silver
C08699,Mumbai,2025-03-28,26-35,Silver
C08700,Chennai,2026-01-07,46-60,Silver
C08701,Delhi,2026-03-12,46-60,Gold
C08702,Mumbai,2025-04-24,36-45,Silver
C08703,Delhi,2025-04-03,26-35,Silver
C08704,Mumbai,2024-08-13,36-45,Silver
C08705,Bangalore,2025-10-15,26-35,Silver
C08706,Bangalore,2024-07-13,26-35,Silver
C08707,Chennai,2026-05-07,46-60,Gold
C08708,Delhi,2026-02-06,46-60,Silver
C08709,Delhi,2025-11-06,36-45,Silver
C08710,Bangalore,2025-09-26,18-25,Silver
C08711,Bangalore,2025-04-11,18-25,Silver
C08712,Mumbai,2025-11-24,36-45,Silver
C08713,Bangalore,2025-03-17,46-60,Silver
C08714,Mumbai,2025-09-16,36-45,Silver
C08715,Chennai,2025-11-29,26-35,Silver
C08716,Mumbai,2025-03-06,46-60,Silver
C08717,Chennai,2025-06-11,18-25,Gold
C08718,Hyderabad,2024-09-28,18-25,Silver
C08719,Mumbai,2025-08-25,36-45,Silver
C08720,Bangalore,2024-07-04,26-35,Silver
C08721,Bangalore,2025-06-01,18-25,Gold
C08722,Chennai,2024-11-13,36-45,Silver
C08723,Delhi,2024-08-02,26-35,Silver
C08724,Bangalore,2025-08-06,46-60,Silver
C08725,Mumbai,2024-10-17,26-35,Silver
C08726,Delhi,2024-05-22,26-35,Silver
C08727,Mumbai,2025-05-08,26-35,Silver
C08728,Bangalore,2025-07-05,18-25,Gold
C08729,Hyderabad,2024-09-03,26-35,Silver
C08730,Mumbai,2025-03-05,36-45,Silver
C08731,Delhi,2025-05-07,26-35,Gold
C08732,Hyderabad,2025-02-26,46-60,Silver
C08733,Hyderabad,2024-09-24,46-60,Platinum
C08734,Delhi,2026-04-25,46-60,Silver
C08735,Chennai,2024-07-09,36-45,Silver
C08736,Mumbai,2024-11-18,26-35,Gold
C08737,Hyderabad,2025-03-22,46-60,Silver
C08738,Delhi,2025-11-17,26-35,Silver
C08739,Chennai,2025-12-12,36-45,Silver
C08740,Delhi,2025-04-02,36-45,Gold
C08741,Mumbai,2025-12-19,26-35,Silver
C08742,Chennai,2025-01-08,46-60,Gold
C08743,Delhi,2024-12-18,36-45,Silver
C08744,Chennai,2026-01-04,36-45,Silver
C08745,Bangalore,2026-03-13,46-60,Platinum
C08746,Delhi,2026-04-11,26-35,Gold
C08747,Chennai,2024-10-16,26-35,Platinum
C08748,Chennai,2024-06-07,18-25,Silver
C08749,Chennai,2025-08-19,26-35,Silver
C08750,Delhi,2025-07-23,26-35,Silver
C08751,Mumbai,2024-10-18,18-25,Silver
C08752,Hyderabad,2025-01-31,18-25,Gold
C08753,Bangalore,2026-05-02,18-25,Silver
C08754,Delhi,2025-11-15,46-60,Silver
C08755,Mumbai,2025-03-15,18-25,Silver
C08756,Delhi,2024-08-04,46-60,Silver
C08757,Chennai,2025-01-24,18-25,Platinum
C08758,Hyderabad,2025-12-06,18-25,Gold
C08759,Bangalore,2024-11-16,36-45,Silver
C08760,Bangalore,2024-08-06,36-45,Gold
C08761,Chennai,2025-03-19,46-60,Silver
C08762,Bangalore,2025-02-22,18-25,Silver
C08763,Chennai,2025-09-04,46-60,Silver
C08764,Hyderabad,2025-12-09,18-25,Silver
C08765,Chennai,2025-07-29,18-25,Silver
C08766,Mumbai,2024-11-01,46-60,Platinum
C08767,Hyderabad,2024-10-11,26-35,Silver
C08768,Delhi,2024-09-06,46-60,Silver
C08769,Delhi,2025-03-01,26-35,Silver
C08770,Mumbai,2025-12-07,18-25,Platinum
C08771,Chennai,2024-07-03,46-60,Gold
C08772,Hyderabad,2026-03-16,26-35,Gold
C08773,Delhi,2025-02-12,26-35,Gold
C08774,Mumbai,2025-06-08,36-45,Silver
C08775,Bangalore,2025-10-26,18-25,Gold
C08776,Bangalore,2025-02-09,36-45,Silver
C08777,Mumbai,2025-05-15,26-35,Gold
C08778,Delhi,2026-04-10,46-60,Platinum
C08779,Mumbai,2025-02-27,26-35,Silver
C08780,Chennai,2026-02-12,36-45,Gold
C08781,Delhi,2025-11-15,26-35,Silver
C08782,Mumbai,2025-10-15,36-45,Gold
C08783,Bangalore,2026-03-10,18-25,Gold
C08784,Bangalore,2025-10-01,46-60,Silver
C08785,Chennai,2024-10-24,18-25,Silver
C08786,Bangalore,2025-12-15,36-45,Gold
C08787,Hyderabad,2024-11-11,26-35,Gold
C08788,Delhi,2024-07-14,46-60,Silver
C08789,Chennai,2024-12-07,46-60,Silver
C08790,Delhi,2025-01-15,26-35,Platinum
C08791,Hyderabad,2024-12-25,46-60,Gold
C08792,Chennai,2024-11-15,18-25,Silver
C08793,Delhi,2026-01-24,36-45,Gold
C08794,Chennai,2024-12-22,46-60,Silver
C08795,Hyderabad,2026-04-10,36-45,Gold
C08796,Chennai,2025-12-24,36-45,Silver
C08797,Mumbai,2025-11-13,36-45,Silver
C08798,Chennai,2025-01-11,36-45,Gold
C08799,Chennai,2025-11-16,26-35,Silver
C08800,Mumbai,2024-09-10,18-25,Silver
C08801,Delhi,2026-04-28,18-25,Silver
C08802,Mumbai,2025-07-03,18-25,Silver
C08803,Mumbai,2025-04-23,26-35,Silver
C08804,Mumbai,2025-02-04,36-45,Silver
C08805,Chennai,2024-12-10,26-35,Platinum
C08806,Hyderabad,2026-01-15,46-60,Silver
C08807,Chennai,2025-04-16,26-35,Silver
C08808,Bangalore,2025-11-25,26-35,Platinum
C08809,Hyderabad,2024-11-03,46-60,Platinum
C08810,Delhi,2025-10-29,26-35,Gold
C08811,Hyderabad,2024-05-23,46-60,Gold
C08812,Chennai,2026-03-17,18-25,Silver
C08813,Chennai,2024-11-15,18-25,Gold
C08814,Bangalore,2025-02-23,26-35,Silver
C08815,Chennai,2025-07-19,46-60,Silver
C08816,Mumbai,2025-03-24,18-25,Silver
C08817,Chennai,2025-04-09,18-25,Silver
C08818,Chennai,2026-01-31,26-35,Silver
C08819,Chennai,2024-10-31,36-45,Silver
C08820,Mumbai,2024-08-29,36-45,Silver
C08821,Mumbai,2024-09-28,36-45,Silver
C08822,Chennai,2026-01-05,46-60,Gold
C08823,Delhi,2026-03-02,26-35,Silver
C08824,Chennai,2025-09-09,26-35,Platinum
C08825,Hyderabad,2024-06-13,36-45,Silver
C08826,Mumbai,2024-07-26,46-60,Gold
C08827,Delhi,2025-01-23,46-60,Gold
C08828,Delhi,2026-04-19,18-25,Platinum
C08829,Bangalore,2025-09-24,18-25,Silver
C08830,Chennai,2024-12-10,36-45,Gold
C08831,Chennai,2024-10-16,36-45,Silver
C08832,Bangalore,2024-06-16,46-60,Gold
C08833,Hyderabad,2025-02-26,18-25,Silver
C08834,Delhi,2026-03-30,18-25,Silver
C08835,Chennai,2025-09-20,36-45,Gold
C08836,Hyderabad,2025-03-30,18-25,Platinum
C08837,Hyderabad,2026-01-13,36-45,Silver
C08838,Chennai,2026-03-23,36-45,Gold
C08839,Hyderabad,2024-06-17,36-45,Silver
C08840,Chennai,2025-02-21,26-35,Silver
C08841,Mumbai,2025-10-27,26-35,Gold
C08842,Chennai,2024-05-21,26-35,Silver
C08843,Hyderabad,2025-10-15,18-25,Silver
C08844,Chennai,2024-09-24,18-25,Silver
C08845,Delhi,2024-12-03,18-25,Silver
C08846,Mumbai,2026-05-02,26-35,Platinum
C08847,Mumbai,2025-10-11,36-45,Silver
C08848,Delhi,2026-04-28,46-60,Silver
C08849,Chennai,2024-08-29,36-45,Silver
C08850,Chennai,2024-06-09,36-45,Silver
C08851,Mumbai,2026-01-20,36-45,Silver
C08852,Delhi,2026-03-28,36-45,Platinum
C08853,Chennai,2025-05-30,26-35,Silver
C08854,Mumbai,2024-05-29,26-35,Silver
C08855,Hyderabad,2024-09-18,26-35,Silver
C08856,Delhi,2025-10-21,18-25,Silver
C08857,Chennai,2024-10-27,36-45,Silver
C08858,Delhi,2026-04-23,36-45,Silver
C08859,Delhi,2026-04-16,46-60,Gold
C08860,Mumbai,2024-09-25,36-45,Gold
C08861,Chennai,2026-04-21,46-60,Platinum
C08862,Delhi,2026-01-16,18-25,Silver
C08863,Mumbai,2024-10-05,26-35,Silver
C08864,Mumbai,2025-03-28,18-25,Silver
C08865,Hyderabad,2024-07-10,26-35,Silver
C08866,Mumbai,2025-07-01,18-25,Silver
C08867,Chennai,2025-05-13,36-45,Silver
C08868,Chennai,2025-06-23,46-60,Silver
C08869,Delhi,2024-10-14,26-35,Silver
C08870,Mumbai,2024-06-04,18-25,Silver
C08871,Hyderabad,2026-01-14,36-45,Silver
C08872,Chennai,2025-12-01,46-60,Silver
C08873,Mumbai,2025-03-22,36-45,Silver
C08874,Mumbai,2025-10-03,36-45,Silver
C08875,Delhi,2025-12-10,36-45,Silver
C08876,Delhi,2024-07-19,36-45,Platinum
C08877,Mumbai,2024-09-20,36-45,Silver
C08878,Bangalore,2024-05-16,18-25,Gold
C08879,Bangalore,2024-09-29,36-45,Silver
C08880,Delhi,2025-06-06,36-45,Gold
C08881,Bangalore,2024-07-20,18-25,Silver
C08882,Bangalore,2025-11-06,36-45,Silver
C08883,Mumbai,2025-12-04,18-25,Silver
C08884,Bangalore,2024-07-17,18-25,Silver
C08885,Chennai,2025-07-13,26-35,Gold
C08886,Chennai,2025-10-06,26-35,Silver
C08887,Bangalore,2026-05-13,26-35,Silver
C08888,Bangalore,2025-02-06,26-35,Gold
C08889,Chennai,2025-06-05,46-60,Platinum
C08890,Bangalore,2024-08-31,46-60,Silver
C08891,Hyderabad,2024-07-30,26-35,Gold
C08892,Mumbai,2024-08-19,36-45,Platinum
C08893,Chennai,2024-08-29,26-35,Silver
C08894,Chennai,2024-09-24,36-45,Gold
C08895,Bangalore,2025-01-30,26-35,Silver
C08896,Delhi,2024-09-15,18-25,Silver
C08897,Chennai,2025-02-27,46-60,Silver
C08898,Mumbai,2024-07-31,46-60,Silver
C08899,Mumbai,2024-08-02,36-45,Gold
C08900,Hyderabad,2025-05-09,46-60,Gold
C08901,Chennai,2025-08-08,36-45,Silver
C08902,Delhi,2026-04-17,36-45,Silver
C08903,Chennai,2026-04-18,18-25,Silver
C08904,Mumbai,2024-09-17,18-25,Gold
C08905,Bangalore,2024-12-07,46-60,Silver
C08906,Mumbai,2025-12-28,46-60,Silver
C08907,Hyderabad,2025-05-14,46-60,Silver
C08908,Bangalore,2026-04-14,18-25,Silver
C08909,Chennai,2025-03-22,46-60,Silver
C08910,Bangalore,2024-12-13,36-45,Silver
C08911,Mumbai,2024-10-25,18-25,Gold
C08912,Delhi,2024-12-11,46-60,Gold
C08913,Bangalore,2024-09-14,36-45,Platinum
C08914,Delhi,2025-08-15,26-35,Silver
C08915,Chennai,2025-07-17,26-35,Gold
C08916,Delhi,2024-06-30,36-45,Gold
C08917,Hyderabad,2026-01-26,26-35,Silver
C08918,Hyderabad,2024-10-15,36-45,Silver
C08919,Mumbai,2025-09-28,26-35,Silver
C08920,Bangalore,2025-01-30,46-60,Silver
C08921,Mumbai,2025-02-13,18-25,Silver
C08922,Delhi,2024-06-05,18-25,Silver
C08923,Mumbai,2025-01-29,26-35,Silver
C08924,Delhi,2024-12-02,18-25,Silver
C08925,Bangalore,2026-02-16,36-45,Platinum
C08926,Bangalore,2026-05-15,46-60,Gold
C08927,Delhi,2025-06-12,18-25,Silver
C08928,Hyderabad,2024-12-19,26-35,Gold
C08929,Hyderabad,2025-04-23,46-60,Gold
C08930,Bangalore,2024-12-28,36-45,Silver
C08931,Mumbai,2025-10-22,46-60,Silver
C08932,Bangalore,2024-08-21,46-60,Silver
C08933,Chennai,2025-09-26,36-45,Platinum
C08934,Mumbai,2025-12-16,36-45,Platinum
C08935,Mumbai,2026-01-31,36-45,Platinum
C08936,Hyderabad,2025-09-18,46-60,Platinum
C08937,Hyderabad,2025-02-04,26-35,Silver
C08938,Delhi,2026-04-30,36-45,Platinum
C08939,Mumbai,2026-03-05,46-60,Platinum
C08940,Chennai,2025-05-31,36-45,Gold
C08941,Delhi,2024-06-03,26-35,Silver
C08942,Hyderabad,2025-05-31,18-25,Silver
C08943,Chennai,2024-07-08,46-60,Silver
C08944,Chennai,2025-07-06,26-35,Silver
C08945,Mumbai,2024-08-13,18-25,Platinum
C08946,Delhi,2024-11-16,36-45,Silver
C08947,Hyderabad,2024-09-09,36-45,Silver
C08948,Chennai,2026-03-17,26-35,Silver
C08949,Bangalore,2025-07-27,36-45,Gold
C08950,Bangalore,2025-02-17,36-45,Silver
C08951,Mumbai,2026-04-29,36-45,Gold
C08952,Mumbai,2026-05-11,46-60,Silver
C08953,Hyderabad,2025-03-30,18-25,Silver
C08954,Delhi,2025-03-21,36-45,Silver
C08955,Chennai,2025-05-09,26-35,Gold
C08956,Delhi,2025-05-29,26-35,Silver
C08957,Chennai,2026-02-21,26-35,Silver
C08958,Hyderabad,2025-05-16,46-60,Silver
C08959,Bangalore,2024-06-20,36-45,Gold
C08960,Delhi,2026-02-02,36-45,Silver
C08961,Bangalore,2026-02-12,26-35,Gold
C08962,Delhi,2026-01-09,36-45,Gold
C08963,Bangalore,2025-10-10,46-60,Silver
C08964,Bangalore,2024-12-11,36-45,Silver
C08965,Hyderabad,2025-10-21,26-35,Silver
C08966,Hyderabad,2026-04-11,18-25,Silver
C08967,Hyderabad,2025-01-18,26-35,Gold
C08968,Bangalore,2024-11-07,36-45,Silver
C08969,Hyderabad,2025-12-27,46-60,Gold
C08970,Mumbai,2025-06-09,36-45,Silver
C08971,Hyderabad,2025-08-05,18-25,Gold
C08972,Bangalore,2025-01-14,46-60,Platinum
C08973,Mumbai,2024-07-25,36-45,Silver
C08974,Hyderabad,2026-04-05,36-45,Silver
C08975,Hyderabad,2025-12-25,46-60,Silver
C08976,Bangalore,2025-08-20,26-35,Silver
C08977,Mumbai,2025-01-26,18-25,Silver
C08978,Delhi,2025-04-26,18-25,Gold
C08979,Delhi,2025-05-22,26-35,Gold
C08980,Bangalore,2025-03-19,26-35,Silver
C08981,Bangalore,2026-02-25,36-45,Gold
C08982,Bangalore,2025-03-26,36-45,Silver
C08983,Delhi,2024-09-14,46-60,Silver
C08984,Chennai,2024-12-24,26-35,Platinum
C08985,Hyderabad,2025-09-11,18-25,Silver
C08986,Delhi,2026-01-24,36-45,Gold
C08987,Delhi,2026-04-30,46-60,Silver
C08988,Hyderabad,2024-08-25,36-45,Gold
C08989,Delhi,2025-02-15,26-35,Silver
C08990,Chennai,2026-01-24,36-45,Silver
C08991,Mumbai,2025-04-01,36-45,Gold
C08992,Bangalore,2025-04-02,46-60,Gold
C08993,Chennai,2025-12-14,26-35,Gold
C08994,Chennai,2025-01-25,46-60,Silver
C08995,Bangalore,2024-10-21,36-45,Silver
C08996,Hyderabad,2024-07-17,36-45,Silver
C08997,Bangalore,2025-11-21,18-25,Gold
C08998,Delhi,2024-08-03,18-25,Silver
C08999,Chennai,2025-04-21,36-45,Silver
C09000,Delhi,2026-01-25,36-45,Gold
C09001,Delhi,2026-01-03,46-60,Gold
C09002,Bangalore,2025-10-06,36-45,Platinum
C09003,Chennai,2025-02-24,46-60,Gold
C09004,Bangalore,2025-10-05,46-60,Silver
C09005,Hyderabad,2024-08-21,46-60,Silver
C09006,Bangalore,2025-10-09,46-60,Silver
C09007,Delhi,2024-12-30,46-60,Silver
C09008,Delhi,2026-01-22,46-60,Gold
C09009,Hyderabad,2026-01-12,26-35,Gold
C09010,Delhi,2025-06-24,18-25,Silver
C09011,Delhi,2025-08-10,36-45,Gold
C09012,Mumbai,2025-02-01,26-35,Silver
C09013,Hyderabad,2024-12-01,46-60,Silver
C09014,Chennai,2026-01-12,26-35,Gold
C09015,Mumbai,2025-03-31,18-25,Silver
C09016,Hyderabad,2024-08-22,26-35,Silver
C09017,Bangalore,2025-03-01,46-60,Silver
C09018,Bangalore,2026-02-23,26-35,Gold
C09019,Bangalore,2024-07-23,26-35,Silver
C09020,Delhi,2024-12-05,46-60,Silver
C09021,Delhi,2026-04-30,26-35,Silver
C09022,Hyderabad,2024-10-22,46-60,Silver
C09023,Chennai,2025-09-29,26-35,Gold
C09024,Bangalore,2024-12-30,26-35,Silver
C09025,Bangalore,2025-02-19,36-45,Gold
C09026,Mumbai,2025-01-25,46-60,Silver
C09027,Hyderabad,2026-05-01,36-45,Platinum
C09028,Bangalore,2025-10-12,18-25,Gold
C09029,Hyderabad,2025-09-26,46-60,Silver
C09030,Delhi,2025-01-17,26-35,Silver
C09031,Bangalore,2025-12-16,26-35,Platinum
C09032,Chennai,2024-12-19,36-45,Silver
C09033,Bangalore,2024-09-21,18-25,Gold
C09034,Delhi,2025-10-08,26-35,Gold
C09035,Hyderabad,2025-07-17,18-25,Silver
C09036,Delhi,2026-01-27,36-45,Silver
C09037,Mumbai,2024-09-26,36-45,Silver
C09038,Mumbai,2024-09-03,46-60,Silver
C09039,Mumbai,2024-12-15,36-45,Gold
C09040,Mumbai,2026-01-02,18-25,Silver
C09041,Mumbai,2025-09-04,46-60,Gold
C09042,Delhi,2025-10-20,36-45,Silver
C09043,Delhi,2025-12-30,26-35,Silver
C09044,Delhi,2024-07-30,36-45,Silver
C09045,Delhi,2024-11-30,36-45,Silver
C09046,Bangalore,2024-12-07,36-45,Silver
C09047,Bangalore,2025-05-14,26-35,Gold
C09048,Chennai,2026-01-15,26-35,Gold
C09049,Bangalore,2025-06-29,36-45,Gold
C09050,Chennai,2025-04-21,26-35,Silver
C09051,Hyderabad,2026-02-04,46-60,Gold
C09052,Chennai,2024-08-29,46-60,Platinum
C09053,Chennai,2026-04-10,26-35,Silver
C09054,Bangalore,2024-10-17,46-60,Silver
C09055,Delhi,2025-04-07,26-35,Silver
C09056,Bangalore,2024-11-13,18-25,Gold
C09057,Chennai,2026-03-12,26-35,Platinum
C09058,Bangalore,2026-02-27,46-60,Gold
C09059,Chennai,2025-06-17,26-35,Gold
C09060,Chennai,2025-01-29,26-35,Gold
C09061,Delhi,2024-08-02,18-25,Silver
C09062,Chennai,2024-12-12,46-60,Silver
C09063,Chennai,2025-09-13,18-25,Silver
C09064,Chennai,2024-11-20,46-60,Gold
C09065,Chennai,2026-03-06,18-25,Gold
C09066,Mumbai,2024-05-27,46-60,Silver
C09067,Hyderabad,2024-08-09,46-60,Gold
C09068,Mumbai,2024-09-27,26-35,Silver
C09069,Chennai,2024-07-25,36-45,Gold
C09070,Hyderabad,2024-10-09,46-60,Silver
C09071,Delhi,2025-02-05,26-35,Platinum
C09072,Hyderabad,2025-12-12,18-25,Gold
C09073,Chennai,2025-10-08,46-60,Gold
C09074,Bangalore,2025-07-08,36-45,Gold
C09075,Hyderabad,2024-07-18,46-60,Gold
C09076,Bangalore,2024-11-15,46-60,Silver
C09077,Delhi,2025-07-29,18-25,Gold
C09078,Chennai,2024-06-26,46-60,Silver
C09079,Mumbai,2026-04-26,46-60,Silver
C09080,Bangalore,2024-07-03,36-45,Gold
C09081,Chennai,2025-01-25,18-25,Silver
C09082,Delhi,2026-03-03,18-25,Silver
C09083,Mumbai,2024-12-16,36-45,Silver
C09084,Bangalore,2025-12-08,46-60,Silver
C09085,Hyderabad,2024-07-23,36-45,Gold
C09086,Mumbai,2024-07-23,36-45,Silver
C09087,Chennai,2024-08-04,36-45,Silver
C09088,Hyderabad,2024-05-24,46-60,Gold
C09089,Chennai,2025-11-07,26-35,Gold
C09090,Chennai,2025-06-30,26-35,Gold
C09091,Mumbai,2025-07-24,36-45,Silver
C09092,Chennai,2024-06-07,18-25,Gold
C09093,Bangalore,2024-05-20,26-35,Platinum
C09094,Bangalore,2025-02-25,46-60,Gold
C09095,Mumbai,2025-11-16,46-60,Platinum
C09096,Chennai,2024-09-24,36-45,Silver
C09097,Chennai,2026-02-06,46-60,Silver
C09098,Bangalore,2025-07-07,46-60,Gold
C09099,Delhi,2026-01-18,36-45,Silver
C09100,Mumbai,2025-02-15,26-35,Gold
C09101,Delhi,2025-02-23,18-25,Gold
C09102,Chennai,2024-07-25,18-25,Silver
C09103,Delhi,2026-03-04,46-60,Gold
C09104,Delhi,2025-02-21,36-45,Silver
C09105,Chennai,2025-06-06,26-35,Silver
C09106,Chennai,2025-04-15,36-45,Silver
C09107,Delhi,2025-12-23,36-45,Platinum
C09108,Hyderabad,2024-11-10,26-35,Gold
C09109,Bangalore,2025-08-14,26-35,Gold
C09110,Chennai,2025-10-14,18-25,Silver
C09111,Chennai,2025-04-15,26-35,Silver
C09112,Delhi,2025-09-22,18-25,Gold
C09113,Bangalore,2026-04-24,18-25,Gold
C09114,Chennai,2025-06-03,26-35,Gold
C09115,Bangalore,2024-12-13,18-25,Silver
C09116,Mumbai,2024-10-27,46-60,Silver
C09117,Mumbai,2024-07-20,18-25,Silver
C09118,Chennai,2025-05-14,46-60,Gold
C09119,Delhi,2025-07-06,26-35,Gold
C09120,Hyderabad,2025-09-09,26-35,Platinum
C09121,Bangalore,2025-11-14,18-25,Silver
C09122,Hyderabad,2025-09-02,36-45,Silver
C09123,Chennai,2025-03-12,36-45,Silver
C09124,Mumbai,2025-03-26,18-25,Silver
C09125,Bangalore,2025-03-14,26-35,Silver
C09126,Chennai,2026-04-05,18-25,Silver
C09127,Hyderabad,2024-12-29,46-60,Silver
C09128,Bangalore,2025-04-06,18-25,Gold
C09129,Hyderabad,2024-11-12,18-25,Gold
C09130,Hyderabad,2025-10-03,18-25,Silver
C09131,Delhi,2025-11-25,46-60,Gold
C09132,Delhi,2025-12-09,18-25,Silver
C09133,Chennai,2025-02-14,18-25,Silver
C09134,Delhi,2024-07-07,36-45,Silver
C09135,Chennai,2025-02-20,26-35,Platinum
C09136,Mumbai,2024-12-09,18-25,Gold
C09137,Chennai,2026-02-27,36-45,Gold
C09138,Mumbai,2024-08-19,36-45,Silver
C09139,Delhi,2024-06-06,46-60,Gold
C09140,Mumbai,2024-12-23,36-45,Gold
C09141,Delhi,2024-12-20,26-35,Platinum
C09142,Hyderabad,2026-04-16,18-25,Silver
C09143,Hyderabad,2025-02-04,18-25,Gold
C09144,Delhi,2024-09-30,18-25,Gold
C09145,Delhi,2025-08-24,26-35,Gold
C09146,Bangalore,2026-03-14,18-25,Gold
C09147,Bangalore,2025-04-17,46-60,Platinum
C09148,Hyderabad,2025-02-20,26-35,Silver
C09149,Hyderabad,2025-08-31,36-45,Gold
C09150,Mumbai,2024-10-19,36-45,Silver
C09151,Bangalore,2024-09-16,46-60,Silver
C09152,Bangalore,2025-10-09,18-25,Gold
C09153,Delhi,2026-04-06,36-45,Gold
C09154,Hyderabad,2024-10-21,36-45,Gold
C09155,Bangalore,2025-01-07,36-45,Platinum
C09156,Chennai,2025-01-31,46-60,Silver
C09157,Hyderabad,2025-05-01,18-25,Silver
C09158,Delhi,2026-02-16,36-45,Gold
C09159,Chennai,2024-08-01,26-35,Silver
C09160,Chennai,2026-03-13,18-25,Gold
C09161,Chennai,2024-07-26,18-25,Silver
C09162,Bangalore,2025-05-01,18-25,Silver
C09163,Hyderabad,2025-10-25,36-45,Gold
C09164,Bangalore,2026-01-06,26-35,Silver
C09165,Chennai,2025-12-21,18-25,Gold
C09166,Delhi,2025-08-13,36-45,Silver
C09167,Hyderabad,2026-02-18,18-25,Platinum
C09168,Delhi,2025-08-07,26-35,Silver
C09169,Hyderabad,2024-12-02,46-60,Gold
C09170,Hyderabad,2025-12-07,36-45,Silver
C09171,Chennai,2025-11-17,36-45,Silver
C09172,Bangalore,2025-05-17,18-25,Silver
C09173,Hyderabad,2024-07-26,36-45,Silver
C09174,Chennai,2024-09-15,18-25,Silver
C09175,Hyderabad,2025-08-12,26-35,Gold
C09176,Delhi,2026-01-17,18-25,Gold
C09177,Chennai,2025-05-31,36-45,Silver
C09178,Mumbai,2024-12-30,46-60,Silver
C09179,Bangalore,2025-01-17,36-45,Silver
C09180,Chennai,2024-12-10,26-35,Silver
C09181,Hyderabad,2025-01-29,18-25,Gold
C09182,Chennai,2024-10-03,46-60,Silver
C09183,Delhi,2024-07-11,36-45,Gold
C09184,Hyderabad,2025-12-22,36-45,Platinum
C09185,Mumbai,2025-09-03,46-60,Silver
C09186,Delhi,2024-11-21,18-25,Gold
C09187,Hyderabad,2025-05-10,36-45,Silver
C09188,Bangalore,2025-12-16,26-35,Silver
C09189,Chennai,2024-06-09,18-25,Platinum
C09190,Mumbai,2025-02-01,18-25,Gold
C09191,Mumbai,2024-11-29,18-25,Silver
C09192,Delhi,2025-03-22,46-60,Silver
C09193,Hyderabad,2025-06-07,46-60,Platinum
C09194,Chennai,2024-09-25,36-45,Silver
C09195,Delhi,2024-07-29,46-60,Silver
C09196,Bangalore,2024-09-03,18-25,Silver
C09197,Mumbai,2025-07-05,26-35,Platinum
C09198,Mumbai,2025-12-03,36-45,Silver
C09199,Chennai,2025-04-25,46-60,Gold
C09200,Mumbai,2026-03-15,26-35,Silver
C09201,Hyderabad,2025-06-18,26-35,Silver
C09202,Hyderabad,2025-10-21,36-45,Gold
C09203,Chennai,2025-10-27,26-35,Silver
C09204,Hyderabad,2026-02-03,26-35,Gold
C09205,Mumbai,2024-09-10,36-45,Gold
C09206,Bangalore,2025-08-18,36-45,Silver
C09207,Bangalore,2025-02-01,46-60,Gold
C09208,Hyderabad,2025-05-04,36-45,Silver
C09209,Mumbai,2025-01-18,18-25,Gold
C09210,Mumbai,2025-04-01,36-45,Silver
C09211,Mumbai,2025-07-06,36-45,Platinum
C09212,Hyderabad,2025-10-27,46-60,Gold
C09213,Hyderabad,2025-01-06,36-45,Silver
C09214,Chennai,2024-09-29,46-60,Gold
C09215,Chennai,2026-02-24,26-35,Gold
C09216,Bangalore,2025-06-07,26-35,Silver
C09217,Delhi,2026-03-15,36-45,Silver
C09218,Bangalore,2024-10-13,26-35,Silver
C09219,Delhi,2024-08-15,46-60,Silver
C09220,Bangalore,2025-10-29,26-35,Silver
C09221,Bangalore,2025-04-22,36-45,Gold
C09222,Bangalore,2024-09-26,46-60,Gold
C09223,Bangalore,2025-09-06,18-25,Gold
C09224,Mumbai,2025-05-09,46-60,Silver
C09225,Delhi,2025-11-23,18-25,Gold
C09226,Chennai,2024-09-01,18-25,Silver
C09227,Chennai,2024-07-09,46-60,Silver
C09228,Hyderabad,2026-01-09,18-25,Gold
C09229,Mumbai,2025-06-21,36-45,Silver
C09230,Delhi,2025-01-02,36-45,Silver
C09231,Bangalore,2024-07-27,46-60,Platinum
C09232,Bangalore,2025-12-10,18-25,Silver
C09233,Bangalore,2024-05-16,26-35,Gold
C09234,Hyderabad,2024-05-31,18-25,Silver
C09235,Delhi,2025-04-20,18-25,Silver
C09236,Bangalore,2025-06-01,36-45,Silver
C09237,Bangalore,2026-02-14,18-25,Silver
C09238,Mumbai,2024-06-16,36-45,Silver
C09239,Hyderabad,2024-06-02,26-35,Silver
C09240,Mumbai,2026-04-06,46-60,Silver
C09241,Chennai,2025-07-24,46-60,Gold
C09242,Delhi,2025-11-03,26-35,Gold
C09243,Bangalore,2025-06-19,36-45,Silver
C09244,Chennai,2024-06-12,26-35,Platinum
C09245,Mumbai,2026-04-09,36-45,Silver
C09246,Mumbai,2024-11-27,36-45,Gold
C09247,Bangalore,2024-09-21,18-25,Gold
C09248,Delhi,2024-07-28,26-35,Silver
C09249,Chennai,2026-05-12,18-25,Gold
C09250,Chennai,2025-05-24,46-60,Gold
C09251,Hyderabad,2024-06-09,46-60,Gold
C09252,Chennai,2026-03-24,36-45,Gold
C09253,Delhi,2024-08-17,36-45,Gold
C09254,Bangalore,2024-07-07,46-60,Gold
C09255,Delhi,2024-07-05,36-45,Silver
C09256,Hyderabad,2025-03-01,26-35,Silver
C09257,Delhi,2026-01-14,18-25,Silver
C09258,Delhi,2024-10-26,36-45,Silver
C09259,Hyderabad,2025-12-25,18-25,Silver
C09260,Hyderabad,2025-10-23,46-60,Silver
C09261,Chennai,2026-04-15,26-35,Gold
C09262,Chennai,2026-03-02,46-60,Silver
C09263,Mumbai,2024-06-09,26-35,Gold
C09264,Delhi,2025-08-15,26-35,Platinum
C09265,Chennai,2025-12-01,36-45,Silver
C09266,Bangalore,2024-11-22,36-45,Gold
C09267,Hyderabad,2025-05-26,26-35,Silver
C09268,Hyderabad,2025-06-16,18-25,Gold
C09269,Delhi,2024-08-11,46-60,Silver
C09270,Bangalore,2026-03-09,18-25,Silver
C09271,Mumbai,2025-06-11,46-60,Silver
C09272,Chennai,2026-05-13,46-60,Silver
C09273,Hyderabad,2024-12-14,26-35,Gold
C09274,Bangalore,2025-04-02,46-60,Gold
C09275,Mumbai,2025-03-14,26-35,Platinum
C09276,Bangalore,2025-01-02,46-60,Silver
C09277,Delhi,2025-09-27,46-60,Silver
C09278,Mumbai,2025-01-01,46-60,Gold
C09279,Bangalore,2025-08-24,46-60,Platinum
C09280,Hyderabad,2025-09-15,46-60,Gold
C09281,Mumbai,2025-01-21,26-35,Gold
C09282,Bangalore,2024-12-21,36-45,Silver
C09283,Bangalore,2024-09-27,18-25,Silver
C09284,Mumbai,2024-12-25,36-45,Silver
C09285,Bangalore,2026-02-03,26-35,Silver
C09286,Delhi,2024-08-28,36-45,Gold
C09287,Bangalore,2025-03-08,26-35,Silver
C09288,Mumbai,2025-03-04,36-45,Platinum
C09289,Mumbai,2024-06-29,26-35,Silver
C09290,Chennai,2025-12-24,46-60,Gold
C09291,Chennai,2024-09-17,26-35,Silver
C09292,Mumbai,2026-02-28,18-25,Silver
C09293,Bangalore,2025-06-23,26-35,Gold
C09294,Bangalore,2024-11-13,36-45,Gold
C09295,Delhi,2025-04-02,36-45,Platinum
C09296,Mumbai,2025-02-23,26-35,Gold
C09297,Hyderabad,2025-04-15,46-60,Gold
C09298,Delhi,2025-07-18,18-25,Platinum
C09299,Hyderabad,2024-11-22,36-45,Silver
C09300,Delhi,2025-09-21,26-35,Gold
C09301,Mumbai,2026-01-26,46-60,Silver
C09302,Delhi,2024-07-29,36-45,Platinum
C09303,Delhi,2024-07-02,26-35,Silver
C09304,Bangalore,2025-11-29,18-25,Silver
C09305,Delhi,2025-01-13,46-60,Gold
C09306,Mumbai,2025-11-29,46-60,Silver
C09307,Bangalore,2025-11-28,46-60,Silver
C09308,Bangalore,2026-04-30,46-60,Silver
C09309,Hyderabad,2026-05-12,46-60,Gold
C09310,Mumbai,2025-07-22,26-35,Silver
C09311,Chennai,2024-06-21,26-35,Silver
C09312,Hyderabad,2025-10-13,46-60,Silver
C09313,Hyderabad,2024-12-22,36-45,Silver
C09314,Mumbai,2025-07-18,18-25,Gold
C09315,Delhi,2025-02-28,46-60,Gold
C09316,Delhi,2025-11-09,26-35,Silver
C09317,Delhi,2026-01-05,26-35,Silver
C09318,Hyderabad,2025-02-27,36-45,Silver
C09319,Hyderabad,2025-10-04,26-35,Silver
C09320,Chennai,2025-12-09,36-45,Silver
C09321,Bangalore,2025-12-06,26-35,Silver
C09322,Chennai,2025-09-04,36-45,Silver
C09323,Delhi,2024-12-06,26-35,Silver
C09324,Bangalore,2025-04-03,26-35,Silver
C09325,Mumbai,2026-02-03,26-35,Silver
C09326,Chennai,2025-03-29,18-25,Silver
C09327,Chennai,2025-05-02,36-45,Silver
C09328,Bangalore,2025-09-28,46-60,Silver
C09329,Chennai,2026-02-22,46-60,Silver
C09330,Chennai,2026-04-21,46-60,Gold
C09331,Mumbai,2025-11-30,46-60,Gold
C09332,Chennai,2026-03-26,36-45,Platinum
C09333,Chennai,2025-10-19,46-60,Gold
C09334,Chennai,2024-11-07,36-45,Gold
C09335,Bangalore,2025-12-27,26-35,Silver
C09336,Delhi,2025-04-12,26-35,Gold
C09337,Chennai,2024-08-13,46-60,Gold
C09338,Mumbai,2026-02-18,46-60,Silver
C09339,Delhi,2025-05-02,18-25,Gold
C09340,Hyderabad,2024-10-31,18-25,Gold
C09341,Mumbai,2025-08-11,18-25,Silver
C09342,Mumbai,2024-07-02,36-45,Gold
C09343,Bangalore,2024-10-07,18-25,Silver
C09344,Chennai,2024-11-01,18-25,Silver
C09345,Mumbai,2024-10-04,46-60,Silver
C09346,Bangalore,2025-06-08,36-45,Platinum
C09347,Hyderabad,2025-05-21,36-45,Silver
C09348,Delhi,2025-05-11,18-25,Silver
C09349,Hyderabad,2025-04-09,26-35,Silver
C09350,Hyderabad,2024-08-27,36-45,Platinum
C09351,Delhi,2024-06-13,46-60,Gold
C09352,Chennai,2024-10-11,36-45,Silver
C09353,Chennai,2024-05-22,26-35,Silver
C09354,Hyderabad,2025-03-22,36-45,Platinum
C09355,Bangalore,2024-10-16,46-60,Gold
C09356,Mumbai,2025-10-10,18-25,Silver
C09357,Bangalore,2025-08-10,36-45,Gold
C09358,Hyderabad,2025-12-18,26-35,Silver
C09359,Delhi,2025-08-30,18-25,Gold
C09360,Delhi,2024-11-18,26-35,Silver
C09361,Delhi,2025-12-15,46-60,Silver
C09362,Hyderabad,2025-07-27,46-60,Gold
C09363,Mumbai,2025-06-14,26-35,Silver
C09364,Hyderabad,2025-08-07,18-25,Silver
C09365,Chennai,2025-07-18,46-60,Silver
C09366,Hyderabad,2024-09-05,26-35,Gold
C09367,Hyderabad,2026-05-08,36-45,Silver
C09368,Mumbai,2026-04-27,18-25,Silver
C09369,Bangalore,2025-01-19,36-45,Silver
C09370,Mumbai,2025-04-21,36-45,Gold
C09371,Hyderabad,2025-06-05,36-45,Silver
C09372,Delhi,2026-04-12,36-45,Gold
C09373,Bangalore,2025-04-17,18-25,Silver
C09374,Bangalore,2025-11-26,46-60,Silver
C09375,Bangalore,2025-12-05,36-45,Silver
C09376,Delhi,2025-07-31,36-45,Silver
C09377,Hyderabad,2025-09-04,36-45,Silver
C09378,Delhi,2026-03-26,46-60,Silver
C09379,Delhi,2024-08-25,46-60,Silver
C09380,Hyderabad,2024-12-09,36-45,Silver
C09381,Delhi,2024-06-30,46-60,Silver
C09382,Hyderabad,2024-07-27,46-60,Silver
C09383,Delhi,2025-10-19,18-25,Platinum
C09384,Mumbai,2025-06-30,18-25,Silver
C09385,Delhi,2024-06-09,46-60,Gold
C09386,Chennai,2025-08-20,18-25,Gold
C09387,Hyderabad,2025-03-15,26-35,Gold
C09388,Hyderabad,2026-03-30,46-60,Platinum
C09389,Bangalore,2026-03-08,26-35,Silver
C09390,Delhi,2025-06-28,18-25,Silver
C09391,Hyderabad,2024-09-29,18-25,Platinum
C09392,Bangalore,2026-04-22,46-60,Silver
C09393,Delhi,2025-09-17,18-25,Silver
C09394,Delhi,2025-03-10,46-60,Silver
C09395,Mumbai,2025-06-28,26-35,Gold
C09396,Hyderabad,2026-01-08,36-45,Silver
C09397,Delhi,2024-12-03,36-45,Silver
C09398,Chennai,2024-08-30,46-60,Silver
C09399,Delhi,2025-10-02,36-45,Silver
C09400,Mumbai,2025-10-09,46-60,Gold
C09401,Mumbai,2026-04-14,18-25,Silver
C09402,Chennai,2025-04-22,46-60,Silver
C09403,Bangalore,2025-10-18,26-35,Silver
C09404,Chennai,2025-04-23,36-45,Silver
C09405,Mumbai,2025-09-15,18-25,Platinum
C09406,Chennai,2025-10-23,36-45,Silver
C09407,Hyderabad,2025-11-17,36-45,Gold
C09408,Bangalore,2024-09-09,46-60,Silver
C09409,Delhi,2024-05-20,26-35,Gold
C09410,Bangalore,2025-11-20,18-25,Silver
C09411,Bangalore,2025-04-04,46-60,Gold
C09412,Hyderabad,2024-10-18,26-35,Silver
C09413,Chennai,2024-08-18,36-45,Gold
C09414,Mumbai,2025-08-09,36-45,Silver
C09415,Chennai,2025-09-06,36-45,Silver
C09416,Chennai,2026-03-10,46-60,Silver
C09417,Bangalore,2025-12-23,26-35,Silver
C09418,Chennai,2026-02-04,18-25,Silver
C09419,Bangalore,2024-09-14,26-35,Silver
C09420,Bangalore,2025-09-04,18-25,Silver
C09421,Delhi,2025-02-28,18-25,Silver
C09422,Hyderabad,2025-05-19,26-35,Silver
C09423,Delhi,2025-08-13,36-45,Silver
C09424,Mumbai,2025-02-22,26-35,Silver
C09425,Delhi,2024-10-16,26-35,Silver
C09426,Hyderabad,2026-03-07,26-35,Platinum
C09427,Hyderabad,2026-01-20,18-25,Silver
C09428,Hyderabad,2025-07-01,36-45,Silver
C09429,Mumbai,2025-06-29,18-25,Platinum
C09430,Hyderabad,2025-03-27,46-60,Gold
C09431,Delhi,2025-11-11,26-35,Silver
C09432,Mumbai,2025-08-11,36-45,Silver
C09433,Chennai,2025-09-21,26-35,Silver
C09434,Bangalore,2025-08-26,36-45,Silver
C09435,Chennai,2025-08-30,26-35,Gold
C09436,Bangalore,2026-03-18,18-25,Silver
C09437,Mumbai,2025-01-11,36-45,Platinum
C09438,Delhi,2024-10-24,36-45,Silver
C09439,Delhi,2024-07-21,18-25,Silver
C09440,Chennai,2025-01-19,18-25,Silver
C09441,Bangalore,2026-01-29,26-35,Silver
C09442,Delhi,2025-03-09,18-25,Silver
C09443,Bangalore,2026-03-03,46-60,Silver
C09444,Mumbai,2024-10-11,26-35,Silver
C09445,Chennai,2024-08-31,46-60,Gold
C09446,Bangalore,2026-01-30,36-45,Gold
C09447,Delhi,2026-04-29,46-60,Gold
C09448,Hyderabad,2025-04-03,26-35,Silver
C09449,Chennai,2026-04-11,36-45,Gold
C09450,Delhi,2025-06-07,46-60,Gold
C09451,Hyderabad,2024-06-01,18-25,Gold
C09452,Delhi,2025-08-05,26-35,Gold
C09453,Chennai,2024-06-06,36-45,Silver
C09454,Hyderabad,2024-08-27,18-25,Platinum
C09455,Mumbai,2026-04-27,36-45,Silver
C09456,Mumbai,2025-02-22,26-35,Gold
C09457,Chennai,2025-01-07,36-45,Platinum
C09458,Mumbai,2026-04-12,18-25,Silver
C09459,Hyderabad,2025-06-14,36-45,Gold
C09460,Bangalore,2025-06-06,46-60,Silver
C09461,Chennai,2026-05-12,36-45,Gold
C09462,Bangalore,2025-12-22,26-35,Silver
C09463,Hyderabad,2024-10-24,18-25,Silver
C09464,Mumbai,2024-09-02,36-45,Gold
C09465,Mumbai,2026-03-24,46-60,Silver
C09466,Hyderabad,2024-05-31,46-60,Silver
C09467,Delhi,2024-06-02,26-35,Platinum
C09468,Mumbai,2026-03-07,18-25,Silver
C09469,Delhi,2025-07-09,18-25,Platinum
C09470,Bangalore,2025-11-14,36-45,Silver
C09471,Delhi,2026-03-27,26-35,Silver
C09472,Mumbai,2025-06-07,18-25,Gold
C09473,Hyderabad,2024-12-17,46-60,Gold
C09474,Bangalore,2025-09-30,26-35,Platinum
C09475,Bangalore,2024-08-28,18-25,Silver
C09476,Chennai,2026-03-22,18-25,Gold
C09477,Hyderabad,2024-08-27,18-25,Silver
C09478,Bangalore,2024-12-30,26-35,Silver
C09479,Chennai,2026-05-12,18-25,Gold
C09480,Bangalore,2025-02-07,18-25,Silver
C09481,Mumbai,2024-06-06,18-25,Silver
C09482,Hyderabad,2026-04-25,36-45,Gold
C09483,Mumbai,2026-04-29,46-60,Silver
C09484,Hyderabad,2024-10-14,46-60,Silver
C09485,Bangalore,2025-08-31,36-45,Gold
C09486,Bangalore,2025-05-12,26-35,Gold
C09487,Bangalore,2025-04-29,46-60,Silver
C09488,Mumbai,2025-06-24,18-25,Gold
C09489,Chennai,2025-04-15,18-25,Silver
C09490,Delhi,2025-11-16,36-45,Platinum
C09491,Delhi,2025-01-07,36-45,Gold
C09492,Delhi,2025-12-21,26-35,Silver
C09493,Chennai,2026-02-17,26-35,Silver
C09494,Delhi,2026-05-07,18-25,Silver
C09495,Hyderabad,2026-01-08,18-25,Platinum
C09496,Mumbai,2025-01-17,36-45,Gold
C09497,Mumbai,2024-07-09,36-45,Gold
C09498,Hyderabad,2024-11-20,18-25,Gold
C09499,Bangalore,2024-10-05,18-25,Gold
C09500,Chennai,2024-06-10,26-35,Silver
C09501,Bangalore,2026-05-11,18-25,Silver
C09502,Chennai,2026-05-04,46-60,Platinum
C09503,Delhi,2024-11-24,26-35,Silver
C09504,Bangalore,2025-08-04,36-45,Silver
C09505,Mumbai,2025-10-28,46-60,Silver
C09506,Chennai,2025-11-20,18-25,Gold
C09507,Bangalore,2026-01-23,46-60,Gold
C09508,Hyderabad,2025-08-15,26-35,Gold
C09509,Bangalore,2025-09-17,18-25,Silver
C09510,Chennai,2026-05-12,18-25,Silver
C09511,Hyderabad,2025-05-21,18-25,Silver
C09512,Chennai,2026-05-12,36-45,Silver
C09513,Mumbai,2025-11-25,18-25,Silver
C09514,Delhi,2024-07-06,26-35,Silver
C09515,Bangalore,2025-05-14,18-25,Silver
C09516,Hyderabad,2025-02-07,36-45,Silver
C09517,Mumbai,2025-08-31,18-25,Silver
C09518,Bangalore,2024-08-04,36-45,Silver
C09519,Hyderabad,2025-05-03,36-45,Gold
C09520,Hyderabad,2026-03-06,36-45,Silver
C09521,Mumbai,2026-02-27,36-45,Silver
C09522,Delhi,2024-06-12,36-45,Gold
C09523,Mumbai,2026-02-01,18-25,Gold
C09524,Hyderabad,2025-08-16,36-45,Silver
C09525,Mumbai,2025-01-03,36-45,Silver
C09526,Mumbai,2025-05-16,46-60,Silver
C09527,Mumbai,2025-03-05,18-25,Silver
C09528,Bangalore,2026-01-15,18-25,Silver
C09529,Delhi,2024-10-30,18-25,Silver
C09530,Chennai,2025-05-07,18-25,Gold
C09531,Mumbai,2026-01-05,26-35,Platinum
C09532,Chennai,2025-08-03,18-25,Silver
C09533,Bangalore,2026-02-24,46-60,Gold
C09534,Chennai,2025-12-24,26-35,Gold
C09535,Hyderabad,2026-03-19,18-25,Gold
C09536,Delhi,2025-09-21,26-35,Silver
C09537,Bangalore,2024-06-21,18-25,Gold
C09538,Hyderabad,2025-06-20,18-25,Silver
C09539,Chennai,2024-08-24,36-45,Silver
C09540,Bangalore,2025-03-22,46-60,Silver
C09541,Hyderabad,2024-07-19,18-25,Silver
C09542,Bangalore,2024-06-08,18-25,Silver
C09543,Chennai,2025-03-03,46-60,Silver
C09544,Delhi,2025-04-16,46-60,Gold
C09545,Mumbai,2025-08-17,36-45,Platinum
C09546,Hyderabad,2024-08-03,46-60,Silver
C09547,Hyderabad,2025-04-08,36-45,Silver
C09548,Chennai,2025-07-13,36-45,Gold
C09549,Hyderabad,2025-02-27,46-60,Silver
C09550,Delhi,2026-01-14,46-60,Gold
C09551,Mumbai,2026-04-19,46-60,Silver
C09552,Chennai,2025-12-30,18-25,Silver
C09553,Bangalore,2024-07-07,46-60,Gold
C09554,Mumbai,2025-04-15,18-25,Silver
C09555,Chennai,2025-12-11,46-60,Silver
C09556,Bangalore,2024-08-06,46-60,Silver
C09557,Chennai,2024-05-30,18-25,Silver
C09558,Bangalore,2024-07-30,26-35,Gold
C09559,Mumbai,2024-07-21,36-45,Silver
C09560,Hyderabad,2024-08-18,46-60,Gold
C09561,Hyderabad,2024-08-12,26-35,Silver
C09562,Mumbai,2024-09-30,36-45,Gold
C09563,Mumbai,2025-12-09,18-25,Gold
C09564,Chennai,2026-04-02,46-60,Gold
C09565,Delhi,2025-10-16,36-45,Silver
C09566,Hyderabad,2026-02-17,18-25,Gold
C09567,Delhi,2025-05-12,46-60,Silver
C09568,Hyderabad,2024-07-02,18-25,Gold
C09569,Chennai,2025-06-30,26-35,Silver
C09570,Hyderabad,2026-03-07,46-60,Gold
C09571,Hyderabad,2024-05-22,26-35,Gold
C09572,Delhi,2024-10-12,18-25,Silver
C09573,Hyderabad,2024-05-24,26-35,Silver
C09574,Bangalore,2024-07-04,26-35,Silver
C09575,Bangalore,2026-04-13,36-45,Silver
C09576,Delhi,2025-08-18,36-45,Silver
C09577,Mumbai,2025-07-02,46-60,Silver
C09578,Bangalore,2026-01-25,26-35,Silver
C09579,Chennai,2024-09-01,46-60,Silver
C09580,Delhi,2025-10-05,26-35,Silver
C09581,Bangalore,2025-08-24,46-60,Gold
C09582,Bangalore,2026-03-21,46-60,Gold
C09583,Delhi,2025-05-20,26-35,Gold
C09584,Delhi,2024-08-28,46-60,Silver
C09585,Chennai,2024-08-01,26-35,Gold
C09586,Chennai,2025-07-02,18-25,Gold
C09587,Bangalore,2025-05-19,26-35,Silver
C09588,Bangalore,2026-04-14,36-45,Platinum
C09589,Mumbai,2025-12-28,36-45,Gold
C09590,Delhi,2024-06-24,46-60,Silver
C09591,Hyderabad,2024-06-16,46-60,Gold
C09592,Hyderabad,2025-12-12,18-25,Gold
C09593,Bangalore,2025-03-01,26-35,Silver
C09594,Chennai,2025-12-25,18-25,Silver
C09595,Bangalore,2024-06-22,18-25,Gold
C09596,Hyderabad,2025-08-01,36-45,Gold
C09597,Chennai,2025-05-03,46-60,Platinum
C09598,Chennai,2024-06-08,18-25,Silver
C09599,Bangalore,2025-10-30,26-35,Silver
C09600,Mumbai,2026-01-29,26-35,Gold
C09601,Delhi,2024-08-24,36-45,Silver
C09602,Mumbai,2024-07-11,18-25,Gold
C09603,Hyderabad,2025-10-19,26-35,Silver
C09604,Mumbai,2025-05-27,26-35,Silver
C09605,Delhi,2025-10-20,26-35,Silver
C09606,Chennai,2024-12-25,26-35,Gold
C09607,Bangalore,2024-10-07,46-60,Silver
C09608,Delhi,2025-09-08,26-35,Gold
C09609,Delhi,2026-03-26,26-35,Silver
C09610,Mumbai,2026-02-04,36-45,Silver
C09611,Delhi,2026-01-03,36-45,Silver
C09612,Mumbai,2024-10-11,36-45,Gold
C09613,Chennai,2025-01-12,26-35,Silver
C09614,Bangalore,2026-04-03,36-45,Platinum
C09615,Delhi,2025-08-26,46-60,Silver
C09616,Mumbai,2024-11-30,18-25,Silver
C09617,Delhi,2025-05-20,36-45,Platinum
C09618,Mumbai,2026-02-13,18-25,Silver
C09619,Mumbai,2024-11-13,18-25,Silver
C09620,Delhi,2024-08-01,26-35,Silver
C09621,Bangalore,2025-12-10,26-35,Silver
C09622,Mumbai,2024-12-28,46-60,Silver
C09623,Mumbai,2024-09-26,18-25,Silver
C09624,Mumbai,2025-09-04,36-45,Silver
C09625,Hyderabad,2024-09-22,46-60,Gold
C09626,Hyderabad,2025-02-15,18-25,Silver
C09627,Bangalore,2025-01-28,46-60,Gold
C09628,Bangalore,2025-08-05,46-60,Silver
C09629,Chennai,2024-06-24,26-35,Silver
C09630,Mumbai,2025-01-25,36-45,Gold
C09631,Chennai,2025-12-25,46-60,Silver
C09632,Delhi,2025-07-31,36-45,Gold
C09633,Hyderabad,2024-08-07,46-60,Silver
C09634,Mumbai,2025-12-23,36-45,Gold
C09635,Delhi,2024-08-21,18-25,Gold
C09636,Chennai,2024-10-31,36-45,Silver
C09637,Mumbai,2025-04-29,26-35,Platinum
C09638,Bangalore,2024-09-02,18-25,Silver
C09639,Chennai,2024-10-10,26-35,Gold
C09640,Delhi,2025-10-26,46-60,Silver
C09641,Chennai,2026-02-28,26-35,Gold
C09642,Chennai,2025-11-30,18-25,Gold
C09643,Mumbai,2024-06-27,18-25,Gold
C09644,Bangalore,2024-06-03,26-35,Gold
C09645,Hyderabad,2024-11-22,36-45,Platinum
C09646,Delhi,2025-11-08,46-60,Silver
C09647,Bangalore,2025-01-13,18-25,Gold
C09648,Hyderabad,2025-10-25,18-25,Silver
C09649,Bangalore,2025-08-22,26-35,Platinum
C09650,Hyderabad,2025-10-10,46-60,Silver
C09651,Chennai,2026-05-15,46-60,Platinum
C09652,Delhi,2025-06-08,46-60,Silver
C09653,Bangalore,2025-12-25,18-25,Silver
C09654,Bangalore,2024-06-05,26-35,Platinum
C09655,Hyderabad,2025-07-05,36-45,Silver
C09656,Hyderabad,2025-01-30,46-60,Gold
C09657,Mumbai,2025-04-14,46-60,Silver
C09658,Bangalore,2026-02-07,46-60,Gold
C09659,Bangalore,2025-02-09,18-25,Silver
C09660,Bangalore,2025-05-04,46-60,Gold
C09661,Delhi,2025-08-15,36-45,Platinum
C09662,Delhi,2024-09-11,36-45,Platinum
C09663,Chennai,2025-07-22,36-45,Silver
C09664,Hyderabad,2025-08-07,18-25,Gold
C09665,Mumbai,2024-07-07,18-25,Silver
C09666,Chennai,2024-06-21,18-25,Gold
C09667,Delhi,2024-08-23,46-60,Platinum
C09668,Delhi,2024-05-19,18-25,Silver
C09669,Hyderabad,2025-12-02,36-45,Silver
C09670,Hyderabad,2026-02-06,18-25,Platinum
C09671,Bangalore,2025-06-06,18-25,Gold
C09672,Chennai,2025-08-31,46-60,Gold
C09673,Delhi,2026-04-25,46-60,Silver
C09674,Mumbai,2025-07-02,36-45,Silver
C09675,Delhi,2025-08-29,26-35,Gold
C09676,Hyderabad,2026-04-29,46-60,Silver
C09677,Delhi,2025-08-23,18-25,Gold
C09678,Chennai,2025-05-29,26-35,Silver
C09679,Mumbai,2025-05-29,18-25,Gold
C09680,Chennai,2025-05-19,26-35,Silver
C09681,Mumbai,2024-12-04,46-60,Silver
C09682,Bangalore,2025-08-04,26-35,Silver
C09683,Bangalore,2024-09-11,18-25,Gold
C09684,Hyderabad,2024-10-31,18-25,Gold
C09685,Chennai,2025-08-30,18-25,Silver
C09686,Delhi,2025-05-10,36-45,Silver
C09687,Chennai,2026-01-24,46-60,Silver
C09688,Delhi,2025-02-12,46-60,Silver
C09689,Chennai,2025-04-06,18-25,Silver
C09690,Delhi,2025-10-10,46-60,Silver
C09691,Hyderabad,2025-08-22,46-60,Silver
C09692,Chennai,2025-10-04,36-45,Silver
C09693,Hyderabad,2024-09-10,36-45,Silver
C09694,Bangalore,2024-12-21,36-45,Gold
C09695,Hyderabad,2025-03-13,36-45,Silver
C09696,Bangalore,2024-05-31,18-25,Silver
C09697,Mumbai,2024-10-07,26-35,Gold
C09698,Chennai,2025-05-08,36-45,Gold
C09699,Mumbai,2026-03-05,46-60,Gold
C09700,Delhi,2024-07-10,18-25,Silver
C09701,Mumbai,2025-03-21,18-25,Silver
C09702,Mumbai,2024-12-25,46-60,Gold
C09703,Hyderabad,2025-12-16,36-45,Gold
C09704,Chennai,2024-08-28,46-60,Platinum
C09705,Hyderabad,2025-04-30,46-60,Gold
C09706,Hyderabad,2025-02-28,36-45,Silver
C09707,Chennai,2025-09-11,36-45,Platinum
C09708,Delhi,2025-02-13,36-45,Silver
C09709,Mumbai,2024-07-13,46-60,Gold
C09710,Mumbai,2024-11-17,26-35,Silver
C09711,Chennai,2025-10-20,36-45,Silver
C09712,Chennai,2024-06-03,18-25,Platinum
C09713,Chennai,2025-06-27,26-35,Silver
C09714,Delhi,2024-09-05,26-35,Gold
C09715,Delhi,2024-08-11,36-45,Gold
C09716,Delhi,2025-08-30,46-60,Gold
C09717,Hyderabad,2026-02-05,18-25,Silver
C09718,Delhi,2026-02-09,18-25,Silver
C09719,Chennai,2024-10-14,26-35,Silver
C09720,Bangalore,2025-12-30,26-35,Silver
C09721,Bangalore,2026-04-21,36-45,Silver
C09722,Mumbai,2026-01-05,18-25,Silver
C09723,Delhi,2025-04-23,46-60,Silver
C09724,Chennai,2024-07-09,36-45,Silver
C09725,Bangalore,2025-04-26,36-45,Silver
C09726,Chennai,2024-09-19,26-35,Silver
C09727,Mumbai,2024-12-01,36-45,Silver
C09728,Mumbai,2024-09-05,36-45,Silver
C09729,Chennai,2025-11-09,46-60,Gold
C09730,Bangalore,2026-01-09,36-45,Silver
C09731,Mumbai,2026-01-27,26-35,Silver
C09732,Delhi,2025-07-17,36-45,Silver
C09733,Mumbai,2024-06-05,18-25,Silver
C09734,Delhi,2024-08-31,26-35,Silver
C09735,Bangalore,2025-05-26,46-60,Platinum
C09736,Hyderabad,2025-06-01,26-35,Silver
C09737,Bangalore,2024-08-30,26-35,Platinum
C09738,Mumbai,2026-01-17,18-25,Silver
C09739,Mumbai,2024-08-31,36-45,Platinum
C09740,Hyderabad,2025-07-09,46-60,Silver
C09741,Bangalore,2026-05-01,46-60,Silver
C09742,Chennai,2026-04-19,46-60,Silver
C09743,Hyderabad,2024-12-23,36-45,Platinum
C09744,Hyderabad,2026-02-06,26-35,Gold
C09745,Delhi,2026-02-19,46-60,Gold
C09746,Delhi,2025-07-11,26-35,Gold
C09747,Chennai,2026-02-08,18-25,Silver
C09748,Mumbai,2026-05-13,46-60,Gold
C09749,Chennai,2024-09-08,18-25,Silver
C09750,Bangalore,2025-02-19,26-35,Silver
C09751,Hyderabad,2025-07-13,18-25,Silver
C09752,Hyderabad,2025-03-11,26-35,Gold
C09753,Chennai,2025-09-06,46-60,Gold
C09754,Bangalore,2024-10-29,18-25,Silver
C09755,Hyderabad,2025-03-22,18-25,Gold
C09756,Chennai,2024-08-07,26-35,Gold
C09757,Mumbai,2026-03-02,46-60,Silver
C09758,Chennai,2025-07-18,36-45,Silver
C09759,Chennai,2025-03-10,26-35,Silver
C09760,Chennai,2025-10-06,26-35,Platinum
C09761,Hyderabad,2025-12-17,36-45,Silver
C09762,Mumbai,2025-09-30,46-60,Silver
C09763,Bangalore,2024-06-03,46-60,Gold
C09764,Delhi,2026-01-02,46-60,Gold
C09765,Delhi,2024-08-30,36-45,Silver
C09766,Mumbai,2025-12-31,46-60,Silver
C09767,Mumbai,2026-04-03,36-45,Silver
C09768,Bangalore,2026-05-07,18-25,Silver
C09769,Mumbai,2024-08-31,26-35,Gold
C09770,Hyderabad,2024-10-12,18-25,Platinum
C09771,Bangalore,2025-01-21,18-25,Silver
C09772,Bangalore,2025-11-19,18-25,Silver
C09773,Mumbai,2024-09-20,36-45,Silver
C09774,Mumbai,2025-11-21,26-35,Gold
C09775,Mumbai,2025-04-14,26-35,Silver
C09776,Mumbai,2025-05-25,46-60,Silver
C09777,Mumbai,2024-12-12,46-60,Silver
C09778,Chennai,2024-11-24,26-35,Platinum
C09779,Bangalore,2025-07-12,36-45,Silver
C09780,Delhi,2025-12-09,46-60,Silver
C09781,Bangalore,2024-10-19,46-60,Silver
C09782,Chennai,2025-06-29,26-35,Silver
C09783,Delhi,2026-04-29,18-25,Silver
C09784,Mumbai,2025-09-06,36-45,Silver
C09785,Delhi,2026-03-10,36-45,Silver
C09786,Bangalore,2025-01-30,18-25,Silver
C09787,Chennai,2024-10-27,26-35,Silver
C09788,Chennai,2024-05-16,26-35,Silver
C09789,Bangalore,2024-11-12,46-60,Silver
C09790,Mumbai,2024-11-06,26-35,Silver
C09791,Delhi,2024-08-20,26-35,Silver
C09792,Mumbai,2025-07-21,36-45,Silver
C09793,Mumbai,2024-12-01,46-60,Gold
C09794,Mumbai,2025-04-15,18-25,Platinum
C09795,Delhi,2025-08-21,26-35,Gold
C09796,Bangalore,2024-05-28,26-35,Gold
C09797,Bangalore,2024-06-16,18-25,Silver
C09798,Mumbai,2025-01-02,36-45,Silver
C09799,Bangalore,2024-09-03,18-25,Silver
C09800,Mumbai,2024-10-22,36-45,Gold
C09801,Mumbai,2025-03-08,18-25,Silver
C09802,Chennai,2025-01-16,18-25,Platinum
C09803,Chennai,2024-09-12,36-45,Silver
C09804,Bangalore,2024-11-27,46-60,Silver
C09805,Bangalore,2026-03-07,18-25,Silver
C09806,Mumbai,2024-11-11,36-45,Platinum
C09807,Bangalore,2024-12-10,46-60,Silver
C09808,Bangalore,2025-11-13,18-25,Silver
C09809,Hyderabad,2024-07-24,46-60,Silver
C09810,Mumbai,2025-10-06,26-35,Silver
C09811,Bangalore,2024-08-31,36-45,Silver
C09812,Chennai,2024-05-29,26-35,Silver
C09813,Delhi,2024-09-01,18-25,Silver
C09814,Chennai,2024-11-25,18-25,Silver
C09815,Bangalore,2026-02-08,46-60,Silver
C09816,Hyderabad,2025-12-09,18-25,Gold
C09817,Bangalore,2025-01-26,26-35,Silver
C09818,Chennai,2025-07-05,46-60,Gold
C09819,Hyderabad,2025-07-23,26-35,Silver
C09820,Bangalore,2026-02-13,18-25,Gold
C09821,Chennai,2024-07-04,26-35,Platinum
C09822,Delhi,2024-10-13,36-45,Gold
C09823,Hyderabad,2026-04-18,18-25,Platinum
C09824,Mumbai,2024-10-17,46-60,Silver
C09825,Mumbai,2024-12-11,18-25,Silver
C09826,Chennai,2024-10-15,18-25,Gold
C09827,Bangalore,2024-09-08,36-45,Gold
C09828,Bangalore,2025-05-12,26-35,Silver
C09829,Delhi,2026-01-05,26-35,Gold
C09830,Bangalore,2025-12-08,46-60,Silver
C09831,Mumbai,2025-06-05,36-45,Platinum
C09832,Delhi,2024-09-19,46-60,Silver
C09833,Delhi,2025-07-11,36-45,Silver
C09834,Chennai,2025-03-27,18-25,Silver
C09835,Mumbai,2024-06-05,36-45,Platinum
C09836,Hyderabad,2024-06-28,46-60,Gold
C09837,Chennai,2026-01-22,46-60,Silver
C09838,Bangalore,2025-12-10,46-60,Silver
C09839,Mumbai,2025-03-19,18-25,Silver
C09840,Mumbai,2024-06-24,18-25,Silver
C09841,Chennai,2025-09-05,18-25,Gold
C09842,Delhi,2025-08-24,36-45,Silver
C09843,Delhi,2024-06-25,26-35,Gold
C09844,Delhi,2024-07-26,18-25,Gold
C09845,Bangalore,2025-02-18,26-35,Silver
C09846,Mumbai,2025-12-07,26-35,Silver
C09847,Hyderabad,2024-11-02,46-60,Silver
C09848,Delhi,2025-03-26,46-60,Silver
C09849,Chennai,2025-03-27,46-60,Silver
C09850,Hyderabad,2025-10-09,18-25,Silver
C09851,Bangalore,2026-01-21,18-25,Silver
C09852,Chennai,2025-12-01,18-25,Gold
C09853,Delhi,2026-01-18,18-25,Gold
C09854,Hyderabad,2025-03-05,36-45,Gold
C09855,Hyderabad,2025-10-18,26-35,Gold
C09856,Hyderabad,2025-06-14,46-60,Gold
C09857,Mumbai,2025-09-06,18-25,Silver
C09858,Bangalore,2026-04-07,26-35,Silver
C09859,Mumbai,2025-03-18,36-45,Silver
C09860,Delhi,2025-10-21,36-45,Gold
C09861,Chennai,2024-10-19,36-45,Silver
C09862,Chennai,2026-01-03,26-35,Silver
C09863,Hyderabad,2025-01-13,26-35,Gold
C09864,Hyderabad,2024-06-22,46-60,Gold
C09865,Delhi,2026-05-16,26-35,Silver
C09866,Chennai,2026-04-09,18-25,Gold
C09867,Bangalore,2026-05-05,46-60,Gold
C09868,Delhi,2026-05-01,46-60,Silver
C09869,Delhi,2025-05-13,36-45,Silver
C09870,Hyderabad,2026-05-09,26-35,Platinum
C09871,Hyderabad,2025-12-16,26-35,Silver
C09872,Mumbai,2025-07-04,36-45,Gold
C09873,Delhi,2025-05-13,36-45,Silver
C09874,Bangalore,2025-03-06,36-45,Gold
C09875,Hyderabad,2025-05-07,36-45,Silver
C09876,Chennai,2026-01-29,26-35,Gold
C09877,Hyderabad,2025-06-03,26-35,Gold
C09878,Chennai,2024-11-28,46-60,Gold
C09879,Hyderabad,2025-11-15,36-45,Silver
C09880,Delhi,2024-10-27,26-35,Silver
C09881,Delhi,2025-05-24,36-45,Platinum
C09882,Chennai,2024-11-18,18-25,Silver
C09883,Delhi,2025-04-09,18-25,Silver
C09884,Delhi,2025-10-27,18-25,Silver
C09885,Chennai,2025-08-25,18-25,Gold
C09886,Bangalore,2025-10-04,26-35,Gold
C09887,Mumbai,2024-10-19,26-35,Gold
C09888,Chennai,2024-09-25,18-25,Silver
C09889,Mumbai,2025-01-29,26-35,Gold
C09890,Bangalore,2024-06-24,36-45,Gold
C09891,Bangalore,2024-09-12,26-35,Gold
C09892,Mumbai,2025-12-01,18-25,Gold
C09893,Hyderabad,2024-05-30,18-25,Silver
C09894,Mumbai,2026-01-24,46-60,Gold
C09895,Bangalore,2024-06-15,18-25,Silver
C09896,Bangalore,2024-11-06,26-35,Silver
C09897,Chennai,2026-02-01,18-25,Silver
C09898,Bangalore,2024-09-19,26-35,Gold
C09899,Delhi,2024-08-08,26-35,Silver
C09900,Mumbai,2025-10-23,18-25,Gold
C09901,Mumbai,2025-10-31,46-60,Gold
C09902,Chennai,2024-07-24,36-45,Silver
C09903,Bangalore,2024-11-16,36-45,Silver
C09904,Chennai,2025-11-29,36-45,Gold
C09905,Chennai,2024-10-18,46-60,Silver
C09906,Delhi,2025-02-07,36-45,Silver
C09907,Mumbai,2024-10-05,36-45,Gold
C09908,Hyderabad,2025-11-14,26-35,Silver
C09909,Delhi,2025-12-18,26-35,Platinum
C09910,Hyderabad,2025-08-26,26-35,Silver
C09911,Bangalore,2024-05-22,46-60,Gold
C09912,Bangalore,2025-04-05,46-60,Platinum
C09913,Chennai,2026-03-14,18-25,Silver
C09914,Delhi,2024-06-19,36-45,Silver
C09915,Hyderabad,2025-08-23,18-25,Gold
C09916,Hyderabad,2026-02-21,36-45,Silver
C09917,Mumbai,2024-12-23,36-45,Silver
C09918,Delhi,2025-06-27,46-60,Silver
C09919,Chennai,2024-11-09,36-45,Silver
C09920,Delhi,2025-12-19,26-35,Silver
C09921,Bangalore,2025-08-14,18-25,Silver
C09922,Chennai,2025-11-30,36-45,Silver
C09923,Mumbai,2024-10-28,36-45,Silver
C09924,Bangalore,2024-11-14,26-35,Silver
C09925,Delhi,2024-12-20,36-45,Silver
C09926,Mumbai,2025-03-12,26-35,Gold
C09927,Mumbai,2024-11-29,18-25,Silver
C09928,Chennai,2025-01-11,36-45,Gold
C09929,Mumbai,2025-09-13,46-60,Gold
C09930,Chennai,2026-01-20,18-25,Gold
C09931,Bangalore,2026-05-03,26-35,Silver
C09932,Mumbai,2026-02-26,36-45,Gold
C09933,Delhi,2025-08-05,36-45,Gold
C09934,Chennai,2025-12-17,46-60,Silver
C09935,Hyderabad,2025-03-07,36-45,Gold
C09936,Chennai,2025-02-14,36-45,Silver
C09937,Bangalore,2025-03-16,26-35,Silver
C09938,Mumbai,2025-09-30,46-60,Silver
C09939,Chennai,2026-03-21,36-45,Silver
C09940,Chennai,2025-07-21,36-45,Silver
C09941,Delhi,2025-05-29,18-25,Gold
C09942,Delhi,2024-07-09,46-60,Silver
C09943,Bangalore,2024-12-26,36-45,Platinum
C09944,Mumbai,2025-03-13,26-35,Silver
C09945,Bangalore,2025-01-09,46-60,Silver
C09946,Mumbai,2025-08-25,26-35,Gold
C09947,Hyderabad,2024-08-31,18-25,Platinum
C09948,Hyderabad,2025-09-09,26-35,Silver
C09949,Chennai,2025-10-12,46-60,Gold
C09950,Hyderabad,2026-04-24,26-35,Silver
C09951,Mumbai,2024-05-21,46-60,Gold
C09952,Bangalore,2024-05-25,26-35,Gold
C09953,Chennai,2025-08-21,36-45,Gold
C09954,Mumbai,2026-01-04,26-35,Silver
C09955,Chennai,2024-06-28,26-35,Gold
C09956,Hyderabad,2025-07-19,36-45,Gold
C09957,Hyderabad,2024-09-29,18-25,Silver
C09958,Delhi,2026-04-29,46-60,Platinum
C09959,Chennai,2025-03-06,26-35,Silver
C09960,Hyderabad,2024-06-17,36-45,Silver
C09961,Chennai,2024-09-13,26-35,Silver
C09962,Delhi,2026-01-16,46-60,Gold
C09963,Bangalore,2025-03-26,46-60,Gold
C09964,Bangalore,2026-02-28,46-60,Silver
C09965,Chennai,2025-08-26,18-25,Silver
C09966,Delhi,2025-02-16,36-45,Silver
C09967,Hyderabad,2026-03-10,26-35,Gold
C09968,Hyderabad,2025-06-04,18-25,Platinum
C09969,Mumbai,2025-11-24,26-35,Silver
C09970,Delhi,2024-11-13,18-25,Silver
C09971,Bangalore,2024-10-01,46-60,Silver
C09972,Bangalore,2025-08-26,18-25,Silver
C09973,Chennai,2025-08-29,36-45,Silver
C09974,Chennai,2024-08-18,26-35,Gold
C09975,Chennai,2025-04-05,46-60,Silver
C09976,Hyderabad,2025-09-10,46-60,Gold
C09977,Hyderabad,2025-09-20,18-25,Silver
C09978,Bangalore,2025-12-11,26-35,Gold
C09979,Chennai,2024-07-08,18-25,Gold
C09980,Hyderabad,2026-03-21,46-60,Silver
C09981,Mumbai,2024-06-10,46-60,Silver
C09982,Mumbai,2024-11-08,26-35,Gold
C09983,Chennai,2025-09-01,18-25,Silver
C09984,Mumbai,2025-07-01,46-60,Silver
C09985,Bangalore,2025-04-28,18-25,Gold
C09986,Chennai,2025-10-15,26-35,Platinum
C09987,Chennai,2024-11-23,36-45,Silver
C09988,Mumbai,2026-01-02,18-25,Silver
C09989,Chennai,2024-11-08,18-25,Silver
C09990,Delhi,2025-04-12,46-60,Silver
C09991,Mumbai,2024-07-20,46-60,Silver
C09992,Bangalore,2025-09-02,18-25,Silver
C09993,Bangalore,2025-03-23,18-25,Gold
C09994,Mumbai,2025-02-18,46-60,Silver
C09995,Delhi,2026-04-23,18-25,Silver
C09996,Bangalore,2025-06-04,46-60,Gold
C09997,Mumbai,2024-09-19,18-25,Gold
C09998,Bangalore,2025-05-02,36-45,Silver
C09999,Hyderabad,2025-06-25,36-45,Gold
C10000,Hyderabad,2025-03-21,18-25,Gold
C10001,Hyderabad,2025-10-14,26-35,Gold
C10002,Chennai,2025-12-08,18-25,Silver
C10003,Mumbai,2026-04-23,46-60,Silver
C10004,Bangalore,2026-04-12,18-25,Silver
C10005,Hyderabad,2024-09-30,36-45,Silver
C10006,Hyderabad,2024-11-23,36-45,Silver
C10007,Mumbai,2025-11-06,26-35,Gold
C10008,Delhi,2026-03-01,26-35,Silver
C10009,Delhi,2024-09-25,46-60,Silver
C10010,Mumbai,2025-02-22,26-35,Silver
C10011,Delhi,2024-12-18,26-35,Silver
C10012,Delhi,2025-08-21,46-60,Gold
C10013,Mumbai,2024-05-30,46-60,Silver
C10014,Hyderabad,2024-11-21,26-35,Platinum
C10015,Delhi,2025-01-26,26-35,Silver
C10016,Bangalore,2025-11-10,26-35,Silver
C10017,Mumbai,2025-12-17,36-45,Gold
C10018,Delhi,2025-11-08,46-60,Silver
C10019,Mumbai,2025-09-06,18-25,Platinum
C10020,Hyderabad,2025-01-08,18-25,Silver
C10021,Chennai,2024-12-26,18-25,Gold
C10022,Delhi,2024-11-05,26-35,Gold
C10023,Chennai,2025-05-19,26-35,Gold
C10024,Bangalore,2026-02-26,36-45,Silver
C10025,Delhi,2026-03-09,26-35,Silver
C10026,Delhi,2026-02-05,36-45,Platinum
C10027,Mumbai,2024-06-29,18-25,Silver
C10028,Mumbai,2025-07-30,36-45,Silver
C10029,Delhi,2024-10-14,46-60,Gold
C10030,Hyderabad,2025-08-07,36-45,Silver
C10031,Mumbai,2026-02-18,18-25,Silver
C10032,Delhi,2024-09-30,46-60,Gold
C10033,Bangalore,2024-10-23,36-45,Silver
C10034,Chennai,2024-07-17,36-45,Gold
C10035,Hyderabad,2025-04-04,26-35,Silver
C10036,Delhi,2025-10-26,46-60,Silver
C10037,Mumbai,2024-05-16,26-35,Silver
C10038,Bangalore,2024-12-29,26-35,Gold
C10039,Bangalore,2025-09-24,26-35,Silver
C10040,Bangalore,2026-05-09,26-35,Gold
C10041,Delhi,2025-05-03,36-45,Silver
C10042,Bangalore,2025-02-11,36-45,Silver
C10043,Delhi,2025-10-10,36-45,Gold
C10044,Chennai,2024-06-21,46-60,Silver
C10045,Delhi,2024-11-21,46-60,Silver
C10046,Delhi,2024-07-28,18-25,Gold
C10047,Bangalore,2024-05-24,46-60,Gold
C10048,Chennai,2025-11-26,26-35,Silver
C10049,Hyderabad,2025-02-26,26-35,Gold
C10050,Mumbai,2025-05-21,46-60,Silver
C10051,Mumbai,2026-04-02,46-60,Silver
C10052,Bangalore,2025-12-01,26-35,Gold
C10053,Bangalore,2025-11-08,26-35,Silver
C10054,Chennai,2026-02-05,36-45,Gold
C10055,Hyderabad,2025-06-29,18-25,Silver
C10056,Delhi,2025-05-24,18-25,Gold
C10057,Delhi,2025-06-04,18-25,Gold
C10058,Mumbai,2025-07-29,26-35,Platinum
C10059,Chennai,2025-07-19,18-25,Silver
C10060,Chennai,2026-02-21,36-45,Silver
C10061,Bangalore,2024-07-10,46-60,Gold
C10062,Chennai,2025-05-07,18-25,Silver
C10063,Bangalore,2024-09-04,46-60,Gold
C10064,Bangalore,2026-03-08,36-45,Silver
C10065,Hyderabad,2026-01-12,36-45,Gold
C10066,Bangalore,2025-10-16,36-45,Gold
C10067,Chennai,2024-06-05,26-35,Gold
C10068,Delhi,2024-07-28,26-35,Silver
C10069,Chennai,2024-05-25,36-45,Platinum
C10070,Hyderabad,2024-09-16,18-25,Silver
C10071,Bangalore,2025-01-16,26-35,Silver
C10072,Hyderabad,2025-05-04,36-45,Silver
C10073,Bangalore,2025-09-26,26-35,Silver
C10074,Bangalore,2024-08-19,36-45,Silver
C10075,Hyderabad,2024-12-19,26-35,Silver
C10076,Delhi,2025-07-27,46-60,Silver
C10077,Hyderabad,2024-10-26,26-35,Silver
C10078,Delhi,2025-07-03,18-25,Gold
C10079,Delhi,2025-03-27,36-45,Silver
C10080,Chennai,2025-07-08,46-60,Platinum
C10081,Mumbai,2025-02-07,36-45,Gold
C10082,Mumbai,2025-08-06,46-60,Platinum
C10083,Hyderabad,2024-08-24,36-45,Silver
C10084,Delhi,2024-06-10,18-25,Silver
C10085,Delhi,2025-12-05,46-60,Silver
C10086,Bangalore,2025-09-09,36-45,Silver
C10087,Chennai,2024-09-07,26-35,Silver
C10088,Hyderabad,2024-12-31,26-35,Gold
C10089,Bangalore,2025-07-10,18-25,Gold
C10090,Delhi,2026-04-01,18-25,Gold
C10091,Mumbai,2024-06-07,36-45,Silver
C10092,Bangalore,2025-03-17,46-60,Gold
C10093,Mumbai,2025-03-05,36-45,Silver
C10094,Delhi,2025-11-13,36-45,Silver
C10095,Chennai,2024-11-21,18-25,Silver
C10096,Mumbai,2025-03-12,46-60,Silver
C10097,Hyderabad,2025-04-30,46-60,Silver
C10098,Chennai,2025-11-27,18-25,Silver
C10099,Bangalore,2025-10-29,18-25,Silver
C10100,Chennai,2025-09-14,36-45,Gold
C10101,Delhi,2024-12-20,46-60,Gold
C10102,Mumbai,2024-07-22,36-45,Silver
C10103,Bangalore,2024-12-26,46-60,Gold
C10104,Hyderabad,2024-06-15,26-35,Silver
C10105,Mumbai,2025-08-21,26-35,Silver
C10106,Bangalore,2024-12-17,36-45,Silver
C10107,Chennai,2026-02-17,46-60,Platinum
C10108,Hyderabad,2026-02-03,36-45,Gold
C10109,Hyderabad,2025-05-24,18-25,Silver
C10110,Chennai,2024-05-21,36-45,Silver
C10111,Chennai,2026-04-07,26-35,Silver
C10112,Delhi,2025-05-19,46-60,Gold
C10113,Hyderabad,2025-07-14,46-60,Silver
C10114,Mumbai,2025-07-22,18-25,Silver
C10115,Delhi,2024-11-17,46-60,Silver
C10116,Bangalore,2025-03-11,18-25,Silver
C10117,Mumbai,2026-04-04,36-45,Gold
C10118,Bangalore,2024-05-19,46-60,Silver
C10119,Hyderabad,2025-07-26,18-25,Silver
C10120,Hyderabad,2024-07-05,26-35,Silver
C10121,Hyderabad,2024-06-23,36-45,Silver
C10122,Bangalore,2025-01-14,26-35,Silver
C10123,Mumbai,2025-01-11,36-45,Silver
C10124,Chennai,2025-03-09,18-25,Silver
C10125,Hyderabad,2026-04-05,36-45,Silver
C10126,Bangalore,2025-06-24,26-35,Platinum
C10127,Chennai,2025-05-24,46-60,Silver
C10128,Chennai,2024-09-16,46-60,Silver
C10129,Hyderabad,2024-07-24,36-45,Silver
C10130,Bangalore,2024-09-25,26-35,Platinum
C10131,Bangalore,2024-07-31,46-60,Silver
C10132,Mumbai,2024-08-11,26-35,Silver
C10133,Delhi,2025-08-09,26-35,Gold
C10134,Delhi,2025-03-19,18-25,Silver
C10135,Chennai,2025-10-06,36-45,Silver
C10136,Mumbai,2024-07-27,36-45,Gold
C10137,Mumbai,2024-11-15,26-35,Silver
C10138,Bangalore,2026-03-10,26-35,Silver
C10139,Chennai,2025-07-20,46-60,Silver
C10140,Bangalore,2025-04-04,46-60,Gold
C10141,Bangalore,2025-09-16,36-45,Gold
C10142,Hyderabad,2026-04-13,26-35,Silver
C10143,Hyderabad,2024-09-02,26-35,Gold
C10144,Chennai,2025-12-29,36-45,Platinum
C10145,Hyderabad,2024-12-24,18-25,Silver
C10146,Mumbai,2024-06-08,26-35,Silver
C10147,Delhi,2026-01-25,26-35,Silver
C10148,Hyderabad,2024-06-28,18-25,Gold
C10149,Delhi,2025-09-28,26-35,Gold
C10150,Chennai,2026-02-17,36-45,Gold
C10151,Delhi,2026-03-04,46-60,Platinum
C10152,Hyderabad,2025-09-14,46-60,Silver
C10153,Hyderabad,2025-09-01,46-60,Silver
C10154,Chennai,2025-06-05,46-60,Gold
C10155,Chennai,2024-07-26,36-45,Silver
C10156,Chennai,2025-07-24,46-60,Silver
C10157,Delhi,2025-05-09,36-45,Silver
C10158,Hyderabad,2026-02-11,26-35,Silver
C10159,Bangalore,2026-04-06,26-35,Silver
C10160,Hyderabad,2025-01-27,18-25,Silver
C10161,Bangalore,2025-01-12,36-45,Silver
C10162,Mumbai,2025-11-07,46-60,Platinum
C10163,Delhi,2024-06-26,46-60,Silver
C10164,Hyderabad,2025-08-17,36-45,Silver
C10165,Mumbai,2025-12-21,26-35,Gold
C10166,Hyderabad,2026-03-13,26-35,Silver
C10167,Bangalore,2025-11-14,36-45,Gold
C10168,Delhi,2024-06-01,18-25,Silver
C10169,Delhi,2025-01-14,36-45,Silver
C10170,Mumbai,2025-02-23,36-45,Silver
C10171,Chennai,2026-01-06,18-25,Silver
C10172,Mumbai,2025-06-12,46-60,Platinum
C10173,Delhi,2024-06-27,36-45,Silver
C10174,Delhi,2025-07-01,46-60,Silver
C10175,Hyderabad,2025-02-20,36-45,Silver
C10176,Hyderabad,2024-11-03,46-60,Gold
C10177,Bangalore,2025-04-17,26-35,Gold
C10178,Bangalore,2025-04-01,36-45,Silver
C10179,Delhi,2024-07-21,36-45,Platinum
C10180,Chennai,2025-04-13,18-25,Gold
C10181,Hyderabad,2024-08-19,36-45,Platinum
C10182,Bangalore,2026-01-24,46-60,Gold
C10183,Mumbai,2024-11-15,26-35,Silver
C10184,Mumbai,2025-11-12,26-35,Gold
C10185,Chennai,2024-06-13,36-45,Silver
C10186,Chennai,2025-12-11,26-35,Silver
C10187,Mumbai,2025-06-19,18-25,Silver
C10188,Mumbai,2025-06-08,46-60,Gold
C10189,Chennai,2025-02-23,26-35,Silver
C10190,Delhi,2024-07-03,18-25,Platinum
C10191,Chennai,2026-05-03,46-60,Gold
C10192,Delhi,2026-01-27,36-45,Silver
C10193,Bangalore,2024-08-29,18-25,Gold
C10194,Mumbai,2024-07-30,26-35,Gold
C10195,Bangalore,2026-04-23,46-60,Silver
C10196,Bangalore,2024-09-26,46-60,Silver
C10197,Mumbai,2025-10-17,36-45,Platinum
C10198,Mumbai,2024-06-25,26-35,Platinum
C10199,Mumbai,2025-11-12,26-35,Gold
C10200,Mumbai,2025-08-24,26-35,Silver
C10201,Delhi,2026-01-30,36-45,Gold
C10202,Bangalore,2025-03-29,46-60,Silver
C10203,Mumbai,2025-05-19,18-25,Gold
C10204,Mumbai,2025-05-30,26-35,Gold
C10205,Bangalore,2024-10-13,18-25,Gold
C10206,Chennai,2026-03-16,46-60,Silver
C10207,Bangalore,2024-09-14,26-35,Silver
C10208,Hyderabad,2025-10-13,46-60,Gold
C10209,Mumbai,2024-06-16,18-25,Silver
C10210,Hyderabad,2024-07-10,36-45,Silver
C10211,Hyderabad,2025-05-30,18-25,Silver
C10212,Hyderabad,2024-10-17,46-60,Silver
C10213,Mumbai,2025-02-16,36-45,Silver
C10214,Hyderabad,2025-02-28,36-45,Gold
C10215,Hyderabad,2025-03-10,18-25,Platinum
C10216,Hyderabad,2024-09-09,26-35,Silver
C10217,Mumbai,2025-02-27,18-25,Silver
C10218,Hyderabad,2024-10-07,36-45,Silver
C10219,Mumbai,2024-08-20,46-60,Silver
C10220,Mumbai,2025-12-09,36-45,Silver
C10221,Chennai,2026-01-14,18-25,Silver
C10222,Chennai,2024-09-04,36-45,Silver
C10223,Hyderabad,2026-02-05,36-45,Silver
C10224,Hyderabad,2025-10-29,46-60,Silver
C10225,Delhi,2024-07-20,18-25,Silver
C10226,Bangalore,2025-07-26,46-60,Gold
C10227,Mumbai,2024-11-11,36-45,Platinum
C10228,Delhi,2025-12-17,46-60,Silver
C10229,Hyderabad,2024-10-08,36-45,Silver
C10230,Mumbai,2025-10-25,46-60,Silver
C10231,Delhi,2024-12-15,18-25,Gold
C10232,Mumbai,2024-12-19,18-25,Silver
C10233,Bangalore,2025-03-15,36-45,Gold
C10234,Mumbai,2025-06-15,46-60,Silver
C10235,Hyderabad,2026-03-15,18-25,Silver
C10236,Chennai,2024-07-07,46-60,Gold
C10237,Bangalore,2025-04-29,18-25,Silver
C10238,Bangalore,2025-09-22,36-45,Platinum
C10239,Delhi,2024-06-24,36-45,Silver
C10240,Hyderabad,2026-05-06,46-60,Gold
C10241,Bangalore,2025-02-18,26-35,Platinum
C10242,Hyderabad,2025-04-04,18-25,Silver
C10243,Hyderabad,2026-04-20,26-35,Platinum
C10244,Mumbai,2024-06-12,18-25,Gold
C10245,Bangalore,2024-11-04,18-25,Silver
C10246,Delhi,2026-03-14,46-60,Silver
C10247,Mumbai,2025-01-16,46-60,Silver
C10248,Hyderabad,2025-03-17,36-45,Gold
C10249,Delhi,2024-07-02,46-60,Silver
C10250,Chennai,2025-05-30,36-45,Gold
C10251,Mumbai,2026-05-04,18-25,Silver
C10252,Hyderabad,2024-08-05,18-25,Gold
C10253,Hyderabad,2025-05-09,46-60,Silver
C10254,Delhi,2024-08-13,18-25,Silver
C10255,Chennai,2025-11-13,46-60,Silver
C10256,Hyderabad,2025-03-07,18-25,Silver
C10257,Chennai,2024-11-12,26-35,Silver
C10258,Chennai,2025-03-23,36-45,Silver
C10259,Bangalore,2026-01-10,26-35,Silver
C10260,Mumbai,2026-02-14,36-45,Gold
C10261,Mumbai,2025-04-04,46-60,Silver
C10262,Hyderabad,2026-01-23,26-35,Silver
C10263,Delhi,2024-05-28,26-35,Silver
C10264,Delhi,2025-03-19,46-60,Gold
C10265,Mumbai,2024-07-02,36-45,Silver
C10266,Chennai,2024-05-18,36-45,Gold
C10267,Delhi,2025-08-09,46-60,Silver
C10268,Delhi,2025-05-24,36-45,Silver
C10269,Delhi,2026-05-08,18-25,Silver
C10270,Bangalore,2025-11-19,26-35,Gold
C10271,Mumbai,2025-02-03,26-35,Platinum
C10272,Bangalore,2025-02-03,26-35,Silver
C10273,Delhi,2026-03-26,36-45,Gold
C10274,Delhi,2026-05-12,36-45,Silver
C10275,Bangalore,2025-05-25,26-35,Platinum
C10276,Hyderabad,2025-09-11,46-60,Gold
C10277,Delhi,2024-10-28,46-60,Silver
C10278,Chennai,2024-08-17,18-25,Silver
C10279,Bangalore,2024-09-29,18-25,Platinum
C10280,Mumbai,2026-04-06,36-45,Silver
C10281,Mumbai,2026-05-08,36-45,Silver
C10282,Delhi,2024-11-09,18-25,Silver
C10283,Bangalore,2024-06-15,46-60,Silver
C10284,Bangalore,2025-05-05,36-45,Platinum
C10285,Hyderabad,2024-09-11,18-25,Gold
C10286,Chennai,2025-09-15,18-25,Gold
C10287,Chennai,2025-08-14,46-60,Gold
C10288,Delhi,2024-07-14,18-25,Silver
C10289,Delhi,2025-10-18,36-45,Silver
C10290,Bangalore,2025-02-12,36-45,Silver
C10291,Mumbai,2025-06-14,46-60,Silver
C10292,Mumbai,2025-04-26,18-25,Gold
C10293,Chennai,2025-11-03,26-35,Silver
C10294,Hyderabad,2024-09-03,36-45,Gold
C10295,Chennai,2025-08-01,26-35,Platinum
C10296,Bangalore,2025-11-16,26-35,Gold
C10297,Chennai,2024-10-26,36-45,Silver
C10298,Delhi,2024-07-30,26-35,Gold
C10299,Chennai,2025-01-10,36-45,Silver
C10300,Mumbai,2026-02-03,26-35,Silver
C10301,Hyderabad,2025-12-10,18-25,Silver
C10302,Mumbai,2025-12-16,18-25,Gold
C10303,Delhi,2026-03-23,46-60,Silver
C10304,Mumbai,2025-08-25,26-35,Gold
C10305,Hyderabad,2024-05-19,26-35,Silver
C10306,Hyderabad,2026-04-13,26-35,Silver
C10307,Chennai,2025-02-20,46-60,Silver
C10308,Chennai,2025-01-18,46-60,Gold
C10309,Chennai,2024-07-01,26-35,Gold
C10310,Mumbai,2025-10-27,26-35,Silver
C10311,Chennai,2025-02-22,36-45,Silver
C10312,Chennai,2026-01-09,26-35,Gold
C10313,Hyderabad,2025-08-18,26-35,Gold
C10314,Bangalore,2025-07-16,18-25,Silver
C10315,Delhi,2024-11-16,36-45,Silver
C10316,Mumbai,2024-12-29,46-60,Silver
C10317,Hyderabad,2025-01-31,36-45,Silver
C10318,Bangalore,2026-04-01,36-45,Silver
C10319,Hyderabad,2025-09-13,18-25,Silver
C10320,Bangalore,2025-03-10,46-60,Gold
C10321,Hyderabad,2025-02-10,18-25,Silver
C10322,Chennai,2024-12-19,46-60,Silver
C10323,Mumbai,2025-05-12,36-45,Gold
C10324,Hyderabad,2026-04-20,36-45,Gold
C10325,Mumbai,2024-12-09,46-60,Silver
C10326,Chennai,2026-02-22,18-25,Silver
C10327,Mumbai,2025-02-22,46-60,Gold
C10328,Delhi,2024-10-01,46-60,Silver
C10329,Bangalore,2026-02-01,46-60,Gold
C10330,Hyderabad,2025-08-23,46-60,Gold
C10331,Bangalore,2024-09-29,18-25,Silver
C10332,Delhi,2025-05-28,46-60,Silver
C10333,Delhi,2025-03-11,46-60,Silver
C10334,Bangalore,2024-07-06,18-25,Gold
C10335,Delhi,2026-03-13,36-45,Silver
C10336,Hyderabad,2025-05-23,36-45,Silver
C10337,Mumbai,2025-01-01,26-35,Platinum
C10338,Bangalore,2025-11-22,26-35,Silver
C10339,Delhi,2024-10-22,26-35,Silver
C10340,Delhi,2025-12-05,36-45,Silver
C10341,Bangalore,2025-04-13,26-35,Silver
C10342,Hyderabad,2025-02-10,36-45,Platinum
C10343,Delhi,2025-08-24,36-45,Silver
C10344,Delhi,2025-02-05,46-60,Silver
C10345,Bangalore,2026-04-20,36-45,Platinum
C10346,Delhi,2026-03-29,18-25,Silver
C10347,Delhi,2025-07-15,18-25,Silver
C10348,Chennai,2024-09-12,26-35,Silver
C10349,Delhi,2025-04-09,26-35,Silver
C10350,Bangalore,2025-05-09,36-45,Silver
C10351,Chennai,2024-12-29,26-35,Silver
C10352,Delhi,2025-03-27,46-60,Silver
C10353,Hyderabad,2024-06-30,46-60,Gold
C10354,Mumbai,2024-10-18,18-25,Gold
C10355,Mumbai,2024-11-03,26-35,Gold
C10356,Chennai,2024-12-29,46-60,Platinum
C10357,Chennai,2026-02-07,18-25,Gold
C10358,Mumbai,2025-09-08,46-60,Silver
C10359,Bangalore,2025-08-20,26-35,Silver
C10360,Chennai,2026-03-14,46-60,Silver
C10361,Mumbai,2026-03-26,46-60,Silver
C10362,Bangalore,2024-12-10,26-35,Silver
C10363,Hyderabad,2026-01-17,46-60,Silver
C10364,Chennai,2025-04-16,26-35,Silver
C10365,Delhi,2025-08-18,18-25,Silver
C10366,Hyderabad,2026-03-16,36-45,Silver
C10367,Hyderabad,2026-01-21,18-25,Silver
C10368,Mumbai,2025-05-09,18-25,Silver
C10369,Bangalore,2026-03-10,26-35,Silver
C10370,Hyderabad,2025-12-12,18-25,Silver
C10371,Delhi,2025-02-06,18-25,Silver
C10372,Bangalore,2024-06-24,46-60,Silver
C10373,Chennai,2026-02-08,26-35,Silver
C10374,Bangalore,2025-03-27,46-60,Silver
C10375,Mumbai,2025-10-08,26-35,Gold
C10376,Chennai,2025-05-07,36-45,Silver
C10377,Chennai,2024-08-24,36-45,Silver
C10378,Hyderabad,2024-10-03,26-35,Silver
C10379,Delhi,2026-04-10,46-60,Silver
C10380,Delhi,2024-05-16,18-25,Silver
C10381,Delhi,2025-02-08,26-35,Silver
C10382,Mumbai,2026-01-17,36-45,Silver
C10383,Bangalore,2025-09-22,26-35,Platinum
C10384,Delhi,2025-05-06,36-45,Gold
C10385,Mumbai,2024-07-03,46-60,Platinum
C10386,Chennai,2024-12-01,36-45,Silver
C10387,Delhi,2024-08-16,26-35,Silver
C10388,Bangalore,2025-01-23,18-25,Gold
C10389,Delhi,2024-08-02,36-45,Gold
C10390,Chennai,2025-03-17,46-60,Silver
C10391,Chennai,2025-01-27,36-45,Platinum
C10392,Delhi,2025-10-04,18-25,Silver
C10393,Bangalore,2025-01-30,46-60,Silver
C10394,Delhi,2024-08-18,46-60,Silver
C10395,Bangalore,2025-02-27,18-25,Silver
C10396,Mumbai,2025-10-25,26-35,Gold
C10397,Bangalore,2025-06-01,18-25,Silver
C10398,Hyderabad,2025-10-02,36-45,Gold
C10399,Chennai,2025-07-31,26-35,Silver
C10400,Delhi,2025-05-25,26-35,Silver
C10401,Delhi,2024-11-19,46-60,Silver
C10402,Bangalore,2026-02-26,26-35,Gold
C10403,Bangalore,2025-06-22,18-25,Gold
C10404,Hyderabad,2025-10-09,46-60,Silver
C10405,Chennai,2025-12-17,46-60,Silver
C10406,Mumbai,2024-08-27,18-25,Gold
C10407,Chennai,2025-09-08,18-25,Silver
C10408,Hyderabad,2025-04-23,18-25,Platinum
C10409,Mumbai,2024-12-28,46-60,Silver
C10410,Bangalore,2026-01-20,36-45,Silver
C10411,Hyderabad,2025-02-07,26-35,Silver
C10412,Mumbai,2025-04-07,18-25,Silver
C10413,Bangalore,2026-03-15,36-45,Gold
C10414,Chennai,2025-06-25,26-35,Silver
C10415,Bangalore,2025-11-04,36-45,Silver
C10416,Bangalore,2024-11-27,18-25,Silver
C10417,Bangalore,2024-09-21,26-35,Silver
C10418,Chennai,2026-01-31,46-60,Silver
C10419,Chennai,2025-11-14,36-45,Gold
C10420,Mumbai,2024-12-03,26-35,Silver
C10421,Hyderabad,2024-08-18,18-25,Silver
C10422,Hyderabad,2024-12-20,46-60,Silver
C10423,Bangalore,2024-06-16,36-45,Platinum
C10424,Mumbai,2024-05-19,36-45,Silver
C10425,Bangalore,2026-04-05,26-35,Silver
C10426,Hyderabad,2024-10-12,26-35,Silver
C10427,Mumbai,2025-05-09,26-35,Silver
C10428,Chennai,2025-05-02,36-45,Platinum
C10429,Delhi,2026-04-09,36-45,Silver
C10430,Delhi,2024-08-20,46-60,Silver
C10431,Chennai,2025-09-09,36-45,Silver
C10432,Chennai,2026-01-13,18-25,Gold
C10433,Chennai,2026-04-08,26-35,Silver
C10434,Hyderabad,2026-05-11,36-45,Silver
C10435,Hyderabad,2024-11-04,46-60,Silver
C10436,Delhi,2024-10-21,36-45,Silver
C10437,Delhi,2024-10-29,18-25,Platinum
C10438,Bangalore,2024-06-24,36-45,Silver
C10439,Chennai,2026-05-16,46-60,Silver
C10440,Hyderabad,2026-01-25,46-60,Silver
C10441,Mumbai,2025-06-03,26-35,Gold
C10442,Bangalore,2026-02-18,46-60,Silver
C10443,Hyderabad,2026-01-01,26-35,Gold
C10444,Delhi,2025-04-24,36-45,Silver
C10445,Mumbai,2026-01-16,46-60,Gold
C10446,Hyderabad,2024-11-08,26-35,Silver
C10447,Mumbai,2026-03-31,36-45,Silver
C10448,Bangalore,2025-07-12,46-60,Gold
C10449,Hyderabad,2026-04-18,18-25,Silver
C10450,Delhi,2025-10-24,18-25,Silver
C10451,Hyderabad,2024-06-24,18-25,Silver
C10452,Bangalore,2025-03-08,36-45,Silver
C10453,Delhi,2024-09-30,36-45,Silver
C10454,Bangalore,2025-10-25,18-25,Silver
C10455,Mumbai,2024-09-14,36-45,Silver
C10456,Chennai,2025-09-07,18-25,Silver
C10457,Bangalore,2025-02-23,26-35,Silver
C10458,Delhi,2025-12-20,36-45,Gold
C10459,Mumbai,2026-01-12,26-35,Gold
C10460,Hyderabad,2025-09-27,26-35,Gold
C10461,Hyderabad,2025-10-05,46-60,Silver
C10462,Delhi,2024-12-14,46-60,Platinum
C10463,Bangalore,2025-05-17,26-35,Gold
C10464,Hyderabad,2026-05-12,18-25,Silver
C10465,Hyderabad,2026-03-18,46-60,Silver
C10466,Delhi,2024-09-07,26-35,Gold
C10467,Chennai,2025-03-29,36-45,Silver
C10468,Chennai,2025-04-08,18-25,Silver
C10469,Chennai,2025-03-23,26-35,Gold
C10470,Bangalore,2025-09-27,46-60,Gold
C10471,Mumbai,2024-05-25,46-60,Silver
C10472,Hyderabad,2026-03-07,46-60,Gold
C10473,Hyderabad,2026-02-21,18-25,Platinum
C10474,Bangalore,2025-04-12,18-25,Gold
C10475,Bangalore,2026-02-19,36-45,Silver
C10476,Chennai,2025-05-25,36-45,Silver
C10477,Delhi,2024-10-20,18-25,Gold
C10478,Hyderabad,2025-08-10,26-35,Gold
C10479,Delhi,2024-11-21,26-35,Gold
C10480,Delhi,2026-01-12,36-45,Gold
C10481,Delhi,2025-10-29,46-60,Silver
C10482,Bangalore,2024-10-27,46-60,Gold
C10483,Mumbai,2025-04-20,36-45,Gold
C10484,Delhi,2025-08-24,46-60,Silver
C10485,Hyderabad,2024-11-04,26-35,Silver
C10486,Chennai,2025-03-04,26-35,Silver
C10487,Hyderabad,2024-12-25,26-35,Silver
C10488,Chennai,2025-08-06,36-45,Silver
C10489,Chennai,2026-02-19,36-45,Silver
C10490,Bangalore,2026-03-22,26-35,Silver
C10491,Delhi,2026-04-28,36-45,Silver
C10492,Chennai,2024-08-03,18-25,Silver
C10493,Delhi,2026-04-25,36-45,Silver
C10494,Bangalore,2026-04-27,26-35,Silver
C10495,Bangalore,2025-05-18,26-35,Silver
C10496,Chennai,2024-12-19,36-45,Silver
C10497,Bangalore,2024-06-05,26-35,Platinum
C10498,Hyderabad,2024-10-11,36-45,Platinum
C10499,Delhi,2025-08-19,36-45,Silver
C10500,Delhi,2025-10-29,46-60,Silver
C10501,Bangalore,2024-11-03,18-25,Silver
C10502,Delhi,2025-04-15,46-60,Silver
C10503,Mumbai,2024-11-10,36-45,Gold
C10504,Hyderabad,2024-12-10,46-60,Silver
C10505,Delhi,2024-12-31,46-60,Silver
C10506,Delhi,2026-03-08,18-25,Silver
C10507,Delhi,2026-03-20,36-45,Silver
C10508,Bangalore,2024-08-12,18-25,Platinum
C10509,Chennai,2025-06-30,46-60,Gold
C10510,Mumbai,2024-07-18,46-60,Silver
C10511,Hyderabad,2025-06-27,26-35,Gold
C10512,Mumbai,2026-04-19,18-25,Gold
C10513,Hyderabad,2025-08-24,46-60,Gold
C10514,Mumbai,2024-06-12,18-25,Gold
C10515,Hyderabad,2025-11-22,18-25,Gold
C10516,Delhi,2026-04-10,46-60,Silver
C10517,Mumbai,2024-11-16,26-35,Gold
C10518,Chennai,2024-10-02,36-45,Silver
C10519,Bangalore,2026-02-28,46-60,Gold
C10520,Bangalore,2025-05-19,36-45,Silver
C10521,Bangalore,2026-03-02,26-35,Gold
C10522,Delhi,2024-07-29,36-45,Gold
C10523,Chennai,2024-05-27,18-25,Gold
C10524,Delhi,2025-10-08,26-35,Gold
C10525,Mumbai,2024-11-20,18-25,Silver
C10526,Mumbai,2026-02-20,26-35,Silver
C10527,Hyderabad,2025-01-26,26-35,Silver
C10528,Chennai,2024-11-19,36-45,Silver
C10529,Hyderabad,2026-01-18,46-60,Gold
C10530,Bangalore,2025-02-12,36-45,Gold
C10531,Delhi,2025-05-10,18-25,Gold
C10532,Bangalore,2025-02-10,46-60,Gold
C10533,Bangalore,2024-10-15,46-60,Silver
C10534,Delhi,2026-04-01,18-25,Silver
C10535,Chennai,2025-11-20,36-45,Silver
C10536,Chennai,2025-08-24,46-60,Gold
C10537,Chennai,2026-02-28,26-35,Silver
C10538,Chennai,2025-06-15,46-60,Silver
C10539,Hyderabad,2024-10-06,36-45,Gold
C10540,Bangalore,2025-06-04,26-35,Silver
C10541,Chennai,2024-09-27,26-35,Gold
C10542,Mumbai,2024-10-02,18-25,Silver
C10543,Mumbai,2025-03-30,18-25,Gold
C10544,Chennai,2026-01-21,26-35,Gold
C10545,Delhi,2026-05-01,26-35,Silver
C10546,Chennai,2024-12-22,46-60,Gold
C10547,Chennai,2024-07-02,36-45,Silver
C10548,Bangalore,2025-01-09,36-45,Gold
C10549,Hyderabad,2025-04-23,46-60,Gold
C10550,Chennai,2024-08-14,26-35,Silver
C10551,Mumbai,2025-09-01,18-25,Silver
C10552,Chennai,2024-12-10,36-45,Silver
C10553,Bangalore,2025-05-19,36-45,Silver
C10554,Delhi,2024-10-07,36-45,Silver
C10555,Bangalore,2025-08-13,26-35,Platinum
C10556,Delhi,2025-06-22,26-35,Silver
C10557,Bangalore,2026-03-20,26-35,Silver
C10558,Hyderabad,2024-05-25,18-25,Silver
C10559,Mumbai,2026-05-11,18-25,Silver
C10560,Chennai,2024-09-01,18-25,Gold
C10561,Chennai,2025-08-19,46-60,Gold
C10562,Hyderabad,2025-01-27,46-60,Silver
C10563,Mumbai,2025-06-15,46-60,Silver
C10564,Mumbai,2025-01-30,26-35,Silver
C10565,Hyderabad,2026-04-14,18-25,Gold
C10566,Delhi,2024-08-17,36-45,Gold
C10567,Chennai,2024-07-28,46-60,Gold
C10568,Chennai,2024-11-11,18-25,Silver
C10569,Bangalore,2025-07-08,18-25,Silver
C10570,Chennai,2025-10-04,18-25,Gold
C10571,Chennai,2024-10-12,26-35,Gold
C10572,Bangalore,2025-08-15,46-60,Gold
C10573,Mumbai,2025-05-24,26-35,Silver
C10574,Hyderabad,2024-05-18,18-25,Silver
C10575,Delhi,2025-01-05,26-35,Platinum
C10576,Hyderabad,2025-11-16,26-35,Silver
C10577,Hyderabad,2025-04-27,36-45,Silver
C10578,Bangalore,2024-12-19,36-45,Gold
C10579,Hyderabad,2026-01-20,18-25,Silver
C10580,Bangalore,2025-10-28,46-60,Gold
C10581,Mumbai,2026-03-05,26-35,Platinum
C10582,Mumbai,2026-01-08,18-25,Platinum
C10583,Bangalore,2025-10-23,36-45,Silver
C10584,Hyderabad,2025-06-13,26-35,Silver
C10585,Mumbai,2026-02-12,36-45,Gold
C10586,Mumbai,2024-12-25,26-35,Gold
C10587,Hyderabad,2026-01-20,18-25,Silver
C10588,Chennai,2025-05-20,18-25,Silver
C10589,Hyderabad,2024-07-01,18-25,Silver
C10590,Chennai,2025-10-24,46-60,Silver
C10591,Bangalore,2026-04-27,36-45,Silver
C10592,Chennai,2025-03-25,26-35,Silver
C10593,Delhi,2025-04-28,46-60,Silver
C10594,Bangalore,2024-10-09,36-45,Silver
C10595,Chennai,2025-12-18,36-45,Gold
C10596,Mumbai,2025-01-21,46-60,Silver
C10597,Bangalore,2025-01-14,26-35,Silver
C10598,Bangalore,2024-07-10,18-25,Silver
C10599,Chennai,2025-02-04,36-45,Gold
C10600,Mumbai,2025-03-23,36-45,Gold
C10601,Delhi,2025-12-06,18-25,Silver
C10602,Delhi,2025-10-15,26-35,Gold
C10603,Bangalore,2024-05-30,46-60,Gold
C10604,Delhi,2025-05-31,18-25,Gold
C10605,Bangalore,2025-01-08,26-35,Gold
C10606,Delhi,2024-09-11,46-60,Silver
C10607,Delhi,2025-08-13,26-35,Silver
C10608,Mumbai,2025-08-22,46-60,Silver
C10609,Mumbai,2025-10-01,36-45,Platinum
C10610,Chennai,2025-02-24,36-45,Gold
C10611,Bangalore,2025-11-02,18-25,Gold
C10612,Hyderabad,2026-05-13,18-25,Silver
C10613,Bangalore,2024-07-10,26-35,Silver
C10614,Mumbai,2024-06-23,18-25,Gold
C10615,Chennai,2026-03-04,18-25,Gold
C10616,Bangalore,2025-06-27,46-60,Gold
C10617,Chennai,2024-09-05,46-60,Silver
C10618,Bangalore,2026-01-03,18-25,Gold
C10619,Hyderabad,2026-04-10,26-35,Gold
C10620,Delhi,2025-12-30,46-60,Silver
C10621,Hyderabad,2026-04-15,26-35,Gold
C10622,Mumbai,2026-02-07,18-25,Platinum
C10623,Hyderabad,2024-12-08,36-45,Silver
C10624,Mumbai,2024-12-05,46-60,Silver
C10625,Hyderabad,2025-10-27,26-35,Gold
C10626,Mumbai,2024-11-21,46-60,Silver
C10627,Chennai,2025-11-29,36-45,Silver
C10628,Bangalore,2025-11-15,26-35,Gold
C10629,Delhi,2025-08-19,36-45,Gold
C10630,Chennai,2025-03-23,46-60,Gold
C10631,Delhi,2024-05-27,18-25,Silver
C10632,Chennai,2024-12-20,46-60,Silver
C10633,Bangalore,2024-06-19,18-25,Silver
C10634,Hyderabad,2024-09-29,36-45,Gold
C10635,Bangalore,2025-03-10,26-35,Silver
C10636,Bangalore,2024-09-24,26-35,Gold
C10637,Bangalore,2025-08-16,36-45,Silver
C10638,Hyderabad,2025-01-05,18-25,Silver
C10639,Mumbai,2025-05-28,46-60,Gold
C10640,Bangalore,2024-12-03,36-45,Silver
C10641,Bangalore,2026-01-29,36-45,Platinum
C10642,Chennai,2025-10-30,26-35,Silver
C10643,Delhi,2024-10-18,46-60,Platinum
C10644,Delhi,2025-10-11,18-25,Silver
C10645,Delhi,2025-05-08,18-25,Silver
C10646,Hyderabad,2024-09-19,26-35,Gold
C10647,Hyderabad,2025-06-18,18-25,Gold
C10648,Delhi,2024-08-18,36-45,Silver
C10649,Delhi,2024-11-05,18-25,Gold
C10650,Bangalore,2024-08-03,46-60,Silver
C10651,Bangalore,2026-02-24,26-35,Platinum
C10652,Hyderabad,2024-11-21,26-35,Silver
C10653,Delhi,2025-05-24,46-60,Silver
C10654,Delhi,2025-01-19,26-35,Silver
C10655,Bangalore,2024-09-27,36-45,Silver
C10656,Chennai,2024-06-18,26-35,Silver
C10657,Hyderabad,2025-12-08,46-60,Gold
C10658,Hyderabad,2025-09-13,36-45,Gold
C10659,Hyderabad,2025-04-25,46-60,Silver
C10660,Hyderabad,2024-12-20,18-25,Silver
C10661,Delhi,2024-12-05,36-45,Platinum
C10662,Bangalore,2025-05-01,26-35,Gold
C10663,Bangalore,2024-08-27,36-45,Silver
C10664,Mumbai,2024-12-17,46-60,Silver
C10665,Hyderabad,2025-03-01,46-60,Silver
C10666,Chennai,2024-08-22,18-25,Platinum
C10667,Mumbai,2026-03-18,26-35,Silver
C10668,Bangalore,2024-08-26,46-60,Gold
C10669,Bangalore,2026-01-23,18-25,Silver
C10670,Bangalore,2025-05-10,46-60,Silver
C10671,Mumbai,2025-07-18,36-45,Platinum
C10672,Hyderabad,2025-01-02,18-25,Silver
C10673,Mumbai,2025-02-09,18-25,Gold
C10674,Mumbai,2026-03-09,18-25,Silver
C10675,Chennai,2025-10-31,36-45,Silver
C10676,Delhi,2024-10-20,46-60,Silver
C10677,Chennai,2025-09-03,46-60,Silver
C10678,Bangalore,2024-08-28,36-45,Gold
C10679,Bangalore,2025-02-06,18-25,Silver
C10680,Bangalore,2025-01-06,46-60,Gold
C10681,Bangalore,2025-05-30,18-25,Gold
C10682,Chennai,2025-10-22,46-60,Silver
C10683,Delhi,2025-11-11,18-25,Silver
C10684,Mumbai,2024-12-18,46-60,Gold
C10685,Chennai,2024-09-20,26-35,Silver
C10686,Delhi,2025-02-15,26-35,Silver
C10687,Hyderabad,2026-02-07,18-25,Silver
C10688,Chennai,2026-02-19,46-60,Silver
C10689,Chennai,2026-01-28,46-60,Silver
C10690,Delhi,2024-11-15,36-45,Silver
C10691,Mumbai,2025-10-12,26-35,Silver
C10692,Delhi,2024-05-16,36-45,Gold
C10693,Chennai,2024-08-16,18-25,Silver
C10694,Delhi,2026-01-15,18-25,Silver
C10695,Delhi,2025-11-03,18-25,Platinum
C10696,Mumbai,2024-12-03,36-45,Silver
C10697,Bangalore,2024-07-07,46-60,Silver
C10698,Mumbai,2026-02-05,26-35,Silver
C10699,Delhi,2025-02-09,26-35,Silver
C10700,Hyderabad,2025-10-15,36-45,Silver
C10701,Bangalore,2025-02-20,26-35,Platinum
C10702,Mumbai,2026-01-25,26-35,Silver
C10703,Chennai,2024-09-23,26-35,Gold
C10704,Bangalore,2026-03-30,26-35,Gold
C10705,Hyderabad,2026-01-27,46-60,Gold
C10706,Chennai,2025-09-16,36-45,Silver
C10707,Bangalore,2026-03-14,18-25,Silver
C10708,Hyderabad,2026-05-15,18-25,Silver
C10709,Delhi,2026-03-14,36-45,Silver
C10710,Delhi,2026-03-15,18-25,Silver
C10711,Bangalore,2024-11-13,46-60,Silver
C10712,Hyderabad,2026-03-24,18-25,Silver
C10713,Delhi,2024-07-01,26-35,Silver
C10714,Mumbai,2025-10-28,18-25,Silver
C10715,Chennai,2026-01-14,36-45,Silver
C10716,Chennai,2025-01-17,46-60,Silver
C10717,Delhi,2025-03-21,26-35,Gold
C10718,Hyderabad,2026-02-05,18-25,Gold
C10719,Hyderabad,2025-09-06,18-25,Gold
C10720,Chennai,2026-04-22,26-35,Silver
C10721,Delhi,2025-05-14,18-25,Gold
C10722,Hyderabad,2025-05-07,36-45,Platinum
C10723,Mumbai,2025-10-29,36-45,Gold
C10724,Mumbai,2024-11-19,18-25,Silver
C10725,Mumbai,2026-02-04,18-25,Silver
C10726,Hyderabad,2025-03-12,26-35,Silver
C10727,Bangalore,2024-12-11,18-25,Gold
C10728,Delhi,2024-09-21,26-35,Gold
C10729,Hyderabad,2025-02-09,26-35,Silver
C10730,Bangalore,2025-04-18,18-25,Platinum
C10731,Hyderabad,2024-08-24,46-60,Silver
C10732,Bangalore,2025-03-23,26-35,Silver
C10733,Delhi,2025-04-05,26-35,Silver
C10734,Mumbai,2025-08-16,18-25,Silver
C10735,Bangalore,2025-12-30,46-60,Platinum
C10736,Hyderabad,2025-02-10,46-60,Platinum
C10737,Delhi,2024-07-22,26-35,Silver
C10738,Hyderabad,2026-04-26,18-25,Silver
C10739,Hyderabad,2024-07-31,18-25,Gold
C10740,Chennai,2025-04-08,18-25,Gold
C10741,Bangalore,2024-08-05,36-45,Silver
C10742,Delhi,2024-10-20,18-25,Silver
C10743,Hyderabad,2025-08-25,36-45,Silver
C10744,Mumbai,2025-09-25,26-35,Silver
C10745,Chennai,2026-02-26,36-45,Gold
C10746,Mumbai,2025-10-11,46-60,Silver
C10747,Bangalore,2026-03-17,18-25,Silver
C10748,Bangalore,2024-07-30,36-45,Silver
C10749,Chennai,2025-06-06,46-60,Gold
C10750,Delhi,2025-01-07,46-60,Silver
C10751,Hyderabad,2025-10-06,18-25,Silver
C10752,Delhi,2025-03-26,46-60,Silver
C10753,Delhi,2024-07-28,18-25,Silver
C10754,Chennai,2024-08-28,26-35,Silver
C10755,Delhi,2024-06-21,26-35,Silver
C10756,Bangalore,2024-12-07,36-45,Platinum
C10757,Delhi,2025-05-02,36-45,Silver
C10758,Bangalore,2025-07-23,18-25,Silver
C10759,Hyderabad,2025-12-06,26-35,Silver
C10760,Mumbai,2024-10-29,26-35,Platinum
C10761,Mumbai,2024-10-12,18-25,Gold
C10762,Bangalore,2026-02-11,26-35,Gold
C10763,Bangalore,2025-03-23,36-45,Silver
C10764,Bangalore,2024-08-23,26-35,Platinum
C10765,Hyderabad,2025-10-19,18-25,Silver
C10766,Hyderabad,2026-01-16,36-45,Silver
C10767,Chennai,2026-03-26,46-60,Silver
C10768,Mumbai,2025-02-15,46-60,Gold
C10769,Chennai,2024-09-27,26-35,Gold
C10770,Hyderabad,2024-09-05,36-45,Gold
C10771,Delhi,2026-01-08,26-35,Silver
C10772,Hyderabad,2025-05-06,18-25,Platinum
C10773,Hyderabad,2026-04-30,18-25,Silver
C10774,Delhi,2024-08-22,18-25,Platinum
C10775,Bangalore,2025-03-28,18-25,Gold
C10776,Delhi,2024-08-07,18-25,Silver
C10777,Mumbai,2025-07-27,18-25,Silver
C10778,Chennai,2024-11-13,36-45,Silver
C10779,Bangalore,2025-04-08,26-35,Silver
C10780,Hyderabad,2026-01-09,18-25,Silver
C10781,Chennai,2024-05-16,46-60,Platinum
C10782,Hyderabad,2026-02-27,18-25,Gold
C10783,Delhi,2024-09-23,26-35,Silver
C10784,Hyderabad,2024-11-21,46-60,Silver
C10785,Mumbai,2024-11-05,36-45,Silver
C10786,Chennai,2025-02-13,36-45,Silver
C10787,Bangalore,2026-04-02,18-25,Silver
C10788,Chennai,2024-12-13,18-25,Silver
C10789,Mumbai,2024-08-03,46-60,Gold
C10790,Mumbai,2025-10-05,36-45,Silver
C10791,Bangalore,2025-06-26,36-45,Gold
C10792,Hyderabad,2024-06-18,36-45,Gold
C10793,Bangalore,2025-09-27,26-35,Platinum
C10794,Mumbai,2025-11-17,26-35,Platinum
C10795,Mumbai,2025-01-24,18-25,Silver
C10796,Chennai,2025-01-20,46-60,Platinum
C10797,Hyderabad,2026-01-09,18-25,Silver
C10798,Mumbai,2024-10-24,26-35,Gold
C10799,Hyderabad,2026-05-11,26-35,Silver
C10800,Bangalore,2025-12-21,36-45,Silver
C10801,Chennai,2025-12-26,36-45,Silver
C10802,Hyderabad,2025-04-30,18-25,Silver
C10803,Hyderabad,2025-10-26,18-25,Gold
C10804,Mumbai,2026-04-23,18-25,Silver
C10805,Chennai,2025-01-22,36-45,Silver
C10806,Chennai,2025-08-01,18-25,Silver
C10807,Delhi,2024-06-20,26-35,Silver
C10808,Hyderabad,2025-03-26,36-45,Silver
C10809,Mumbai,2024-08-27,36-45,Silver
C10810,Hyderabad,2025-01-15,26-35,Gold
C10811,Delhi,2024-08-28,46-60,Silver
C10812,Hyderabad,2026-02-11,46-60,Silver
C10813,Bangalore,2024-05-30,36-45,Gold
C10814,Chennai,2025-01-22,26-35,Gold
C10815,Mumbai,2025-11-12,36-45,Silver
C10816,Delhi,2025-06-18,36-45,Silver
C10817,Hyderabad,2025-07-04,36-45,Gold
C10818,Hyderabad,2024-07-20,26-35,Silver
C10819,Hyderabad,2026-02-23,26-35,Gold
C10820,Hyderabad,2025-04-10,26-35,Silver
C10821,Bangalore,2024-10-27,36-45,Silver
C10822,Chennai,2024-12-12,46-60,Silver
C10823,Chennai,2025-06-10,26-35,Platinum
C10824,Chennai,2025-09-28,46-60,Silver
C10825,Hyderabad,2025-05-08,18-25,Silver
C10826,Bangalore,2024-12-06,46-60,Gold
C10827,Delhi,2024-05-24,46-60,Gold
C10828,Chennai,2025-04-12,36-45,Gold
C10829,Mumbai,2025-02-13,36-45,Silver
C10830,Chennai,2025-01-13,46-60,Silver
C10831,Bangalore,2024-07-17,18-25,Gold
C10832,Chennai,2024-09-26,46-60,Silver
C10833,Chennai,2025-04-13,26-35,Silver
C10834,Delhi,2025-01-17,36-45,Gold
C10835,Delhi,2024-08-22,26-35,Platinum
C10836,Mumbai,2024-10-20,18-25,Gold
C10837,Hyderabad,2025-07-14,26-35,Silver
C10838,Hyderabad,2025-07-16,26-35,Silver
C10839,Bangalore,2025-09-17,26-35,Silver
C10840,Bangalore,2025-06-18,36-45,Silver
C10841,Chennai,2024-06-08,26-35,Silver
C10842,Hyderabad,2026-04-13,18-25,Silver
C10843,Delhi,2024-06-25,26-35,Platinum
C10844,Delhi,2026-02-24,26-35,Silver
C10845,Chennai,2025-10-07,26-35,Silver
C10846,Hyderabad,2024-10-02,36-45,Silver
C10847,Chennai,2025-08-05,18-25,Gold
C10848,Bangalore,2026-03-03,18-25,Platinum
C10849,Bangalore,2025-12-19,46-60,Gold
C10850,Bangalore,2025-01-28,26-35,Gold
C10851,Bangalore,2024-11-28,26-35,Gold
C10852,Bangalore,2024-08-05,26-35,Platinum
C10853,Hyderabad,2025-12-21,26-35,Gold
C10854,Mumbai,2026-03-24,18-25,Silver
C10855,Hyderabad,2025-09-09,18-25,Gold
C10856,Hyderabad,2026-01-03,36-45,Silver
C10857,Mumbai,2024-07-22,36-45,Silver
C10858,Hyderabad,2025-05-25,36-45,Silver
C10859,Bangalore,2024-12-14,18-25,Gold
C10860,Mumbai,2025-06-28,36-45,Silver
C10861,Mumbai,2026-01-09,18-25,Silver
C10862,Mumbai,2025-02-16,18-25,Gold
C10863,Chennai,2026-03-09,26-35,Silver
C10864,Chennai,2025-01-15,26-35,Silver
C10865,Bangalore,2025-04-24,26-35,Platinum
C10866,Mumbai,2024-09-25,18-25,Silver
C10867,Delhi,2024-12-20,18-25,Silver
C10868,Bangalore,2024-10-09,46-60,Silver
C10869,Delhi,2025-11-30,18-25,Silver
C10870,Hyderabad,2025-02-27,46-60,Silver
C10871,Bangalore,2026-03-22,46-60,Gold
C10872,Delhi,2025-12-12,46-60,Silver
C10873,Bangalore,2026-02-12,18-25,Silver
C10874,Hyderabad,2026-04-30,18-25,Gold
C10875,Delhi,2026-04-22,18-25,Gold
C10876,Mumbai,2024-05-26,26-35,Silver
C10877,Mumbai,2025-09-02,18-25,Gold
C10878,Hyderabad,2024-06-30,46-60,Gold
C10879,Chennai,2026-02-12,26-35,Silver
C10880,Bangalore,2025-01-29,36-45,Silver
C10881,Chennai,2024-11-19,46-60,Gold
C10882,Hyderabad,2025-04-03,46-60,Silver
C10883,Bangalore,2024-08-08,46-60,Silver
C10884,Hyderabad,2025-01-10,46-60,Silver
C10885,Chennai,2024-09-24,18-25,Platinum
C10886,Bangalore,2025-04-25,46-60,Silver
C10887,Delhi,2025-06-29,36-45,Gold
C10888,Hyderabad,2024-10-17,18-25,Silver
C10889,Hyderabad,2026-01-14,18-25,Silver
C10890,Mumbai,2024-09-26,18-25,Silver
C10891,Hyderabad,2024-06-08,36-45,Silver
C10892,Mumbai,2025-03-13,36-45,Gold
C10893,Bangalore,2024-12-28,26-35,Platinum
C10894,Mumbai,2026-01-07,26-35,Silver
C10895,Bangalore,2026-01-06,26-35,Gold
C10896,Chennai,2025-05-15,26-35,Silver
C10897,Bangalore,2025-10-21,18-25,Silver
C10898,Bangalore,2024-07-01,36-45,Silver
C10899,Hyderabad,2026-04-07,36-45,Silver
C10900,Mumbai,2026-04-04,26-35,Silver
C10901,Mumbai,2026-04-05,18-25,Platinum
C10902,Hyderabad,2025-02-08,36-45,Silver
C10903,Chennai,2026-01-09,46-60,Gold
C10904,Chennai,2025-12-20,46-60,Silver
C10905,Bangalore,2026-01-18,26-35,Silver
C10906,Chennai,2025-12-24,26-35,Gold
C10907,Delhi,2026-05-05,46-60,Silver
C10908,Mumbai,2025-03-18,36-45,Silver
C10909,Chennai,2026-05-05,36-45,Silver
C10910,Hyderabad,2025-07-15,18-25,Platinum
C10911,Mumbai,2024-07-30,18-25,Silver
C10912,Bangalore,2025-08-09,26-35,Gold
C10913,Bangalore,2025-07-10,26-35,Silver
C10914,Hyderabad,2026-02-12,26-35,Silver
C10915,Hyderabad,2024-07-19,46-60,Silver
C10916,Hyderabad,2025-10-16,36-45,Gold
C10917,Chennai,2026-02-02,26-35,Silver
C10918,Chennai,2026-01-07,18-25,Platinum
C10919,Delhi,2026-04-02,18-25,Silver
C10920,Delhi,2025-04-11,36-45,Gold
C10921,Bangalore,2026-04-10,46-60,Silver
C10922,Hyderabad,2024-11-04,36-45,Silver
C10923,Chennai,2025-02-27,18-25,Gold
C10924,Bangalore,2025-02-23,46-60,Gold
C10925,Delhi,2024-06-14,46-60,Silver
C10926,Chennai,2025-02-25,36-45,Platinum
C10927,Chennai,2026-01-06,18-25,Gold
C10928,Hyderabad,2026-01-27,18-25,Platinum
C10929,Mumbai,2025-09-30,18-25,Gold
C10930,Delhi,2026-04-30,26-35,Platinum
C10931,Chennai,2024-12-27,46-60,Gold
C10932,Chennai,2024-08-03,46-60,Silver
C10933,Chennai,2025-12-03,18-25,Silver
C10934,Chennai,2025-09-17,36-45,Gold
C10935,Bangalore,2025-02-17,18-25,Gold
C10936,Delhi,2025-10-04,36-45,Gold
C10937,Delhi,2026-04-06,26-35,Platinum
C10938,Hyderabad,2024-05-22,18-25,Silver
C10939,Chennai,2024-07-05,36-45,Silver
C10940,Mumbai,2026-05-16,46-60,Gold
C10941,Mumbai,2025-10-05,36-45,Gold
C10942,Chennai,2024-10-16,26-35,Gold
C10943,Mumbai,2024-07-27,26-35,Silver
C10944,Bangalore,2025-04-22,18-25,Gold
C10945,Bangalore,2025-07-11,36-45,Gold
C10946,Chennai,2025-09-29,18-25,Silver
C10947,Chennai,2026-02-27,46-60,Gold
C10948,Delhi,2024-11-24,26-35,Silver
C10949,Hyderabad,2024-10-11,18-25,Silver
C10950,Delhi,2024-08-29,18-25,Silver
C10951,Delhi,2025-07-27,26-35,Gold
C10952,Hyderabad,2024-12-09,46-60,Gold
C10953,Bangalore,2024-10-31,36-45,Silver
C10954,Chennai,2026-05-14,46-60,Silver
C10955,Mumbai,2026-03-08,26-35,Silver
C10956,Hyderabad,2024-12-22,18-25,Silver
C10957,Chennai,2025-08-22,26-35,Silver
C10958,Chennai,2025-12-23,36-45,Silver
C10959,Bangalore,2026-01-21,26-35,Silver
C10960,Hyderabad,2025-10-09,46-60,Silver
C10961,Hyderabad,2026-04-23,26-35,Silver
C10962,Hyderabad,2025-05-20,18-25,Gold
C10963,Chennai,2024-09-10,26-35,Silver
C10964,Mumbai,2024-06-16,18-25,Gold
C10965,Mumbai,2024-07-06,36-45,Gold
C10966,Bangalore,2025-07-10,26-35,Gold
C10967,Hyderabad,2025-08-28,46-60,Platinum
C10968,Delhi,2025-02-28,46-60,Platinum
C10969,Bangalore,2025-01-15,36-45,Silver
C10970,Bangalore,2024-08-29,46-60,Silver
C10971,Mumbai,2025-02-24,18-25,Silver
C10972,Mumbai,2025-12-23,18-25,Silver
C10973,Hyderabad,2026-03-30,36-45,Gold
C10974,Bangalore,2025-03-09,36-45,Silver
C10975,Hyderabad,2024-08-27,26-35,Silver
C10976,Chennai,2025-08-06,26-35,Gold
C10977,Mumbai,2026-02-26,46-60,Gold
C10978,Chennai,2024-07-31,26-35,Silver
C10979,Delhi,2025-08-12,18-25,Gold
C10980,Hyderabad,2024-09-08,26-35,Gold
C10981,Delhi,2025-08-09,46-60,Gold
C10982,Delhi,2026-03-24,26-35,Gold
C10983,Hyderabad,2025-11-22,36-45,Silver
C10984,Mumbai,2026-03-05,18-25,Gold
C10985,Delhi,2025-11-11,46-60,Silver
C10986,Chennai,2024-08-06,36-45,Silver
C10987,Delhi,2025-05-17,36-45,Gold
C10988,Mumbai,2025-03-06,46-60,Silver
C10989,Chennai,2025-06-20,36-45,Gold
C10990,Bangalore,2025-07-02,26-35,Silver
C10991,Chennai,2025-03-30,18-25,Silver
C10992,Mumbai,2025-02-17,46-60,Platinum
C10993,Delhi,2024-08-23,36-45,Gold
C10994,Chennai,2026-02-23,36-45,Platinum
C10995,Bangalore,2025-10-21,46-60,Silver
C10996,Mumbai,2025-06-07,26-35,Silver
C10997,Delhi,2024-08-12,36-45,Platinum
C10998,Chennai,2026-03-13,18-25,Silver
C10999,Bangalore,2025-07-08,26-35,Gold
C11000,Chennai,2025-03-09,46-60,Silver
C11001,Hyderabad,2024-09-06,18-25,Silver
C11002,Hyderabad,2024-11-05,26-35,Gold
C11003,Hyderabad,2025-11-23,18-25,Platinum
C11004,Mumbai,2025-09-05,18-25,Silver
C11005,Chennai,2026-04-26,18-25,Gold
C11006,Mumbai,2025-10-30,26-35,Platinum
C11007,Mumbai,2024-09-10,26-35,Silver
C11008,Bangalore,2025-10-08,26-35,Gold
C11009,Hyderabad,2025-12-20,26-35,Gold
C11010,Mumbai,2025-12-31,46-60,Gold
C11011,Mumbai,2025-04-21,46-60,Silver
C11012,Chennai,2025-02-27,18-25,Gold
C11013,Mumbai,2025-09-06,36-45,Silver
C11014,Delhi,2025-08-13,18-25,Silver
C11015,Bangalore,2024-10-02,46-60,Gold
C11016,Chennai,2026-03-28,18-25,Silver
C11017,Bangalore,2024-09-20,46-60,Silver
C11018,Chennai,2026-04-13,26-35,Silver
C11019,Mumbai,2025-12-22,26-35,Platinum
C11020,Chennai,2024-08-03,46-60,Silver
C11021,Chennai,2024-10-16,18-25,Gold
C11022,Hyderabad,2025-08-02,26-35,Silver
C11023,Mumbai,2026-03-01,18-25,Silver
C11024,Bangalore,2024-06-20,46-60,Platinum
C11025,Mumbai,2025-08-05,18-25,Silver
C11026,Mumbai,2025-01-14,46-60,Silver
C11027,Hyderabad,2025-03-19,26-35,Silver
C11028,Delhi,2025-11-16,18-25,Platinum
C11029,Delhi,2024-12-01,46-60,Silver
C11030,Bangalore,2025-12-18,26-35,Platinum
C11031,Mumbai,2025-04-27,36-45,Platinum
C11032,Delhi,2025-01-29,26-35,Silver
C11033,Chennai,2025-12-14,26-35,Platinum
C11034,Chennai,2024-07-04,26-35,Platinum
C11035,Bangalore,2025-08-21,26-35,Silver
C11036,Chennai,2025-08-31,26-35,Silver
C11037,Hyderabad,2024-09-20,36-45,Silver
C11038,Bangalore,2025-07-25,18-25,Gold
C11039,Bangalore,2024-06-21,36-45,Silver
C11040,Bangalore,2025-04-12,36-45,Silver
C11041,Mumbai,2025-03-31,36-45,Gold
C11042,Chennai,2026-04-13,26-35,Silver
C11043,Mumbai,2025-06-14,46-60,Gold
C11044,Hyderabad,2025-04-25,18-25,Gold
C11045,Bangalore,2025-03-04,26-35,Platinum
C11046,Hyderabad,2025-11-14,46-60,Silver
C11047,Mumbai,2024-08-15,18-25,Silver
C11048,Hyderabad,2024-07-02,46-60,Platinum
C11049,Chennai,2024-08-01,18-25,Silver
C11050,Bangalore,2024-10-17,46-60,Silver
C11051,Chennai,2025-08-26,46-60,Gold
C11052,Mumbai,2025-11-15,26-35,Silver
C11053,Delhi,2024-11-22,46-60,Silver
C11054,Bangalore,2024-10-27,18-25,Silver
C11055,Chennai,2026-03-14,18-25,Gold
C11056,Chennai,2025-09-17,26-35,Silver
C11057,Hyderabad,2024-08-20,46-60,Platinum
C11058,Chennai,2026-04-27,36-45,Silver
C11059,Bangalore,2026-03-03,26-35,Silver
C11060,Bangalore,2024-07-23,18-25,Gold
C11061,Bangalore,2026-04-14,26-35,Gold
C11062,Delhi,2024-05-16,36-45,Gold
C11063,Chennai,2025-10-24,46-60,Silver
C11064,Delhi,2025-06-17,36-45,Silver
C11065,Chennai,2025-10-03,46-60,Silver
C11066,Mumbai,2024-08-03,46-60,Silver
C11067,Chennai,2025-05-21,46-60,Silver
C11068,Bangalore,2025-03-18,46-60,Silver
C11069,Hyderabad,2024-09-16,36-45,Gold
C11070,Chennai,2025-02-19,18-25,Gold
C11071,Mumbai,2024-07-11,46-60,Gold
C11072,Hyderabad,2025-06-30,46-60,Platinum
C11073,Delhi,2025-01-31,26-35,Silver
C11074,Delhi,2024-10-31,46-60,Gold
C11075,Mumbai,2025-05-07,36-45,Silver
C11076,Bangalore,2024-07-10,26-35,Silver
C11077,Delhi,2026-03-15,18-25,Silver
C11078,Hyderabad,2025-03-14,18-25,Silver
C11079,Delhi,2025-06-14,36-45,Gold
C11080,Delhi,2024-08-17,46-60,Platinum
C11081,Chennai,2025-12-27,46-60,Gold
C11082,Mumbai,2025-05-30,36-45,Gold
C11083,Bangalore,2026-05-04,26-35,Silver
C11084,Delhi,2024-05-20,18-25,Platinum
C11085,Bangalore,2024-11-07,18-25,Silver
C11086,Bangalore,2026-03-17,36-45,Silver
C11087,Bangalore,2025-02-25,18-25,Silver
C11088,Bangalore,2024-11-26,18-25,Silver
C11089,Delhi,2026-04-09,36-45,Silver
C11090,Delhi,2026-05-13,26-35,Silver
C11091,Bangalore,2025-10-30,46-60,Silver
C11092,Delhi,2025-05-14,18-25,Silver
C11093,Hyderabad,2024-10-12,36-45,Platinum
C11094,Bangalore,2025-06-18,46-60,Platinum
C11095,Delhi,2024-07-18,26-35,Silver
C11096,Delhi,2025-03-05,18-25,Silver
C11097,Chennai,2024-11-24,18-25,Silver
C11098,Chennai,2025-04-02,26-35,Silver
C11099,Chennai,2026-02-23,26-35,Silver
C11100,Bangalore,2025-06-13,26-35,Gold
C11101,Bangalore,2025-07-12,36-45,Silver
C11102,Chennai,2024-11-25,26-35,Platinum
C11103,Bangalore,2025-04-21,26-35,Gold
C11104,Chennai,2024-11-18,18-25,Platinum
C11105,Mumbai,2026-02-23,46-60,Silver
C11106,Bangalore,2024-09-22,36-45,Gold
C11107,Delhi,2025-07-12,26-35,Silver
C11108,Chennai,2026-03-02,26-35,Gold
C11109,Hyderabad,2024-06-24,46-60,Silver
C11110,Chennai,2025-10-20,46-60,Silver
C11111,Hyderabad,2025-09-25,26-35,Silver
C11112,Mumbai,2025-02-20,18-25,Gold
C11113,Mumbai,2025-06-04,36-45,Silver
C11114,Delhi,2024-06-08,18-25,Silver
C11115,Chennai,2024-09-08,26-35,Silver
C11116,Chennai,2024-07-18,46-60,Gold
C11117,Chennai,2024-11-18,26-35,Silver
C11118,Hyderabad,2025-05-09,36-45,Gold
C11119,Mumbai,2026-01-26,46-60,Silver
C11120,Hyderabad,2025-04-11,36-45,Platinum
C11121,Bangalore,2026-05-07,18-25,Gold
C11122,Delhi,2024-06-12,18-25,Silver
C11123,Bangalore,2025-03-20,36-45,Silver
C11124,Mumbai,2024-10-29,26-35,Silver
C11125,Delhi,2024-09-20,18-25,Silver
C11126,Mumbai,2024-05-21,46-60,Gold
C11127,Chennai,2025-06-30,46-60,Silver
C11128,Delhi,2024-11-10,26-35,Gold
C11129,Mumbai,2025-06-03,26-35,Silver
C11130,Delhi,2025-03-02,46-60,Silver
C11131,Chennai,2026-03-23,18-25,Silver
C11132,Chennai,2025-01-27,46-60,Silver
C11133,Hyderabad,2025-02-03,36-45,Silver
C11134,Mumbai,2024-12-13,18-25,Silver
C11135,Mumbai,2024-06-25,18-25,Gold
C11136,Hyderabad,2025-08-20,26-35,Silver
C11137,Bangalore,2024-10-03,26-35,Platinum
C11138,Mumbai,2024-06-22,18-25,Silver
C11139,Hyderabad,2026-03-26,18-25,Silver
C11140,Bangalore,2024-05-30,18-25,Silver
C11141,Delhi,2024-08-01,26-35,Silver
C11142,Mumbai,2024-06-13,46-60,Gold
C11143,Hyderabad,2024-12-26,18-25,Silver
C11144,Delhi,2026-02-01,46-60,Silver
C11145,Delhi,2025-04-10,26-35,Silver
C11146,Chennai,2026-04-11,18-25,Silver
C11147,Hyderabad,2025-09-15,36-45,Silver
C11148,Delhi,2024-06-01,46-60,Silver
C11149,Hyderabad,2024-11-13,46-60,Gold
C11150,Hyderabad,2025-09-24,18-25,Gold
C11151,Mumbai,2024-12-31,26-35,Silver
C11152,Bangalore,2024-06-29,18-25,Silver
C11153,Hyderabad,2025-03-23,46-60,Silver
C11154,Chennai,2025-02-04,18-25,Silver
C11155,Mumbai,2025-04-10,18-25,Platinum
C11156,Chennai,2025-05-14,36-45,Silver
C11157,Chennai,2024-08-08,18-25,Silver
C11158,Chennai,2026-04-17,46-60,Gold
C11159,Delhi,2025-07-08,36-45,Gold
C11160,Delhi,2025-09-14,26-35,Platinum
C11161,Bangalore,2025-02-04,36-45,Silver
C11162,Delhi,2024-12-12,18-25,Gold
C11163,Bangalore,2025-05-26,18-25,Gold
C11164,Delhi,2025-05-31,46-60,Gold
C11165,Chennai,2025-06-15,46-60,Silver
C11166,Bangalore,2025-01-04,18-25,Silver
C11167,Mumbai,2026-05-15,46-60,Gold
C11168,Bangalore,2024-05-22,18-25,Silver
C11169,Bangalore,2026-04-23,36-45,Gold
C11170,Chennai,2024-06-04,36-45,Gold
C11171,Bangalore,2025-10-04,46-60,Silver
C11172,Mumbai,2024-12-06,46-60,Silver
C11173,Chennai,2025-03-16,18-25,Silver
C11174,Hyderabad,2026-03-14,26-35,Gold
C11175,Hyderabad,2024-09-04,18-25,Silver
C11176,Delhi,2025-07-16,46-60,Silver
C11177,Chennai,2024-12-15,36-45,Silver
C11178,Delhi,2026-01-01,18-25,Gold
C11179,Delhi,2025-10-24,18-25,Silver
C11180,Bangalore,2025-05-05,18-25,Silver
C11181,Mumbai,2026-02-27,36-45,Gold
C11182,Mumbai,2025-09-22,46-60,Silver
C11183,Mumbai,2026-01-18,18-25,Platinum
C11184,Hyderabad,2024-07-16,18-25,Silver
C11185,Hyderabad,2025-12-02,26-35,Silver
C11186,Hyderabad,2025-11-14,36-45,Silver
C11187,Delhi,2025-04-12,18-25,Silver
C11188,Hyderabad,2025-03-24,36-45,Gold
C11189,Delhi,2025-11-28,46-60,Gold
C11190,Hyderabad,2025-10-25,18-25,Silver
C11191,Chennai,2025-01-24,26-35,Gold
C11192,Bangalore,2026-04-11,36-45,Gold
C11193,Bangalore,2025-05-26,46-60,Silver
C11194,Mumbai,2024-08-30,36-45,Silver
C11195,Delhi,2026-03-17,46-60,Silver
C11196,Bangalore,2026-04-04,36-45,Silver
C11197,Bangalore,2025-11-20,26-35,Silver
C11198,Bangalore,2026-01-07,36-45,Silver
C11199,Hyderabad,2025-04-29,18-25,Gold
C11200,Chennai,2024-09-18,26-35,Gold
C11201,Bangalore,2024-07-11,46-60,Silver
C11202,Hyderabad,2024-05-17,36-45,Gold
C11203,Delhi,2025-04-18,18-25,Silver
C11204,Chennai,2025-01-30,36-45,Silver
C11205,Mumbai,2025-06-20,26-35,Gold
C11206,Chennai,2025-12-16,26-35,Silver
C11207,Hyderabad,2024-11-18,26-35,Gold
C11208,Hyderabad,2025-04-11,46-60,Silver
C11209,Hyderabad,2025-04-22,26-35,Gold
C11210,Delhi,2025-04-06,36-45,Silver
C11211,Mumbai,2025-09-12,26-35,Silver
C11212,Chennai,2024-12-04,18-25,Silver
C11213,Delhi,2024-10-24,26-35,Silver
C11214,Mumbai,2025-07-23,36-45,Gold
C11215,Mumbai,2024-09-23,18-25,Gold
C11216,Delhi,2025-08-29,36-45,Gold
C11217,Chennai,2026-02-26,46-60,Silver
C11218,Hyderabad,2026-04-16,36-45,Platinum
C11219,Hyderabad,2025-08-06,18-25,Silver
C11220,Mumbai,2024-08-19,46-60,Silver
C11221,Delhi,2024-05-25,36-45,Silver
C11222,Hyderabad,2026-01-07,46-60,Silver
C11223,Delhi,2025-05-08,26-35,Silver
C11224,Hyderabad,2025-06-28,36-45,Silver
C11225,Delhi,2024-12-28,46-60,Silver
C11226,Hyderabad,2024-07-09,36-45,Silver
C11227,Delhi,2025-06-12,26-35,Gold
C11228,Hyderabad,2026-04-24,18-25,Silver
C11229,Bangalore,2025-08-18,18-25,Silver
C11230,Chennai,2025-08-22,46-60,Silver
C11231,Bangalore,2025-08-13,36-45,Silver
C11232,Hyderabad,2024-12-25,36-45,Gold
C11233,Bangalore,2025-08-30,36-45,Silver
C11234,Bangalore,2024-12-27,26-35,Silver
C11235,Chennai,2026-02-19,46-60,Silver
C11236,Chennai,2024-11-28,36-45,Silver
C11237,Hyderabad,2024-11-05,18-25,Gold
C11238,Hyderabad,2025-01-09,18-25,Silver
C11239,Chennai,2024-06-14,18-25,Silver
C11240,Bangalore,2024-09-30,26-35,Gold
C11241,Bangalore,2026-04-13,26-35,Gold
C11242,Mumbai,2024-11-12,46-60,Gold
C11243,Bangalore,2024-12-17,26-35,Gold
C11244,Delhi,2024-05-23,46-60,Silver
C11245,Chennai,2024-11-15,36-45,Silver
C11246,Bangalore,2024-09-04,36-45,Silver
C11247,Chennai,2026-03-10,46-60,Silver
C11248,Bangalore,2024-08-23,26-35,Gold
C11249,Delhi,2025-06-30,26-35,Silver
C11250,Mumbai,2024-07-02,18-25,Gold
C11251,Bangalore,2024-09-19,36-45,Platinum
C11252,Delhi,2025-01-08,36-45,Silver
C11253,Bangalore,2025-03-06,46-60,Gold
C11254,Hyderabad,2024-07-12,36-45,Gold
C11255,Bangalore,2024-12-04,36-45,Silver
C11256,Delhi,2026-02-04,46-60,Silver
C11257,Hyderabad,2024-07-18,36-45,Gold
C11258,Chennai,2026-01-26,26-35,Platinum
C11259,Delhi,2025-02-18,36-45,Platinum
C11260,Delhi,2024-11-02,18-25,Gold
C11261,Mumbai,2025-10-26,18-25,Silver
C11262,Bangalore,2024-10-24,18-25,Silver
C11263,Bangalore,2026-04-15,26-35,Silver
C11264,Mumbai,2024-08-12,26-35,Silver
C11265,Hyderabad,2024-11-22,36-45,Silver
C11266,Chennai,2025-08-10,36-45,Silver
C11267,Bangalore,2024-08-29,26-35,Gold
C11268,Mumbai,2026-01-06,46-60,Silver
C11269,Delhi,2024-12-17,36-45,Gold
C11270,Delhi,2025-12-29,26-35,Silver
C11271,Chennai,2025-09-23,18-25,Silver
C11272,Mumbai,2025-05-19,36-45,Silver
C11273,Delhi,2025-01-17,18-25,Silver
C11274,Delhi,2026-05-14,36-45,Silver
C11275,Bangalore,2025-04-02,26-35,Silver
C11276,Delhi,2024-11-20,36-45,Silver
C11277,Chennai,2024-05-23,36-45,Gold
C11278,Bangalore,2025-06-02,18-25,Silver
C11279,Mumbai,2024-12-26,26-35,Silver
C11280,Delhi,2024-08-15,46-60,Silver
C11281,Mumbai,2024-09-24,46-60,Silver
C11282,Mumbai,2024-07-25,26-35,Silver
C11283,Bangalore,2024-09-28,18-25,Gold
C11284,Hyderabad,2025-02-20,26-35,Silver
C11285,Bangalore,2024-10-10,46-60,Silver
C11286,Bangalore,2026-03-18,46-60,Platinum
C11287,Mumbai,2026-03-28,18-25,Gold
C11288,Mumbai,2024-12-27,46-60,Gold
C11289,Chennai,2026-02-10,18-25,Silver
C11290,Bangalore,2025-11-27,36-45,Silver
C11291,Mumbai,2025-06-22,26-35,Gold
C11292,Delhi,2025-04-25,36-45,Silver
C11293,Mumbai,2026-01-12,26-35,Silver
C11294,Bangalore,2024-10-24,26-35,Silver
C11295,Chennai,2025-03-05,26-35,Gold
C11296,Hyderabad,2025-07-21,46-60,Silver
C11297,Delhi,2024-09-05,26-35,Silver
C11298,Bangalore,2024-05-19,26-35,Silver
C11299,Hyderabad,2025-08-07,46-60,Silver
C11300,Chennai,2024-09-24,36-45,Silver
C11301,Chennai,2025-11-09,18-25,Silver
C11302,Mumbai,2025-10-26,46-60,Gold
C11303,Bangalore,2025-03-17,46-60,Gold
C11304,Delhi,2025-05-30,36-45,Gold
C11305,Mumbai,2025-07-07,18-25,Silver
C11306,Bangalore,2025-07-22,26-35,Silver
C11307,Chennai,2024-09-01,36-45,Silver
C11308,Mumbai,2024-09-24,26-35,Silver
C11309,Mumbai,2025-12-11,36-45,Silver
C11310,Bangalore,2026-03-11,26-35,Silver
C11311,Hyderabad,2026-05-12,46-60,Silver
C11312,Hyderabad,2025-04-16,36-45,Silver
C11313,Bangalore,2025-03-04,18-25,Silver
C11314,Chennai,2026-01-07,36-45,Silver
C11315,Delhi,2025-07-19,26-35,Gold
C11316,Bangalore,2025-01-13,46-60,Silver
C11317,Hyderabad,2025-03-29,36-45,Silver
C11318,Chennai,2024-09-29,26-35,Silver
C11319,Delhi,2025-11-21,26-35,Silver
C11320,Mumbai,2024-06-10,26-35,Gold
C11321,Bangalore,2025-12-24,46-60,Silver
C11322,Mumbai,2026-02-08,46-60,Silver
C11323,Delhi,2025-05-21,36-45,Gold
C11324,Hyderabad,2025-02-28,26-35,Silver
C11325,Chennai,2025-12-18,36-45,Gold
C11326,Chennai,2024-11-26,26-35,Platinum
C11327,Hyderabad,2025-03-16,26-35,Silver
C11328,Hyderabad,2024-08-03,46-60,Gold
C11329,Mumbai,2025-05-26,26-35,Gold
C11330,Delhi,2026-02-10,36-45,Gold
C11331,Delhi,2024-10-19,18-25,Silver
C11332,Chennai,2025-12-25,36-45,Silver
C11333,Chennai,2024-07-20,36-45,Silver
C11334,Delhi,2026-03-05,18-25,Gold
C11335,Delhi,2024-07-09,46-60,Gold
C11336,Hyderabad,2025-11-07,36-45,Silver
C11337,Delhi,2025-03-08,26-35,Gold
C11338,Chennai,2025-09-08,26-35,Gold
C11339,Chennai,2025-02-20,46-60,Silver
C11340,Delhi,2025-01-17,26-35,Gold
C11341,Bangalore,2025-06-26,26-35,Gold
C11342,Mumbai,2024-11-13,36-45,Gold
C11343,Chennai,2025-02-06,26-35,Silver
C11344,Delhi,2025-08-20,46-60,Silver
C11345,Mumbai,2025-07-16,26-35,Gold
C11346,Hyderabad,2024-07-19,18-25,Gold
C11347,Delhi,2024-09-30,46-60,Silver
C11348,Chennai,2025-08-17,46-60,Silver
C11349,Delhi,2025-04-07,46-60,Silver
C11350,Chennai,2026-05-13,18-25,Silver
C11351,Hyderabad,2026-03-22,18-25,Silver
C11352,Mumbai,2025-10-15,46-60,Silver
C11353,Mumbai,2024-05-21,36-45,Silver
C11354,Hyderabad,2025-02-27,26-35,Gold
C11355,Hyderabad,2025-04-24,36-45,Platinum
C11356,Mumbai,2026-02-16,36-45,Platinum
C11357,Delhi,2024-07-09,46-60,Silver
C11358,Chennai,2025-01-01,46-60,Gold
C11359,Delhi,2024-05-19,18-25,Silver
C11360,Mumbai,2025-06-29,26-35,Gold
C11361,Mumbai,2026-02-06,18-25,Silver
C11362,Chennai,2026-03-17,26-35,Silver
C11363,Hyderabad,2026-01-08,36-45,Silver
C11364,Chennai,2025-05-06,18-25,Silver
C11365,Delhi,2026-02-26,18-25,Silver
C11366,Delhi,2024-10-15,36-45,Silver
C11367,Bangalore,2024-05-30,46-60,Silver
C11368,Delhi,2025-08-07,36-45,Silver
C11369,Mumbai,2024-10-04,36-45,Silver
C11370,Delhi,2026-03-17,46-60,Silver
C11371,Hyderabad,2026-03-02,36-45,Silver
C11372,Delhi,2026-01-15,18-25,Silver
C11373,Bangalore,2024-05-20,46-60,Gold
C11374,Bangalore,2025-08-28,18-25,Gold
C11375,Delhi,2026-01-15,26-35,Silver
C11376,Chennai,2025-06-08,36-45,Silver
C11377,Delhi,2026-04-14,26-35,Gold
C11378,Chennai,2025-10-17,46-60,Silver
C11379,Hyderabad,2026-05-16,26-35,Gold
C11380,Mumbai,2025-04-15,46-60,Gold
C11381,Bangalore,2025-11-16,46-60,Platinum
C11382,Hyderabad,2026-05-16,18-25,Silver
C11383,Mumbai,2025-04-14,26-35,Platinum
C11384,Bangalore,2025-01-12,26-35,Silver
C11385,Bangalore,2025-02-18,18-25,Silver
C11386,Bangalore,2025-09-14,18-25,Silver
C11387,Chennai,2024-05-31,36-45,Platinum
C11388,Hyderabad,2026-01-03,18-25,Platinum
C11389,Delhi,2025-04-07,46-60,Silver
C11390,Chennai,2025-09-02,18-25,Silver
C11391,Chennai,2025-04-28,18-25,Silver
C11392,Bangalore,2025-06-21,18-25,Silver
C11393,Delhi,2025-05-17,18-25,Silver
C11394,Chennai,2025-03-25,46-60,Silver
C11395,Hyderabad,2025-07-21,26-35,Gold
C11396,Delhi,2025-09-01,46-60,Silver
C11397,Delhi,2024-08-31,46-60,Silver
C11398,Delhi,2026-03-03,36-45,Silver
C11399,Delhi,2025-10-11,18-25,Silver
C11400,Chennai,2026-01-16,36-45,Gold
C11401,Bangalore,2026-02-03,36-45,Silver
C11402,Hyderabad,2025-05-04,36-45,Silver
C11403,Chennai,2025-11-14,18-25,Gold
C11404,Mumbai,2026-04-05,18-25,Silver
C11405,Delhi,2025-07-29,36-45,Silver
C11406,Chennai,2025-11-08,26-35,Platinum
C11407,Hyderabad,2025-03-23,46-60,Gold
C11408,Bangalore,2024-08-03,46-60,Gold
C11409,Chennai,2024-06-27,18-25,Silver
C11410,Hyderabad,2026-01-18,18-25,Gold
C11411,Delhi,2024-11-12,26-35,Silver
C11412,Chennai,2025-12-09,46-60,Silver
C11413,Delhi,2025-10-16,26-35,Silver
C11414,Bangalore,2024-12-02,26-35,Silver
C11415,Bangalore,2026-04-19,46-60,Silver
C11416,Mumbai,2024-06-19,18-25,Silver
C11417,Bangalore,2025-05-26,26-35,Silver
C11418,Chennai,2025-10-19,26-35,Silver
C11419,Bangalore,2025-08-01,46-60,Silver
C11420,Mumbai,2025-07-13,36-45,Silver
C11421,Chennai,2025-11-18,26-35,Gold
C11422,Chennai,2025-04-12,46-60,Silver
C11423,Delhi,2025-05-11,46-60,Silver
C11424,Bangalore,2024-07-14,46-60,Silver
C11425,Delhi,2024-12-22,46-60,Silver
C11426,Hyderabad,2024-08-11,18-25,Silver
C11427,Chennai,2024-10-29,26-35,Silver
C11428,Hyderabad,2025-12-02,36-45,Silver
C11429,Chennai,2025-11-23,18-25,Silver
C11430,Bangalore,2025-02-27,26-35,Gold
C11431,Mumbai,2024-05-17,36-45,Silver
C11432,Mumbai,2025-12-07,26-35,Silver
C11433,Delhi,2024-08-22,46-60,Platinum
C11434,Delhi,2026-05-08,18-25,Silver
C11435,Mumbai,2025-10-15,36-45,Silver
C11436,Hyderabad,2025-06-29,26-35,Gold
C11437,Mumbai,2025-06-14,18-25,Silver
C11438,Hyderabad,2026-02-16,18-25,Silver
C11439,Chennai,2025-11-23,26-35,Silver
C11440,Mumbai,2024-12-28,26-35,Silver
C11441,Mumbai,2025-02-03,46-60,Silver
C11442,Bangalore,2026-01-15,18-25,Gold
C11443,Bangalore,2026-04-25,46-60,Silver
C11444,Mumbai,2025-11-23,26-35,Silver
C11445,Mumbai,2025-01-06,36-45,Silver
C11446,Chennai,2025-06-22,18-25,Silver
C11447,Mumbai,2025-06-09,36-45,Gold
C11448,Hyderabad,2025-10-19,36-45,Silver
C11449,Bangalore,2025-09-30,26-35,Silver
C11450,Hyderabad,2024-10-06,18-25,Silver
C11451,Mumbai,2025-05-27,36-45,Gold
C11452,Hyderabad,2025-01-03,18-25,Silver
C11453,Delhi,2024-11-07,36-45,Gold
C11454,Mumbai,2025-03-13,18-25,Gold
C11455,Chennai,2025-07-02,36-45,Silver
C11456,Delhi,2025-11-19,26-35,Silver
C11457,Mumbai,2026-03-03,26-35,Platinum
C11458,Delhi,2024-07-03,26-35,Platinum
C11459,Hyderabad,2026-04-22,46-60,Platinum
C11460,Hyderabad,2024-05-23,26-35,Silver
C11461,Bangalore,2024-10-22,46-60,Silver
C11462,Hyderabad,2025-07-03,26-35,Gold
C11463,Chennai,2025-01-02,18-25,Gold
C11464,Mumbai,2025-12-25,36-45,Silver
C11465,Delhi,2024-07-01,46-60,Silver
C11466,Mumbai,2026-04-27,36-45,Silver
C11467,Chennai,2024-08-04,36-45,Silver
C11468,Mumbai,2025-03-24,36-45,Gold
C11469,Hyderabad,2025-01-14,36-45,Gold
C11470,Mumbai,2026-03-19,36-45,Gold
C11471,Delhi,2026-04-10,18-25,Silver
C11472,Hyderabad,2025-09-03,36-45,Gold
C11473,Delhi,2025-02-14,36-45,Gold
C11474,Bangalore,2025-01-22,36-45,Gold
C11475,Bangalore,2025-05-27,36-45,Gold
C11476,Delhi,2024-11-23,18-25,Gold
C11477,Mumbai,2025-05-20,18-25,Silver
C11478,Bangalore,2026-02-23,36-45,Silver
C11479,Chennai,2025-08-23,18-25,Platinum
C11480,Chennai,2025-01-25,18-25,Gold
C11481,Delhi,2025-10-08,46-60,Silver
C11482,Bangalore,2024-11-02,36-45,Silver
C11483,Bangalore,2024-09-14,18-25,Silver
C11484,Mumbai,2025-09-15,46-60,Silver
C11485,Mumbai,2025-08-23,18-25,Gold
C11486,Delhi,2025-06-15,46-60,Silver
C11487,Chennai,2025-03-22,36-45,Silver
C11488,Bangalore,2025-01-14,26-35,Gold
C11489,Mumbai,2026-04-04,36-45,Silver
C11490,Bangalore,2026-03-18,18-25,Platinum
C11491,Chennai,2026-04-14,18-25,Gold
C11492,Delhi,2025-04-01,18-25,Gold
C11493,Bangalore,2025-11-06,36-45,Platinum
C11494,Mumbai,2025-01-16,18-25,Silver
C11495,Hyderabad,2024-11-24,36-45,Silver
C11496,Mumbai,2025-12-19,26-35,Silver
C11497,Hyderabad,2025-06-03,36-45,Silver
C11498,Mumbai,2025-01-17,36-45,Silver
C11499,Hyderabad,2024-05-31,36-45,Gold
C11500,Hyderabad,2024-11-05,18-25,Silver
C11501,Mumbai,2024-12-10,46-60,Silver
C11502,Delhi,2025-01-14,36-45,Gold
C11503,Hyderabad,2024-10-07,36-45,Silver
C11504,Bangalore,2024-09-22,36-45,Silver
C11505,Delhi,2025-09-23,18-25,Platinum
C11506,Chennai,2025-04-13,36-45,Silver
C11507,Chennai,2024-06-16,46-60,Gold
C11508,Mumbai,2025-01-18,26-35,Silver
C11509,Delhi,2025-07-27,46-60,Silver
C11510,Hyderabad,2024-08-10,46-60,Silver
C11511,Bangalore,2025-06-14,36-45,Gold
C11512,Chennai,2025-07-30,46-60,Platinum
C11513,Hyderabad,2026-04-27,26-35,Silver
C11514,Bangalore,2025-08-26,36-45,Gold
C11515,Bangalore,2024-06-15,46-60,Gold
C11516,Hyderabad,2026-04-12,26-35,Platinum
C11517,Delhi,2025-06-01,18-25,Platinum
C11518,Chennai,2024-06-14,36-45,Silver
C11519,Delhi,2025-10-01,46-60,Gold
C11520,Delhi,2025-03-13,18-25,Silver
C11521,Chennai,2025-02-02,36-45,Platinum
C11522,Chennai,2026-03-18,46-60,Gold
C11523,Delhi,2025-01-21,18-25,Gold
C11524,Delhi,2025-05-05,46-60,Gold
C11525,Delhi,2025-03-28,26-35,Gold
C11526,Mumbai,2026-02-27,18-25,Silver
C11527,Hyderabad,2025-03-08,26-35,Silver
C11528,Mumbai,2026-04-20,46-60,Silver
C11529,Chennai,2026-05-03,36-45,Gold
C11530,Chennai,2025-09-17,46-60,Silver
C11531,Bangalore,2025-08-22,26-35,Gold
C11532,Bangalore,2025-01-21,18-25,Gold
C11533,Chennai,2025-02-10,46-60,Silver
C11534,Chennai,2025-08-29,18-25,Silver
C11535,Chennai,2025-11-27,18-25,Silver
C11536,Mumbai,2024-08-30,46-60,Silver
C11537,Delhi,2026-04-11,46-60,Platinum
C11538,Hyderabad,2025-01-08,26-35,Gold
C11539,Hyderabad,2025-07-11,36-45,Silver
C11540,Bangalore,2025-05-03,18-25,Gold
C11541,Chennai,2025-10-12,36-45,Silver
C11542,Hyderabad,2025-04-14,26-35,Silver
C11543,Chennai,2025-09-16,36-45,Platinum
C11544,Bangalore,2024-12-29,18-25,Silver
C11545,Mumbai,2025-09-01,46-60,Silver
C11546,Bangalore,2025-02-06,36-45,Silver
C11547,Mumbai,2025-07-19,46-60,Silver
C11548,Hyderabad,2025-07-14,36-45,Silver
C11549,Bangalore,2025-12-08,18-25,Silver
C11550,Chennai,2025-10-20,26-35,Silver
C11551,Bangalore,2024-09-09,36-45,Silver
C11552,Delhi,2024-11-07,46-60,Silver
C11553,Hyderabad,2025-11-22,26-35,Platinum
C11554,Mumbai,2025-11-11,18-25,Silver
C11555,Delhi,2024-12-24,18-25,Gold
C11556,Chennai,2025-07-13,18-25,Gold
C11557,Mumbai,2024-07-23,36-45,Gold
C11558,Chennai,2025-05-08,36-45,Silver
C11559,Mumbai,2024-08-02,36-45,Silver
C11560,Delhi,2025-12-08,46-60,Gold
C11561,Bangalore,2024-09-24,18-25,Silver
C11562,Mumbai,2025-12-21,26-35,Silver
C11563,Mumbai,2025-12-13,18-25,Platinum
C11564,Mumbai,2025-01-06,26-35,Gold
C11565,Bangalore,2026-01-30,26-35,Gold
C11566,Mumbai,2026-02-10,36-45,Gold
C11567,Chennai,2024-11-27,46-60,Gold
C11568,Mumbai,2024-12-23,18-25,Silver
C11569,Bangalore,2025-12-16,26-35,Silver
C11570,Chennai,2025-10-27,26-35,Gold
C11571,Mumbai,2024-10-09,18-25,Gold
C11572,Hyderabad,2025-09-17,26-35,Gold
C11573,Chennai,2025-06-09,26-35,Silver
C11574,Chennai,2024-06-28,46-60,Silver
C11575,Mumbai,2025-04-06,46-60,Silver
C11576,Chennai,2025-05-31,36-45,Gold
C11577,Mumbai,2024-11-14,36-45,Gold
C11578,Chennai,2024-09-16,36-45,Gold
C11579,Mumbai,2026-02-26,26-35,Gold
C11580,Delhi,2025-04-25,46-60,Gold
C11581,Delhi,2025-10-13,36-45,Gold
C11582,Mumbai,2026-01-31,46-60,Gold
C11583,Bangalore,2026-05-04,46-60,Silver
C11584,Mumbai,2026-01-18,18-25,Gold
C11585,Chennai,2025-09-06,36-45,Silver
C11586,Mumbai,2024-07-09,18-25,Gold
C11587,Chennai,2024-06-10,46-60,Silver
C11588,Chennai,2025-11-11,36-45,Platinum
C11589,Mumbai,2026-02-01,26-35,Silver
C11590,Hyderabad,2025-04-25,36-45,Gold
C11591,Chennai,2025-09-04,46-60,Silver
C11592,Hyderabad,2024-08-04,18-25,Silver
C11593,Delhi,2024-07-19,18-25,Silver
C11594,Mumbai,2024-08-17,18-25,Gold
C11595,Chennai,2025-05-09,18-25,Gold
C11596,Delhi,2024-09-21,18-25,Silver
C11597,Hyderabad,2025-06-27,36-45,Silver
C11598,Chennai,2026-04-05,26-35,Silver
C11599,Chennai,2024-12-17,26-35,Silver
C11600,Bangalore,2024-10-17,26-35,Silver
C11601,Delhi,2024-10-05,18-25,Silver
C11602,Mumbai,2025-04-03,18-25,Gold
C11603,Bangalore,2025-11-16,46-60,Gold
C11604,Hyderabad,2025-06-09,46-60,Silver
C11605,Delhi,2025-01-24,46-60,Gold
C11606,Delhi,2025-03-06,26-35,Gold
C11607,Chennai,2025-03-09,26-35,Gold
C11608,Bangalore,2025-05-15,26-35,Silver
C11609,Mumbai,2024-12-23,46-60,Gold
C11610,Chennai,2025-12-15,36-45,Platinum
C11611,Bangalore,2026-01-01,18-25,Platinum
C11612,Mumbai,2025-03-19,26-35,Platinum
C11613,Hyderabad,2026-03-17,26-35,Silver
C11614,Delhi,2025-11-29,46-60,Silver
C11615,Mumbai,2025-03-09,36-45,Gold
C11616,Chennai,2024-05-25,46-60,Silver
C11617,Chennai,2024-05-27,18-25,Silver
C11618,Chennai,2025-07-05,36-45,Platinum
C11619,Hyderabad,2025-12-22,18-25,Gold
C11620,Chennai,2024-07-07,26-35,Silver
C11621,Chennai,2024-07-06,26-35,Silver
C11622,Chennai,2026-03-29,26-35,Gold
C11623,Delhi,2025-04-29,46-60,Silver
C11624,Chennai,2026-05-14,26-35,Silver
C11625,Mumbai,2025-10-21,26-35,Silver
C11626,Mumbai,2025-09-06,36-45,Gold
C11627,Hyderabad,2025-05-05,26-35,Silver
C11628,Bangalore,2025-04-25,46-60,Silver
C11629,Chennai,2025-07-28,26-35,Silver
C11630,Hyderabad,2024-11-21,26-35,Silver
C11631,Bangalore,2025-06-23,36-45,Gold
C11632,Bangalore,2026-03-01,36-45,Gold
C11633,Delhi,2026-01-16,36-45,Silver
C11634,Mumbai,2024-06-22,26-35,Silver
C11635,Mumbai,2025-10-08,46-60,Silver
C11636,Bangalore,2026-02-11,46-60,Gold
C11637,Bangalore,2024-07-20,18-25,Silver
C11638,Chennai,2026-02-01,36-45,Platinum
C11639,Hyderabad,2025-10-28,36-45,Silver
C11640,Chennai,2025-11-19,18-25,Gold
C11641,Mumbai,2026-01-17,46-60,Silver
C11642,Delhi,2025-02-03,36-45,Silver
C11643,Bangalore,2024-06-12,36-45,Silver
C11644,Delhi,2025-10-31,18-25,Gold
C11645,Delhi,2024-06-21,26-35,Silver
C11646,Delhi,2024-11-29,26-35,Silver
C11647,Mumbai,2026-03-21,36-45,Silver
C11648,Mumbai,2025-06-14,26-35,Silver
C11649,Mumbai,2024-11-10,36-45,Gold
C11650,Bangalore,2024-06-15,18-25,Silver
C11651,Chennai,2025-07-17,46-60,Platinum
C11652,Chennai,2026-04-06,18-25,Gold
C11653,Hyderabad,2025-12-25,26-35,Silver
C11654,Chennai,2024-10-22,18-25,Platinum
C11655,Delhi,2026-02-26,18-25,Silver
C11656,Bangalore,2024-10-13,36-45,Platinum
C11657,Chennai,2025-10-15,46-60,Silver
C11658,Chennai,2025-06-21,46-60,Silver
C11659,Bangalore,2025-07-31,18-25,Platinum
C11660,Mumbai,2026-04-22,36-45,Silver
C11661,Bangalore,2025-12-10,46-60,Silver
C11662,Bangalore,2025-10-11,18-25,Silver
C11663,Delhi,2025-03-01,36-45,Gold
C11664,Chennai,2026-05-06,36-45,Silver
C11665,Hyderabad,2024-11-07,36-45,Gold
C11666,Chennai,2025-01-23,46-60,Silver
C11667,Mumbai,2026-01-17,36-45,Gold
C11668,Chennai,2024-07-01,18-25,Silver
C11669,Hyderabad,2024-07-20,26-35,Gold
C11670,Mumbai,2025-03-27,26-35,Silver
C11671,Hyderabad,2026-02-16,18-25,Silver
C11672,Mumbai,2024-07-20,18-25,Silver
C11673,Mumbai,2024-12-28,36-45,Silver
C11674,Bangalore,2026-01-19,46-60,Silver
C11675,Bangalore,2024-09-11,46-60,Silver
C11676,Delhi,2025-09-16,46-60,Gold
C11677,Delhi,2024-05-25,26-35,Silver
C11678,Delhi,2025-05-04,26-35,Silver
C11679,Delhi,2025-03-19,36-45,Gold
C11680,Bangalore,2026-02-20,46-60,Silver
C11681,Bangalore,2026-01-06,46-60,Silver
C11682,Mumbai,2024-11-16,46-60,Silver
C11683,Hyderabad,2024-10-28,26-35,Silver
C11684,Chennai,2025-04-10,46-60,Silver
C11685,Delhi,2025-03-07,18-25,Silver
C11686,Mumbai,2024-09-16,18-25,Platinum
C11687,Chennai,2025-06-24,36-45,Silver
C11688,Bangalore,2024-07-03,26-35,Silver
C11689,Chennai,2025-04-27,18-25,Gold
C11690,Bangalore,2024-06-20,46-60,Gold
C11691,Chennai,2024-11-19,36-45,Silver
C11692,Chennai,2024-09-30,26-35,Gold
C11693,Chennai,2025-05-31,46-60,Platinum
C11694,Delhi,2025-06-28,26-35,Gold
C11695,Mumbai,2025-12-04,36-45,Silver
C11696,Chennai,2025-03-16,18-25,Silver
C11697,Delhi,2024-11-06,46-60,Gold
C11698,Delhi,2025-06-05,18-25,Silver
C11699,Bangalore,2025-08-05,46-60,Silver
C11700,Chennai,2024-12-21,36-45,Gold
C11701,Bangalore,2024-06-10,26-35,Platinum
C11702,Mumbai,2024-05-17,36-45,Gold
C11703,Mumbai,2025-01-22,36-45,Platinum
C11704,Mumbai,2024-11-14,18-25,Gold
C11705,Chennai,2025-06-04,26-35,Platinum
C11706,Hyderabad,2025-02-02,36-45,Silver
C11707,Delhi,2024-08-26,26-35,Silver
C11708,Hyderabad,2025-01-31,46-60,Silver
C11709,Bangalore,2024-09-03,18-25,Gold
C11710,Chennai,2026-04-11,46-60,Gold
C11711,Hyderabad,2024-10-22,36-45,Silver
C11712,Bangalore,2025-12-10,26-35,Platinum
C11713,Mumbai,2025-03-21,18-25,Gold
C11714,Chennai,2026-02-14,46-60,Silver
C11715,Hyderabad,2025-05-28,36-45,Gold
C11716,Delhi,2024-08-18,36-45,Gold
C11717,Bangalore,2025-07-08,26-35,Platinum
C11718,Hyderabad,2026-04-28,18-25,Gold
C11719,Hyderabad,2025-04-26,26-35,Silver
C11720,Delhi,2024-11-23,18-25,Silver
C11721,Mumbai,2025-05-02,18-25,Platinum
C11722,Bangalore,2026-01-20,26-35,Silver
C11723,Delhi,2025-04-05,46-60,Silver
C11724,Chennai,2025-08-08,46-60,Gold
C11725,Chennai,2025-12-31,26-35,Silver
C11726,Hyderabad,2024-12-18,26-35,Gold
C11727,Bangalore,2024-09-07,46-60,Silver
C11728,Delhi,2024-08-27,46-60,Gold
C11729,Chennai,2025-06-11,18-25,Silver
C11730,Mumbai,2026-03-08,26-35,Gold
C11731,Bangalore,2024-11-29,26-35,Silver
C11732,Mumbai,2026-03-03,18-25,Gold
C11733,Bangalore,2024-10-29,26-35,Gold
C11734,Mumbai,2024-10-06,18-25,Silver
C11735,Delhi,2025-02-13,26-35,Platinum
C11736,Bangalore,2024-06-27,26-35,Silver
C11737,Bangalore,2024-10-01,18-25,Silver
C11738,Chennai,2025-04-04,18-25,Silver
C11739,Delhi,2024-05-16,26-35,Silver
C11740,Chennai,2025-02-16,36-45,Silver
C11741,Chennai,2024-12-24,36-45,Silver
C11742,Mumbai,2025-06-19,36-45,Gold
C11743,Mumbai,2025-12-25,46-60,Gold
C11744,Mumbai,2024-12-02,36-45,Platinum
C11745,Hyderabad,2024-07-10,26-35,Gold
C11746,Hyderabad,2025-08-21,18-25,Silver
C11747,Hyderabad,2024-09-15,36-45,Silver
C11748,Chennai,2025-04-01,46-60,Silver
C11749,Bangalore,2025-10-17,36-45,Silver
C11750,Delhi,2024-07-22,46-60,Gold
C11751,Chennai,2025-10-04,26-35,Gold
C11752,Chennai,2024-11-14,26-35,Silver
C11753,Hyderabad,2024-10-29,18-25,Silver
C11754,Mumbai,2025-10-25,46-60,Gold
C11755,Chennai,2025-12-05,18-25,Gold
C11756,Mumbai,2025-01-10,46-60,Silver
C11757,Hyderabad,2026-03-07,26-35,Silver
C11758,Hyderabad,2024-09-03,18-25,Silver
C11759,Chennai,2025-03-07,46-60,Silver
C11760,Delhi,2026-02-07,46-60,Silver
C11761,Bangalore,2025-11-10,36-45,Gold
C11762,Mumbai,2025-07-03,26-35,Gold
C11763,Mumbai,2024-08-19,46-60,Silver
C11764,Hyderabad,2026-04-17,36-45,Silver
C11765,Chennai,2025-02-16,26-35,Silver
C11766,Hyderabad,2025-11-03,26-35,Gold
C11767,Delhi,2025-07-09,26-35,Silver
C11768,Mumbai,2025-06-29,46-60,Gold
C11769,Bangalore,2026-01-30,36-45,Silver
C11770,Mumbai,2025-12-10,46-60,Silver
C11771,Delhi,2025-07-31,26-35,Silver
C11772,Delhi,2024-05-26,18-25,Gold
C11773,Delhi,2024-12-27,46-60,Silver
C11774,Mumbai,2025-10-22,18-25,Silver
C11775,Mumbai,2025-04-05,18-25,Platinum
C11776,Bangalore,2024-07-12,18-25,Silver
C11777,Chennai,2025-07-03,26-35,Gold
C11778,Delhi,2025-06-26,36-45,Silver
C11779,Hyderabad,2026-04-13,18-25,Silver
C11780,Delhi,2024-09-22,18-25,Silver
C11781,Chennai,2024-09-19,26-35,Silver
C11782,Mumbai,2025-09-17,18-25,Silver
C11783,Bangalore,2025-12-12,18-25,Gold
C11784,Mumbai,2024-08-11,18-25,Gold
C11785,Bangalore,2024-09-19,36-45,Silver
C11786,Hyderabad,2025-02-02,36-45,Silver
C11787,Mumbai,2025-09-25,46-60,Gold
C11788,Mumbai,2024-12-21,26-35,Silver
C11789,Mumbai,2025-07-12,26-35,Gold
C11790,Delhi,2025-06-24,18-25,Silver
C11791,Chennai,2026-02-15,36-45,Silver
C11792,Bangalore,2025-05-27,18-25,Silver
C11793,Bangalore,2025-07-11,26-35,Silver
C11794,Mumbai,2024-06-25,36-45,Gold
C11795,Hyderabad,2024-12-21,26-35,Platinum
C11796,Bangalore,2024-08-12,36-45,Platinum
C11797,Delhi,2025-06-12,36-45,Gold
C11798,Bangalore,2026-05-15,26-35,Gold
C11799,Mumbai,2025-10-20,18-25,Silver
C11800,Mumbai,2024-09-08,26-35,Silver
C11801,Chennai,2025-11-18,36-45,Gold
C11802,Chennai,2025-11-03,26-35,Silver
C11803,Chennai,2025-10-28,18-25,Gold
C11804,Hyderabad,2024-05-30,26-35,Silver
C11805,Hyderabad,2024-11-28,46-60,Silver
C11806,Bangalore,2024-10-28,46-60,Gold
C11807,Hyderabad,2024-08-05,18-25,Silver
C11808,Chennai,2025-07-17,36-45,Silver
C11809,Delhi,2026-04-17,46-60,Gold
C11810,Bangalore,2024-07-06,26-35,Gold
C11811,Hyderabad,2024-08-20,46-60,Platinum
C11812,Delhi,2025-02-21,26-35,Gold
C11813,Bangalore,2025-10-11,26-35,Gold
C11814,Delhi,2026-02-20,46-60,Silver
C11815,Mumbai,2024-12-07,36-45,Silver
C11816,Mumbai,2026-04-26,46-60,Silver
C11817,Mumbai,2026-01-29,18-25,Gold
C11818,Delhi,2025-10-28,36-45,Gold
C11819,Delhi,2025-06-04,18-25,Silver
C11820,Chennai,2026-02-22,26-35,Silver
C11821,Delhi,2024-10-21,18-25,Silver
C11822,Bangalore,2025-11-19,18-25,Silver
C11823,Hyderabad,2024-07-03,46-60,Gold
C11824,Mumbai,2026-04-24,36-45,Silver
C11825,Mumbai,2025-11-05,26-35,Platinum
C11826,Chennai,2026-01-29,26-35,Platinum
C11827,Hyderabad,2024-10-15,46-60,Gold
C11828,Chennai,2025-08-05,26-35,Gold
C11829,Bangalore,2024-10-17,18-25,Gold
C11830,Delhi,2025-07-04,46-60,Silver
C11831,Mumbai,2024-08-01,46-60,Gold
C11832,Hyderabad,2025-11-18,26-35,Silver
C11833,Bangalore,2024-11-02,36-45,Gold
C11834,Bangalore,2025-02-08,46-60,Gold
C11835,Bangalore,2025-05-31,46-60,Silver
C11836,Bangalore,2025-05-02,18-25,Silver
C11837,Mumbai,2025-05-18,46-60,Platinum
C11838,Chennai,2024-07-07,36-45,Silver
C11839,Hyderabad,2025-02-03,18-25,Silver
C11840,Bangalore,2025-05-27,26-35,Gold
C11841,Bangalore,2024-05-21,36-45,Silver
C11842,Bangalore,2025-04-30,36-45,Gold
C11843,Chennai,2025-05-26,26-35,Silver
C11844,Chennai,2026-04-10,26-35,Silver
C11845,Hyderabad,2024-11-16,36-45,Silver
C11846,Mumbai,2025-07-05,46-60,Gold
C11847,Hyderabad,2025-04-13,36-45,Gold
C11848,Bangalore,2025-10-26,18-25,Gold
C11849,Mumbai,2024-05-22,46-60,Silver
C11850,Chennai,2024-08-18,18-25,Silver
C11851,Delhi,2024-11-22,26-35,Gold
C11852,Chennai,2025-09-14,36-45,Silver
C11853,Chennai,2026-03-10,46-60,Silver
C11854,Hyderabad,2025-11-03,46-60,Silver
C11855,Delhi,2024-10-24,26-35,Platinum
C11856,Mumbai,2024-08-03,18-25,Silver
C11857,Bangalore,2024-11-19,18-25,Platinum
C11858,Chennai,2024-11-15,18-25,Gold
C11859,Mumbai,2025-02-15,18-25,Silver
C11860,Bangalore,2025-01-21,46-60,Silver
C11861,Hyderabad,2024-08-06,46-60,Silver
C11862,Delhi,2025-11-02,26-35,Silver
C11863,Delhi,2024-08-01,36-45,Silver
C11864,Chennai,2025-10-29,18-25,Platinum
C11865,Chennai,2024-09-30,18-25,Silver
C11866,Delhi,2024-12-08,26-35,Gold
C11867,Mumbai,2024-09-25,46-60,Gold
C11868,Hyderabad,2026-03-31,18-25,Silver
C11869,Mumbai,2025-04-07,26-35,Silver
C11870,Delhi,2025-09-18,26-35,Gold
C11871,Delhi,2024-05-19,46-60,Gold
C11872,Mumbai,2024-10-02,36-45,Gold
C11873,Chennai,2025-09-04,26-35,Silver
C11874,Hyderabad,2025-07-27,46-60,Silver
C11875,Chennai,2026-05-15,36-45,Silver
C11876,Chennai,2026-03-25,46-60,Silver
C11877,Hyderabad,2026-02-12,18-25,Silver
C11878,Mumbai,2024-08-07,36-45,Silver
C11879,Hyderabad,2026-01-11,18-25,Platinum
C11880,Chennai,2025-05-30,46-60,Silver
C11881,Mumbai,2025-09-17,18-25,Gold
C11882,Hyderabad,2025-08-09,46-60,Gold
C11883,Bangalore,2025-12-15,36-45,Gold
C11884,Chennai,2024-08-31,26-35,Silver
C11885,Bangalore,2024-08-21,26-35,Silver
C11886,Delhi,2024-08-12,46-60,Silver
C11887,Delhi,2026-05-16,18-25,Silver
C11888,Chennai,2026-01-21,36-45,Silver
C11889,Bangalore,2025-11-22,46-60,Silver
C11890,Mumbai,2026-01-07,36-45,Silver
C11891,Bangalore,2024-06-29,18-25,Gold
C11892,Bangalore,2025-09-10,36-45,Silver
C11893,Hyderabad,2025-06-13,18-25,Silver
C11894,Bangalore,2025-04-15,18-25,Silver
C11895,Bangalore,2026-04-30,18-25,Gold
C11896,Hyderabad,2024-08-05,36-45,Silver
C11897,Mumbai,2026-02-24,46-60,Silver
C11898,Hyderabad,2025-07-13,26-35,Silver
C11899,Bangalore,2026-04-04,18-25,Silver
C11900,Mumbai,2024-08-13,36-45,Gold
C11901,Delhi,2025-06-12,18-25,Silver
C11902,Chennai,2024-06-17,46-60,Silver
C11903,Chennai,2026-02-06,46-60,Gold
C11904,Bangalore,2026-03-19,18-25,Silver
C11905,Mumbai,2024-10-25,26-35,Silver
C11906,Bangalore,2025-11-04,46-60,Silver
C11907,Hyderabad,2024-10-12,46-60,Silver
C11908,Bangalore,2025-09-15,18-25,Gold
C11909,Bangalore,2025-10-20,36-45,Silver
C11910,Chennai,2025-08-26,18-25,Platinum
C11911,Delhi,2024-08-22,46-60,Platinum
C11912,Delhi,2026-03-11,36-45,Silver
C11913,Delhi,2026-01-21,46-60,Gold
C11914,Bangalore,2024-06-24,36-45,Gold
C11915,Chennai,2024-05-31,18-25,Silver
C11916,Mumbai,2025-12-29,18-25,Silver
C11917,Mumbai,2025-10-07,26-35,Silver
C11918,Mumbai,2025-11-22,46-60,Silver
C11919,Bangalore,2026-03-13,18-25,Silver
C11920,Mumbai,2026-01-18,26-35,Silver
C11921,Mumbai,2025-06-08,46-60,Silver
C11922,Chennai,2024-10-01,18-25,Silver
C11923,Chennai,2026-04-25,46-60,Silver
C11924,Chennai,2026-01-28,46-60,Silver
C11925,Hyderabad,2024-10-02,36-45,Silver
C11926,Mumbai,2024-08-18,26-35,Silver
C11927,Hyderabad,2025-10-09,18-25,Silver
C11928,Hyderabad,2025-11-08,36-45,Silver
C11929,Hyderabad,2024-10-25,18-25,Gold
C11930,Bangalore,2026-03-20,46-60,Silver
C11931,Hyderabad,2025-10-15,18-25,Silver
C11932,Mumbai,2026-03-22,36-45,Silver
C11933,Bangalore,2026-01-14,36-45,Platinum
C11934,Mumbai,2025-06-22,18-25,Silver
C11935,Mumbai,2025-06-23,36-45,Silver
C11936,Delhi,2025-05-16,36-45,Silver
C11937,Chennai,2025-12-28,46-60,Silver
C11938,Chennai,2026-03-21,36-45,Silver
C11939,Hyderabad,2026-02-01,46-60,Silver
C11940,Hyderabad,2025-11-04,18-25,Silver
C11941,Bangalore,2024-07-22,46-60,Silver
C11942,Bangalore,2025-07-01,26-35,Platinum
C11943,Delhi,2024-08-10,26-35,Silver
C11944,Chennai,2026-01-04,36-45,Silver
C11945,Bangalore,2024-08-25,26-35,Silver
C11946,Hyderabad,2025-04-28,46-60,Gold
C11947,Chennai,2024-12-17,26-35,Silver
C11948,Delhi,2024-10-29,46-60,Gold
C11949,Chennai,2026-01-20,46-60,Silver
C11950,Mumbai,2025-06-03,18-25,Silver
C11951,Delhi,2025-12-20,36-45,Gold
C11952,Delhi,2025-02-20,26-35,Silver
C11953,Chennai,2025-05-06,18-25,Silver
C11954,Bangalore,2024-10-24,18-25,Silver
C11955,Chennai,2025-07-05,18-25,Gold
C11956,Chennai,2024-06-10,26-35,Gold
C11957,Chennai,2024-08-11,46-60,Silver
C11958,Chennai,2025-02-26,36-45,Silver
C11959,Bangalore,2024-08-19,36-45,Gold
C11960,Chennai,2026-01-28,26-35,Gold
C11961,Bangalore,2025-08-20,36-45,Silver
C11962,Delhi,2025-04-06,18-25,Silver
C11963,Delhi,2025-05-08,18-25,Silver
C11964,Bangalore,2024-07-05,26-35,Silver
C11965,Hyderabad,2025-08-31,36-45,Silver
C11966,Bangalore,2025-06-07,18-25,Platinum
C11967,Bangalore,2026-02-22,18-25,Silver
C11968,Mumbai,2024-10-08,18-25,Gold
C11969,Hyderabad,2024-07-06,18-25,Silver
C11970,Mumbai,2025-05-23,26-35,Silver
C11971,Delhi,2026-02-26,18-25,Platinum
C11972,Chennai,2025-05-18,18-25,Silver
C11973,Delhi,2024-07-14,36-45,Gold
C11974,Chennai,2025-07-12,18-25,Silver
C11975,Mumbai,2024-12-07,46-60,Gold
C11976,Delhi,2024-08-19,46-60,Silver
C11977,Chennai,2026-04-06,46-60,Gold
C11978,Chennai,2025-04-09,26-35,Silver
C11979,Bangalore,2025-04-23,46-60,Gold
C11980,Delhi,2026-01-24,18-25,Gold
C11981,Delhi,2024-11-30,36-45,Silver
C11982,Chennai,2024-11-12,46-60,Silver
C11983,Bangalore,2025-07-05,46-60,Gold
C11984,Bangalore,2025-12-26,36-45,Platinum
C11985,Chennai,2026-01-17,46-60,Platinum
C11986,Mumbai,2025-02-22,26-35,Platinum
C11987,Hyderabad,2025-03-31,46-60,Silver
C11988,Bangalore,2024-11-27,36-45,Gold
C11989,Hyderabad,2025-10-31,18-25,Silver
C11990,Bangalore,2026-01-22,26-35,Silver
C11991,Mumbai,2026-05-09,18-25,Gold
C11992,Delhi,2025-02-05,46-60,Gold
C11993,Delhi,2024-12-20,36-45,Gold
C11994,Hyderabad,2024-09-22,36-45,Gold
C11995,Delhi,2025-06-26,36-45,Gold
C11996,Bangalore,2024-10-22,26-35,Gold
C11997,Bangalore,2025-03-13,36-45,Silver
C11998,Hyderabad,2025-03-11,18-25,Silver
C11999,Bangalore,2026-05-07,26-35,Silver
C12000,Bangalore,2025-07-20,36-45,Gold
